-8.	0.6410186555219894	0.6406435313905416	1.4408845002873722	1.4406434415631602
-7.99	0.6410288814813945	0.6406499933557502	1.4408933782853377	1.4406499017157859
-7.98	0.6410392102081566	0.640656520139313	1.4409023454232432	1.440656426650215
-7.97	0.6410496423621908	0.6406631124098521	1.4409114023627363	1.4406630170343273
-7.96	0.6410601790109374	0.6406697708151834	1.44092055001986	1.44066967351519
-7.95	0.6410708212910095	0.6406764960145431	1.4409297893591542	1.4406763967512735
-7.94	0.641081570212009	0.6406832886862184	1.4409391212703255	1.4406831874200803
-7.93	0.6410924270963818	0.6406901494906959	1.4409485468377052	1.440690046181304
-7.92	0.6411033931166625	0.6406970791252554	1.44095806706241	1.4406969737314057
-7.91	0.6411144684732348	0.6407040782724137	1.4409676823156354	1.4407039707520746
-7.9	0.6411256551479299	0.640711147635044	1.4409773941204258	1.440711037945335
-7.89	0.6411369540367908	0.6407182878923141	1.4409872032936932	1.4407181759894983
-7.88	0.6411483659522235	0.640725499786278	1.4409971106210386	1.4407253856257272
-7.87	0.6411598924215696	0.6407327840145004	1.4410071173314967	1.4407326675506935
-7.86	0.6411715346377225	0.6407401413127922	1.4410172244528394	1.4407400224992875
-7.85	0.6411832932427917	0.6407475723946053	1.4410274326509476	1.4407474511840317
-7.84	0.6411951699013911	0.6407550780142093	1.4410377432631978	1.4407549543582356
-7.83	0.6412071654022333	0.6407626589184179	1.44104815706151	1.4407625327677402
-7.82	0.6412192815051152	0.6407703158532205	1.4410586754413843	1.440770187157544
-7.81	0.6412315185754429	0.6407780495774248	1.4410692989069889	1.440777918285442
-7.8	0.6412438785871681	0.6407858608671029	1.4410800290020824	1.4407857269264712
-7.79	0.6412563625241783	0.6407937504941531	1.441090866632798	1.4407936138514772
-7.78	0.6412689712533359	0.6408017192525064	1.441101812637916	1.4408015798533114
-7.77	0.6412817068817083	0.6408097679185984	1.4411128686467243	1.4408096257073182
-7.76	0.6412945694869512	0.6408178972945434	1.4411240349938137	1.4408177522144925
-7.75	0.6413075614315598	0.6408261081959322	1.441135313486471	1.44082596018928
-7.74	0.6413206835081597	0.6408344014425981	1.4411467049248774	1.4408342504503486
-7.73	0.6413339370678537	0.6408427778435707	1.4411582104641134	1.4408426238055456
-7.72	0.6413473235542919	0.6408512382392829	1.4411698313298864	1.4408510810940887
-7.71	0.6413608439765315	0.6408597834708784	1.4411815684689138	1.4408596231558848
-7.7	0.6413744998547486	0.6408684143834141	1.4411934231576307	1.440868250834732
-7.69	0.6413882925807421	0.6408771318301659	1.4412053965928866	1.4408769649826205
-7.68	0.6414022235846297	0.6408859366869032	1.4412174900041317	1.440885766474005
-7.67	0.6414162941526369	0.6408948298240971	1.4412297045264388	1.440894656178018
-7.66	0.6414305054319493	0.6409038121222232	1.4412420412090854	1.4409036349737723
-7.65	0.641444859403105	0.6409128844743573	1.4412545016411578	1.440912703752949
-7.64	0.641459357166158	0.6409220477870854	1.4412670868508788	1.4409218634207113
-7.63	0.6414740000400867	0.6409313029599297	1.4412797980045409	1.440931114875136
-7.62	0.6414887897796961	0.6409406509108767	1.4412926365549548	1.440940459032732
-7.61	0.6415037275770608	0.640950092580126	1.4413056036013083	1.4409498968321848
-7.6	0.6415188149119386	0.6409596288977287	1.4413187004239245	1.4409594292020103
-7.59	0.6415340532231015	0.6409692608026205	1.4413319282799137	1.440969057079578
-7.58	0.6415494444034611	0.6409789892647683	1.441345288729141	1.4409787814332473
-7.57	0.641564989742101	0.6409888152375813	1.4413587829376118	1.4409886032148003
-7.56	0.6415806907673556	0.6409987397047754	1.4413724122357872	1.440998523406282
-7.55	0.6415965488857409	0.641008763647892	1.4413861778750396	1.4410085429875368
-7.54	0.6416125659946741	0.6410188880603133	1.441400081426249	1.4410186629502133
-7.53	0.641628743282683	0.6410291139398586	1.4414141240064509	1.4410288842903654
-7.52	0.641645082745846	0.6410394423125727	1.4414283072614356	1.4410392080322287
-7.51	0.6416615857806123	0.6410498741985146	1.4414426324496137	1.4410496351940245
-7.5	0.6416782540825958	0.6410604106286543	1.4414571010253976	1.4410601668048473
-7.49	0.6416950892136997	0.6410710526506003	1.4414717143631843	1.4410708039103894
-7.48	0.6417120930824158	0.6410818013203201	1.4414864740629147	1.441081547564665
-7.47	0.6417292670497052	0.6410926577013734	1.4415013813754713	1.4410923988292423
-7.46	0.6417466129774752	0.6411036228653831	1.4415164378763214	1.4411033587737145
-7.45	0.6417641325514116	0.6411146979157507	1.4415316450390119	1.441114428499402
-7.44	0.6417818275894134	0.6411258839317356	1.4415470044133192	1.441125609083458
-7.43	0.6417996996470692	0.6411371820321647	1.441562517394587	1.4411369016425477
-7.42	0.6418177507081413	0.6411485933331803	1.4415781856521435	1.4411483072906146
-7.41	0.6418359823691029	0.6411601189640975	1.4415940106111842	1.4411598271547297
-7.4	0.6418543966237267	0.6411717600749667	1.4416099939594123	1.4411714623826501
-7.39	0.6418729950899658	0.6411835178108053	1.4416261371412669	1.4411832141170615
-7.38	0.6418917797948507	0.6411953933337227	1.4416424418699523	1.4411950835176925
-7.37	0.6419107523668424	0.6412073878295694	1.44165890961107	1.4412070717679586
-7.36	0.6419299150244391	0.6412195024809664	1.4416755422079472	1.441219180048004
-7.35	0.6419492692585327	0.6412317384878896	1.4416923410427018	1.4412314095552763
-7.34	0.6419688172523885	0.6412440970651222	1.441709307947335	1.4412437615019777
-7.33	0.6419885607965139	0.6412565794304783	1.4417264445025855	1.4412562371032942
-7.32	0.6420085018962882	0.641269186825266	1.4417437524354892	1.4412688375978469
-7.31	0.6420286425952633	0.6412819204924315	1.4417612334980863	1.441281564225847
-7.3	0.642048984818286	0.6412947816974887	1.441778889374139	1.4412944182500131
-7.29	0.6420695304646289	0.6413077717115665	1.4417967217328944	1.441307400938627
-7.28	0.6420902816447425	0.6413208918178976	1.4418147323834416	1.4413205135720166
-7.27	0.6421112404672511	0.6413341433163232	1.4418329231395237	1.441333757447058
-7.26	0.6421324089844247	0.6413475275213496	1.4418512957838212	1.4413471338752326
-7.25	0.6421537891307854	0.6413610457583805	1.4418698520271804	1.4413606441788591
-7.24	0.6421753833539467	0.6413746993519633	1.4418885939095407	1.4413742896793469
-7.23	0.6421971933649815	0.641388489666099	1.4419075230118108	1.4413880717374796
-7.22	0.6422192215240803	0.6414024180581707	1.4419266413292835	1.441401991707372
-7.21	0.6422414700298067	0.641416485907813	1.4419459507612813	1.441416050965318
-7.2	0.6422639410175144	0.6414306946040388	1.4419654531697663	1.4414302508969261
-7.19	0.6422866367110585	0.6414450455560221	1.44198515048061	1.4414445929078943
-7.18	0.6423095593437702	0.6414595401773023	1.4420050446272037	1.441459078408221
-7.17	0.6423327112196606	0.6414741799018352	1.4420251375954907	1.4414737088282472
-7.16	0.6423560945397453	0.6414889661782229	1.4420454313103745	1.4414884856128876
-7.15	0.6423797117128678	0.6415039004677275	1.4420659278346046	1.4415034102196431
-7.14	0.6424035649177902	0.6415189842435779	1.442086629087325	1.4415184841179085
-7.13	0.6424276566236153	0.641534218998563	1.4421075371809637	1.441533708796558
-7.12	0.6424519891488889	0.6415496062388306	1.442128654135902	1.4415490857577484
-7.11	0.642476564948276	0.6415651474778744	1.4421499820624062	1.4415646165109057
-7.1	0.642501386307609	0.6415808442594705	1.442171522973002	1.441580302595648
-7.09	0.6425264558389361	0.6415966981274428	1.4421932790895469	1.441596145551568
-7.08	0.6425517758113986	0.6416127106489135	1.4422152524218896	1.441612146941466
-7.07	0.6425773489469686	0.6416288834072956	1.4422374452762936	1.4416283083443466
-7.06	0.6426031775358227	0.6416452179934488	1.4422598596842828	1.4416446313465785
-7.05	0.6426292642542124	0.6416617160218749	1.4422824979335471	1.441661117558077
-7.04	0.6426556116293833	0.6416783791246636	1.442305362222221	1.4416777686062519
-7.03	0.6426822222419792	0.6416952089420679	1.4423284547854736	1.441694586126589
-7.02	0.6427090988327888	0.6417122071336542	1.442351777968017	1.44171157177379
-7.01	0.642736243751004	0.6417293753804564	1.442375333870639	1.4417287272239228
-7.	0.6427636599673923	0.6417467153739426	1.442399124996745	1.4417460541633942
-6.99	0.6427913499656068	0.6417642288217263	1.442423153542586	1.4417635542946565
-6.9799999999999995	0.6428193166062799	0.6417819174573685	1.44244742195552	1.4417812293459984
-6.97	0.6428475625324575	0.6417997830164344	1.4424719325437416	1.4417990810476204
-6.96	0.6428760905820541	0.6418178272645598	1.4424966877510963	1.4418171111596751
-6.95	0.6429049035400258	0.6418360519804603	1.4425216899919042	1.441835321455289
-6.94	0.6429340042461391	0.6418544589603237	1.442546941721713	1.4418537137249492
-6.93	0.6429633954481397	0.6418730500178323	1.442572445343042	1.4418722897765237
-6.92	0.6429930801795289	0.6418918269844537	1.4425982034479947	1.441891051435549
-6.91	0.6430230612820869	0.6419107917101473	1.4426242185119909	1.4419100005459353
-6.9	0.6430533416679061	0.6419299460609583	1.4426504930611161	1.4419291389675595
-6.89	0.6430839243549558	0.6419492919257946	1.442677029697365	1.441948468583034
-6.88	0.6431148123192998	0.6419688312080934	1.4427038310007962	1.4419679912893775
-6.87	0.6431460086135292	0.6419885658316292	1.442730899607624	1.4419877090038178
-6.86	0.6431775162838917	0.6420084977398214	1.442758238156773	1.4420076236630952
-6.85	0.6432093382976538	0.6420286288942796	1.4427858492427306	1.4420277372220078
-6.84	0.6432414780154243	0.6420489612764259	1.442813735719293	1.4420480516550305
-6.83	0.6432739383461854	0.6420694968835963	1.4428419001558055	1.442068568952416
-6.82	0.6433067226310074	0.6420902377416445	1.4428703454088851	1.442089291132785
-6.81	0.6433398339877883	0.6421111858835794	1.4428990741942036	1.4421102202217808
-6.8	0.6433732756709512	0.6421323433787081	1.4429280893277587	1.4421313582811839
-6.79	0.6434070509617424	0.6421537122985583	1.442957393643292	1.4421527073748608
-6.78	0.6434411631728056	0.6421752947466887	1.442986990005859	1.4421742695985456
-6.77	0.6434756156604688	0.6421970928449796	1.4430168813148154	1.4421960470661406
-6.76	0.6435104117325241	0.6422191087358932	1.4430470704454348	1.4422180419119703
-6.75	0.6435455548640383	0.6422413445834835	1.4430775603877646	1.4422402562917889
-6.74	0.6435810484453737	0.6422638025726499	1.4431083540846399	1.4422626923820308
-6.7299999999999995	0.6436168958980035	0.6422864849039382	1.4431394545041507	1.4422853523746126
-6.72	0.643653100793139	0.6423093938126143	1.4431708647225698	1.4423082384959878
-6.71	0.6436896666379712	0.6423325315432066	1.443202587778083	1.4423313529817077
-6.7	0.6437265970417261	0.6423559003670234	1.443234626783596	1.4423546980939213
-6.69	0.6437638955315019	0.6423795025811762	1.443266984808202	1.4423782761203932
-6.68	0.6438015657706242	0.6424033404993078	1.4432996650139849	1.44240208936524
-6.67	0.6438396115457525	0.64242741646116	1.4433326706511511	1.4424261401584844
-6.66	0.6438780364283954	0.6424517328285708	1.4433660048393917	1.4424504308520516
-6.65	0.6439168441775491	0.6424762919840094	1.4433996708257242	1.4424749638183036
-6.64	0.6439560386688952	0.6425010963425727	1.4434336719433265	1.442499741462019
-6.63	0.6439956236361153	0.6425261483296494	1.4434680114375735	1.4425247661980773
-6.62	0.6440356029781829	0.6425514504009303	1.4435026926703458	1.4425500404714435
-6.61	0.6440759805898821	0.6425770050393227	1.4435377190101724	1.4425755667540816
-6.6	0.6441167603447053	0.6426028147496996	1.4435730938193785	1.4426013475397075
-6.59	0.6441579462928932	0.6426288820571918	1.4436088205805315	1.4426273853420757
-6.58	0.6441995424175451	0.6426552095166195	1.443644902743317	1.4426536827043999
-6.57	0.6442415527198977	0.6426817997051657	1.4436813437766336	1.4426802421920273
-6.56	0.6442839813638133	0.6427086552278368	1.443718147263231	1.4427070663978911
-6.55	0.6443268324232208	0.6427357787118352	1.4437553167356592	1.4427341579368833
-6.54	0.6443701100781833	0.6427631728119366	1.4437928558039683	1.4427615194512229
-6.53	0.6444138185353641	0.6427908402108934	1.4438307681048195	1.4427891536108526
-6.52	0.6444579620624402	0.6428187836092366	1.4438690573199107	1.4428170631032502
-6.51	0.6445025449199595	0.64284700574609	1.4439077271396834	1.4428452506542118
-6.5	0.644547571395806	0.6428755093797306	1.4439467812784856	1.44287371900843
-6.49	0.6445930459965943	0.6429042972938077	1.4439862235995555	1.442902470935703
-6.4799999999999995	0.6446389730162978	0.6429333723046523	1.4440260578409072	1.4429315092382284
-6.47	0.6446853568929616	0.6429627372507407	1.444066287840383	1.4429608367400744
-6.46	0.6447322022514785	0.6429923950046728	1.444106917567347	1.442990456299139
-6.45	0.6447795135312975	0.6430223484588047	1.4441479508787534	1.4430203707927947
-6.44	0.6448272953693759	0.6430526005413661	1.4441893917705193	1.4430505831339806
-6.43	0.6448755523719738	0.6430831542054255	1.4442312442272032	1.4430810962601754
-6.42	0.6449242892303542	0.6431140124307564	1.4442735122968688	1.4431119131352568
-6.41	0.644973510659484	0.6431451782303276	1.4443162000540744	1.4431430367559759
-6.4	0.6450232213907925	0.6431766546451763	1.444359311593388	1.4431744701468323
-6.39	0.6450734262809805	0.6432084447431605	1.4444028510987135	1.4432062163588233
-6.38	0.6451241302187785	0.6432405516251886	1.4444468227857001	1.4432382784756557
-6.37	0.6451753380097913	0.6432729784204596	1.4444912308261877	1.4432706596089901
-6.36	0.6452270547169761	0.6433057282915963	1.4445360795683668	1.4433033629035585
-6.35	0.6452792852355054	0.6433388044246506	1.4445813732605735	1.4433363915271775
-6.34	0.6453320347030786	0.6433722100487038	1.4446271163213826	1.4433697486903143
-6.33	0.6453853081580394	0.6434059484111716	1.4446733131115548	1.4434034376214209
-6.32	0.6454391107640689	0.6434400227986	1.4447199680855238	1.4434374615876921
-6.31	0.6454934477350047	0.643474436525883	1.4447670857393258	1.4434718238842938
-6.3	0.6455483242626521	0.6435091929459955	1.4448146705677738	1.4435065278440724
-6.29	0.6456037457241148	0.6435442954357674	1.4448627271923025	1.443541576823344
-6.28	0.6456597173602141	0.6435797474121165	1.4449112601605594	1.4435769742180953
-6.27	0.6457162446736693	0.6436155523205844	1.4449602741975927	1.4436127234525293
-6.26	0.6457733330501811	0.6436517136421432	1.4450097739653285	1.4436488279858544
-6.25	0.6458309879667208	0.6436882348889161	1.4450597641945693	1.4436852913080034
-6.24	0.6458892150443725	0.6437251196117122	1.4451102497215396	1.4437221169471484
-6.2299999999999995	0.6459480198498073	0.6437623713908495	1.4451612353573247	1.4437593084605311
-6.22	0.6460074080540932	0.6437999938447617	1.4452127259927348	1.4437968694430465
-6.21	0.6460673853592762	0.6438379906249283	1.4452647265494143	1.4438348035221733
-6.2	0.646127957543011	0.6438763654167662	1.4453172420087514	1.443873114358856
-6.19	0.6461891304194083	0.6439151219449631	1.4453702773886676	1.443911805652819
-6.18	0.6462509098761928	0.6439542639669348	1.4454238377650828	1.4439508811360289
-6.17	0.6463133018171607	0.6439937952784203	1.4454779282370125	1.4439903445782678
-6.16	0.6463763122804747	0.6440337197097669	1.4455325540010424	1.4440301997834184
-6.15	0.6464399473120213	0.6440740411304446	1.4455877202717522	1.4440704505939588
-6.14	0.6465042129549428	0.644114763444434	1.4456434322733438	1.4441111008863503
-6.13	0.6465691154553705	0.6441558905979256	1.4456996953742216	1.4441521545787128
-6.12	0.646634660974259	0.644197426569352	1.4457565148987355	1.4441936156208652
-6.11	0.6467008558151686	0.6442393753787885	1.4458138962764964	1.444235488003699
-6.1	0.6467677063187498	0.6442817410842376	1.4458718449734063	1.4442777757554575
-6.09	0.6468352188810333	0.6443245277852035	1.445930366504635	1.4443204829452962
-6.08	0.6469033999695657	0.6443677396149083	1.445989466442164	1.4443636136754996
-6.07	0.646972256107915	0.6444113807510343	1.4460491504086657	1.4444071720921945
-6.06	0.6470417938803847	0.6444554554100393	1.4461094240784749	1.4444511623796648
-6.05	0.6471120199123499	0.644499967849003	1.4461702931656282	1.444495588762181
-6.04	0.6471829409557945	0.6445449223649281	1.4462317634783934	1.4445404555032941
-6.03	0.6472545637184466	0.6445903232964095	1.4462938408103727	1.4445857669074864
-6.02	0.6473268951214903	0.6446361750252926	1.446356531106177	1.4446315273218173
-6.01	0.6473999419914978	0.6446824819716379	1.4464198402622421	1.4446777411308847
-6.	0.6474737113411331	0.6447292486021754	1.4464837743096495	1.4447244127652483
-5.99	0.6475482101807231	0.6447764794227435	1.446548339290692	1.444771546693874
-5.9799999999999995	0.6476234456198502	0.6448241789847952	1.4466135413262493	1.4448191474306111
-5.97	0.6476994248217465	0.6448723518830798	1.446679386585722	1.4448672195318681
-5.96	0.6477761550165084	0.6449210027539533	1.4467458812948666	1.4449157675949107
-5.95	0.647853643504682	0.6449701362808169	1.4468130317400043	1.4449647962632761
-5.94	0.6479318976523165	0.6450197571902583	1.4468808442634518	1.445014310222909
-5.93	0.6480109249024868	0.6450698702539321	1.44694932527154	1.4450643142040227
-5.92	0.6480907327670817	0.645120480289411	1.447018481229632	1.4451148129819353
-5.91	0.6481713288224917	0.6451715921603549	1.447088318659393	1.4451658113772219
-5.9	0.6482527207288253	0.6452232107767615	1.4471588441511545	1.4452173142559508
-5.89	0.6483349161753615	0.6452753410944158	1.4472300643287608	1.4452693265291185
-5.88	0.6484179229922642	0.6453279881181634	1.4473019859222385	1.4453218531558991
-5.87	0.648501749019158	0.6453811568976158	1.4473746156820808	1.4453748991393454
-5.86	0.6485864022124201	0.6454348525328217	1.4474479604499386	1.4454284695320285
-5.85	0.648671890591177	0.6454890801735034	1.4475220271237346	1.4454825694352602
-5.84	0.6487582222323207	0.6455438450131218	1.4475968226523284	1.445537203993157
-5.83	0.6488454053069734	0.6455991522999457	1.4476723540627718	1.445592378403663
-5.82	0.6489334480516127	0.6456550073288811	1.447748628438879	1.445648097910382
-5.81	0.649022358784823	0.6457114154459571	1.4478256529335123	1.445704367807036
-5.8	0.6491121459058791	0.6457683820473686	1.4479034347672992	1.4457611934364913
-5.79	0.6492028179047975	0.6458259125806881	1.4479819812354628	1.4458185801919483
-5.78	0.6492943832825482	0.6458840125464489	1.4480612996572781	1.4458765335185018
-5.77	0.6493868507217213	0.6459426874947707	1.4481413974840716	1.4459350589097564
-5.76	0.6494802289279287	0.64600194303018	1.4482222821993846	1.445994161912615
-5.75	0.6495745266617341	0.6460617848086593	1.4483039613383275	1.4460538481243153
-5.74	0.6496697528129314	0.6461222185402388	1.4483864425359991	1.4461141231949945
-5.7299999999999995	0.6497659163606118	0.6461832499908012	1.4484697335025292	1.4461749928294683
-5.72	0.6498630263078764	0.646244884975475	1.448553841978908	1.4462364627806217
-5.71	0.6499610918041254	0.6463071293712706	1.4486387758197004	1.4462985388619876
-5.7	0.6500601220395401	0.6463699891032352	1.4487245429205515	1.4463612269339197
-5.69	0.6501601263116568	0.6464334701582773	1.4488111512656663	1.4464245329173553
-5.68	0.6502611140029866	0.646497578574704	1.4488986089097173	1.446488462783359
-5.67	0.6503630945645225	0.6465623204526401	1.4489869239709638	1.44655302256349
-5.66	0.6504660775665814	0.6466277019441649	1.4490761046602136	1.4466182183399428
-5.65	0.6505700726269583	0.6466937292639089	1.4491661592385954	1.4466840562560892
-5.64	0.6506750894836044	0.6467604086816878	1.4492570960613755	1.44675054250911
-5.63	0.6507811379629538	0.6468277465270768	1.4493489235592807	1.4468176833545296
-5.62	0.6508882279531778	0.6468957491893697	1.4494416502213276	1.4468854851061523
-5.61	0.6509963694701595	0.6469644231173448	1.4495352846368856	1.4469539541357996
-5.6	0.6511055725798598	0.647033774819607	1.4496298354460984	1.4470230968736282
-5.59	0.6512158474968772	0.6471038108675679	1.4497253114039226	1.4470929198110711
-5.58	0.6513272044640976	0.6471745378909773	1.4498217213015228	1.4471634294963591
-5.57	0.6514396538597522	0.6472459625828751	1.44991907403644	1.4472346325394254
-5.56	0.6515532061584972	0.6473180917013313	1.4500173785882722	1.4473065356136154
-5.55	0.65166787191019	0.6473909320631235	1.4501166440027915	1.4473791454493528
-5.54	0.6517836617713726	0.6474644905521781	1.4502168794150307	1.447452468842526
-5.53	0.6519005864927394	0.6475387741139388	1.4503180940392024	1.4475265126488435
-5.52	0.6520186569258237	0.6476137897596168	1.4504202971744307	1.4476012837880412
-5.51	0.6521378840196486	0.6476895445655608	1.4505234982023274	1.4476767892432216
-5.5	0.6522582788185147	0.6477660456742392	1.4506277065858662	1.4477530360618032
-5.49	0.6523798524731097	0.6478433002936983	1.4507329318762294	1.4478300313549457
-5.4799999999999995	0.6525026162253538	0.6479213156995278	1.450839183703759	1.4479077822994793
-5.47	0.6526265814276637	0.6480000992340621	1.4509464717899212	1.447986296137071
-5.46	0.6527517595498689	0.6480796583081412	1.451054805952286	1.4480655801759508
-5.45	0.6528781621303701	0.6481600004012015	1.4511641960732837	1.448145641790962
-5.4399999999999995	0.6530058008396367	0.6482411330618892	1.4512746521409319	1.4482264884241414
-5.43	0.6531346874398989	0.6483230639086551	1.4513861842232207	1.448308127585273
-5.42	0.6532648338037057	0.6484058006298995	1.4514988024799558	1.4483905668519979
-5.41	0.6533962519117407	0.6484893509859041	1.451612517161976	1.4484738138717008
-5.4	0.6535289538413143	0.6485737228062043	1.451727338602797	1.448557876358855
-5.39	0.6536629517985126	0.6486589239956639	1.4518432772412357	1.4486427621010345
-5.38	0.6537982580842416	0.6487449625302973	1.4519603435981594	1.4487284789547137
-5.37	0.6539348851128115	0.6488318464592281	1.4520785482889749	1.4488150348471778
-5.36	0.6540728454093703	0.6489195839060725	1.452197902022409	1.4489024377778608
-5.35	0.6542121516077195	0.6490081830690216	1.45231841559906	1.4489906958183854
-5.34	0.6543528164670678	0.6490976522203366	1.4524400999218403	1.449079817112018
-5.33	0.6544948528467902	0.6491879997100044	1.4525629659810742	1.4491698098772678
-5.32	0.6546382737296366	0.6492792339632005	1.4526870248683341	1.4492606824053147
-5.31	0.6547830921995839	0.6493713634831825	1.4528122877632463	1.4493524430628468
-5.3	0.6549293214676453	0.6494643968499906	1.4529387659494184	1.4494451002907216
-5.29	0.655076974874776	0.6495583427222028	1.4530664708168313	1.4495386626056672
-5.28	0.6552260658607525	0.6496532098378291	1.4531954138422025	1.449633138601126
-5.27	0.6553766079840428	0.649749007014208	1.453325606601544	1.449728536947103
-5.26	0.6555286149460238	0.6498457431497817	1.4534570607861592	1.4498248663918856
-5.25	0.6556821005284683	0.6499434272221246	1.4535897881619493	1.4499221357600311
-5.24	0.6558370786774286	0.6500420682925777	1.4537238006245028	1.45002035395693
-5.2299999999999995	0.6559935634412601	0.6501416755039381	1.4538591101586231	1.450119529966454
-5.22	0.6561515689904125	0.650242258081895	1.4539957288513734	1.4502196728523338
-5.21	0.6563111096227179	0.6503438253351993	1.4541336688954107	1.450320791758275
-5.2	0.6564721997649803	0.6504463866576939	1.4542729425906193	1.4504228959099243
-5.1899999999999995	0.6566348539682063	0.6505499515286797	1.4544135623410959	1.4505259946151794
-5.18	0.6567990869111195	0.6506545295120411	1.454555540656974	1.4506300972632615
-5.17	0.6569649133964357	0.6507601302594348	1.454698890153077	1.4507352133278335
-5.16	0.6571323483630589	0.6508667635078109	1.454843623555707	1.4508413523644728
-5.15	0.6573014068847358	0.650974439082317	1.4549897537027054	1.4509485240135045
-5.14	0.6574721041479461	0.6510831668982633	1.455137293529943	1.4510567380018957
-5.13	0.6576444554854644	0.6511929569586177	1.4552862560917166	1.4511660041407013
-5.12	0.6578184763603339	0.6513038193563838	1.4554366545512578	1.4512763323273685
-5.11	0.657994182377077	0.6514157642752397	1.4555885021879889	1.4513877325463087
-5.1	0.6581715892534226	0.6515288019904749	1.4557418123797148	1.4515002148697662
-5.09	0.6583507128748716	0.6516429428692028	1.4558965986373567	1.4516137894579624
-5.08	0.6585315692372	0.6517581973713279	1.456052874568523	1.4517284665599917
-5.07	0.6587141744825842	0.6518745760499591	1.4562106539005586	1.451844256514166
-5.06	0.6588985449016349	0.6519920895532302	1.4563699504823535	1.4519611697497545
-5.05	0.6590846969145994	0.6521107486236303	1.4565307782720005	1.4520792167862486
-5.04	0.659272647081047	0.6522305640988103	1.4566931513431194	1.452198408234092
-5.03	0.6594624121152695	0.6523515469147576	1.4568570838956618	1.452318754797766
-5.02	0.6596540088595595	0.6524737081020537	1.4570225902374205	1.4524402672719925
-5.01	0.65984745431067	0.6525970587913505	1.4571896848026928	1.4525629565471054
-5.	0.660042765606262	0.6527216102106571	1.457358382142542	1.452686833606276
-4.99	0.660239960033338	0.6528473736887476	1.4575286969312349	1.4528119095288226
-4.9799999999999995	0.66043905502368	0.6529743606531216	1.457700643962465	1.4529381954881047
-4.97	0.6606400681545581	0.6531025826342639	1.457874238151172	1.4530657027556766
-4.96	0.660843017160889	0.6532320512616785	1.4580494945397184	1.4531944426972614
-4.95	0.6610479199162715	0.6533627782703525	1.4582264282879636	1.4533244267790963
-4.9399999999999995	0.661254794457746	0.653494775496178	1.458405054687239	1.4534556665632934
-4.93	0.6614636589640872	0.6536280548806767	1.4585853891480531	1.453588173712452
-4.92	0.6616745317759829	0.6537626284693734	1.4587674472121948	1.4537219599879532
-4.91	0.6618874313854539	0.6538985084139592	1.4589512445466055	1.4538570372520199
-4.9	0.6621023764368963	0.6540357069726136	1.4591367969439888	1.4539934174679474
-4.89	0.6623193857315237	0.6541742365105448	1.4593241203256633	1.454131112700547
-4.88	0.6625384782368398	0.6543141095011554	1.4595132307478285	1.4542701351172098
-4.87	0.6627596730667482	0.6544553385266292	1.4597041443889465	1.4544104969883958
-4.86	0.6629829895057586	0.6545979362790905	1.459896877565374	1.454552210688687
-4.85	0.6632084469902877	0.6547419155608204	1.4600914467193653	1.4546952886969045
-4.84	0.6634360651226672	0.654887289285546	1.4602878684282583	1.4548397435972873
-4.83	0.6636658636671087	0.6550340704789823	1.4604861594019125	1.4549855880799303
-4.82	0.6638978625544432	0.6551822722802458	1.4606863364860367	1.4551328349420833
-4.81	0.6641320818769112	0.6553319079417202	1.4608884166586371	1.4552814970879127
-4.8	0.6643685418943357	0.6554829908302425	1.4610924170341684	1.4554315875295696
-4.79	0.6646072630357822	0.6556355344290806	1.4612983548650942	1.4555831193890487
-4.78	0.6648482658953396	0.6557895523371591	1.4615062475387268	1.4557361058973053
-4.77	0.665091571237433	0.6559450582699021	1.461716112580702	1.4558905603949797
-4.76	0.6653371999967983	0.6561020660613429	1.4619279676555033	1.4560464963343778
-4.75	0.6655851732803482	0.6562605896644546	1.4621418305675542	1.4562039272796832
-4.74	0.6658355123660651	0.6564206431517041	1.462357719260499	1.4563628669073865
-4.7299999999999995	0.6660882387075051	0.6565822407155208	1.4625756518200128	1.4565233290066315
-4.72	0.6663433739307194	0.6567453966705578	1.4627956464724279	1.4566853274813374
-4.71	0.6666009398418922	0.656910125452683	1.4630177215890035	1.4568488763490721
-4.7	0.6668609584163234	0.6570764416219017	1.4632418956797397	1.4570139897438257
-4.6899999999999995	0.6671234518177007	0.6572443598611508	1.4634681874049553	1.457180681914686
-4.68	0.6673884423738419	0.6574138949791952	1.463696615560682	1.4573489672285826
-4.67	0.667655952612155	0.6575850619092668	1.4639271991004543	1.4575188601688005
-4.66	0.6679260052217044	0.657757875712121	1.4641599571120723	1.4576903753378807
-4.65	0.6681986230921777	0.6579323515753843	1.46439490884186	1.4578635274568343
-4.64	0.668473829280088	0.6581085048151708	1.4646320736735392	1.4580383313666068
-4.63	0.6687516470338626	0.6582863508766196	1.464871471144091	1.458214802028468
-4.62	0.6690320997902552	0.6584659053350422	1.4651131209416284	1.4583929545250085
-4.61	0.6693152111687866	0.6586471838966165	1.4653570429018545	1.4585728040606796
-4.6	0.669601004976734	0.6588302023992195	1.4656032570112625	1.4587543659624704
-4.59	0.6698895052144578	0.6590149768138956	1.4658517834107645	1.4589376556812137
-4.58	0.6701807360655099	0.6592015232447195	1.4661026423891	1.4591226887912956
-4.57	0.6704747219078291	0.6593898579303623	1.4663558543902133	1.4593094809920524
-4.56	0.6707714873124875	0.6595799972450875	1.466611440012536	1.4594980481085988
-4.55	0.6710710570421061	0.6597719576996036	1.4668694200079964	1.4596884060925137
-4.54	0.6713734560532953	0.659965755941002	1.4671298152832608	1.4598805710216134
-4.53	0.6716787094995205	0.6601614087556116	1.467392646902267	1.4600745591026147
-4.52	0.6719868427289193	0.660358933067216	1.4676579360839146	1.4602703866692006
-4.51	0.672297881287683	0.6605583459416119	1.4679257042055238	1.4604680701863646
-4.5	0.6726118509219585	0.6607596645831161	1.4681959728024947	1.4606676262467762
-4.49	0.6729287775743575	0.6609629063395719	1.4684687635675655	1.460869071575563
-4.4799999999999995	0.6732486873915431	0.6611680887003771	1.4687440983546018	1.4610724230281793
-4.47	0.6735716067181243	0.6613752292992421	1.4690219991753921	1.461277697592955
-4.46	0.6738975621065133	0.6615843459130604	1.469302488205165	1.4614849123897884
-4.45	0.6742265803090703	0.6617954564654585	1.4695855877785489	1.4616940846734807
-4.4399999999999995	0.6745586882849175	0.6620085790256323	1.4698713203931402	1.4619052318323857
-4.43	0.6748939131947349	0.6622237318105149	1.4701597087066436	1.4621183713903667
-4.42	0.6752322824166634	0.6624409331842139	1.4704507755463923	1.4623335210060393
-4.41	0.6755738235229427	0.6626602016609235	1.4707445438952564	1.462550698475457
-4.4	0.6759185643077905	0.6628815559040827	1.4710410369086286	1.4627699217310728
-4.39	0.6762665327682589	0.6631050147283376	1.4713402779026585	1.4629912088434769
-4.38	0.6766177571131065	0.6633305971001081	1.471642290359701	1.4632145780217471
-4.37	0.6769722657659178	0.6635583221384472	1.4719470979302312	1.463440047614087
-4.36	0.6773300873629904	0.6637882091162403	1.4722547244315622	1.4636676361087966
-4.35	0.6776912507534079	0.6640202774607546	1.472565193847712	1.4638973621345983
-4.34	0.6780557850028066	0.6642545467549429	1.4728785303318648	1.4641292444617018
-4.33	0.6784237193900913	0.664491036737856	1.4731947582040597	1.46436330200199
-4.32	0.6787950834185688	0.6647297673065397	1.473513901958504	1.4645995538106626
-4.31	0.6791699068038766	0.6649707585158138	1.4738359862554749	1.4648380190857884
-4.3	0.6795482194825295	0.6652140305798497	1.4741610359268764	1.4650787171696273
-4.29	0.6799300516101219	0.6654596038725434	1.4744890759748321	1.4653216675487606
-4.28	0.6803154335683272	0.6657074989299606	1.4748201315765557	1.4655668898562655
-4.27	0.6807043959563464	0.6659577364490744	1.4751542280780914	1.465814403870221
-4.26	0.6810969695991012	0.6662103372905298	1.4754913910000436	1.4660642295161899
-4.25	0.6814931855442743	0.6664653224778682	1.475831646035005	1.4663163868661981
-4.24	0.6818930750658923	0.6667227132007734	1.4761750190505367	1.4665708961416877
-4.2299999999999995	0.6822966696645303	0.666982530813264	1.4765215360882151	1.4668277777114658
-4.22	0.6827040010672409	0.66724479683676	1.476871223364233	1.4670870520944717
-4.21	0.6831151012293948	0.6675095329600962	1.4772241072701133	1.4673487399595215
-4.2	0.6835300023355992	0.6677767610404904	1.477580214373178	1.4676128621259916
-4.1899999999999995	0.6839487367999066	0.6680465031044991	1.4779395714165542	1.4678794395644843
-4.18	0.6843713372685811	0.6683187813491556	1.4783022053208565	1.468148493397674
-4.17	0.684797836618587	0.6685936181425378	1.4786681431829631	1.4684200449005818
-4.16	0.6852282679584047	0.6688710360253046	1.4790374122765955	1.4686941155018036
-4.15	0.6856626646351958	0.6691510577101311	1.4794100400561465	1.4689707267826606
-4.14	0.6861010602237723	0.6694337060849306	1.4797860541503858	1.4692499004800832
-4.13	0.6865434885387471	0.6697190042116943	1.480165482369204	1.469531658485164
-4.12	0.6869899836313351	0.6700069753283233	1.4805483527017442	1.4698160228446613
-4.11	0.6874405797853758	0.6702976428496805	1.4809346933137648	1.4701030157617274
-4.1	0.6878953115303801	0.6705910303678143	1.4813245325554139	1.4703926595958159
-4.09	0.6883542136277254	0.6708871616536597	1.4817178989526252	1.470684976864041
-4.08	0.6888173210790358	0.6711860606573622	1.4821148212119817	1.4709799902411769
-4.07	0.6892846691324785	0.6714877515094135	1.4825153282245411	1.471277722560447
-4.06	0.6897562932698125	0.6717922585214529	1.4829194490574402	1.471578196813987
-4.05	0.6902322292200072	0.6720996061872596	1.4833272129622626	1.4718814361534858
-4.04	0.6907125129544303	0.6724098191836168	1.4837386493717675	1.4721874638906964
-4.03	0.6911971806836916	0.6727229223709172	1.484153787897566	1.4724963034976892
-4.02	0.6916862688677865	0.6730389407946029	1.48457265833644	1.472807978607921
-4.01	0.6921798142107995	0.6733578996856592	1.4849952906666182	1.473122513016367
-4.	0.6926778536604141	0.6736798244613533	1.4854217150471554	1.473439930679891
-3.9899999999999998	0.6931804244143489	0.6740047407266874	1.4858519618219046	1.4737602557183123
-3.98	0.6936875639135327	0.6743326742743899	1.4862860615146418	1.4740835124140286
-3.9699999999999998	0.694199309851256	0.6746636510868687	1.4867240448349053	1.4744097252135662
-3.96	0.6947157001657396	0.6749976973358038	1.4871659426725854	1.4747389187268025
-3.9499999999999997	0.6952367730472613	0.6753348393844536	1.487611786102605	1.4750711177288518
-3.94	0.6957625669336951	0.6756751037867744	1.4880616063811951	1.4754063471588106
-3.9299999999999997	0.6962931205154423	0.6760185172899306	1.4885154349492535	1.4757446321218364
-3.92	0.6968284727341769	0.6763651068345263	1.4889733034310129	1.476085997888978
-3.9099999999999997	0.6973686627824365	0.6767148995548369	1.4894352436332312	1.4764304698969974
-3.9	0.6979137301047444	0.6770679227799788	1.4899012875456705	1.4767780737491156
-3.89	0.6984637144006882	0.6774242040354134	1.490371467342907	1.4771288352160767
-3.88	0.6990186556219131	0.6777837710433111	1.4908458153819257	1.4774827802360893
-3.87	0.6995785939741999	0.6781466517226302	1.4913243642027876	1.4778399349144773
-3.86	0.7001435699187217	0.6785128741909258	1.4918071465293896	1.4782003255250318
-3.85	0.700713624171271	0.6788824667651339	1.4922941952685833	1.478563978510347
-3.84	0.701288797704136	0.679255457961129	1.4927855435105162	1.4789309204809449
-3.83	0.7018691317438366	0.679631876496506	1.4932812245275073	1.4793011782175651
-3.82	0.702454667775317	0.680011751289476	1.4937812717755903	1.4796747786696285
-3.81	0.7030454475404782	0.6803951114605701	1.4942857188934946	1.4800517489564544
-3.8	0.7036415130385127	0.6807819863332933	1.4947945997023815	1.4804321163674448
-3.79	0.7042429065247455	0.6811724054351197	1.4953079482047573	1.4808159083625896
-3.78	0.7048496705141984	0.6815663984976429	1.4958257985860364	1.4812031525721465
-3.77	0.7054618477812649	0.6819639954576145	1.4963481852139755	1.481593876797179
-3.76	0.7060794813580034	0.6823652264578388	1.4968751426371938	1.481988109009953
-3.75	0.706702614534886	0.682770121847797	1.4974067055851203	1.482385877354058
-3.7399999999999998	0.7073312908651233	0.683178712184144	1.4979429089701244	1.4827872101444024
-3.73	0.7079655541591863	0.6835910282317542	1.4984837878837123	1.4831921358677351
-3.7199999999999998	0.7086054484863133	0.6840071009642201	1.4990293775968868	1.4836006831826312
-3.71	0.7092510181803164	0.6844269615646131	1.4995797135632716	1.4840128809197237
-3.6999999999999997	0.7099023078317217	0.6848506414261049	1.500134831413657	1.4844287580817954
-3.69	0.7105593622925777	0.6852781721527222	1.500694766958488	1.4848483438439948
-3.6799999999999997	0.7112222266770023	0.6857095855598945	1.501259556187612	1.485271667553843
-3.67	0.7118909463597682	0.6861449136753281	1.5018292352689162	1.4856987587315555
-3.6599999999999997	0.7125655669755426	0.6865841887392711	1.5024038405471494	1.4861296470697583
-3.65	0.7132461344212988	0.6870274432056006	1.5029834085450062	1.486564362434007
-3.64	0.7139326948554832	0.6874747097421156	1.5035679759618996	1.4870029348625196
-3.63	0.7146252946971041	0.687926021231276	1.5041575796728393	1.487445394566341
-3.62	0.715323980626851	0.6883814107707978	1.5047522567285179	1.4878917719293603
-3.61	0.7160287995854979	0.6888409116739664	1.5053520443535988	1.4883420975080444
-3.6	0.7167397987779591	0.6893045574710408	1.5059569799488988	1.4887964020322382
-3.59	0.7174570256681498	0.6897723819087105	1.5065671010871613	1.4892547164040462
-3.58	0.7181805279819655	0.6902444189516473	1.5071824455146092	1.489717071698763
-3.57	0.7189103537051276	0.6907207027820366	1.5078030511485914	1.4901834991638183
-3.56	0.7196465510859293	0.6912012678011381	1.5084289560789765	1.4906540302197016
-3.55	0.7203891686327326	0.6916861486292409	1.5090601985657215	1.4911286964593102
-3.54	0.7211382551142671	0.6921753801063038	1.5096968170384124	1.491607529647963
-3.53	0.7218938595591071	0.6926689972920695	1.5103388500951067	1.492090561722888
-3.52	0.7226560312568513	0.6931670354673246	1.5109863365026266	1.4925778247938308
-3.51	0.7234248197562168	0.693669530133577	1.5116393151943774	1.4930693511421065
-3.5	0.7242002748657872	0.6941765170142871	1.512297825270354	1.4935651732211621
-3.4899999999999998	0.7249824466526358	0.6946880320542804	1.5129619059951838	1.494065323655359
-3.48	0.7257713854431018	0.6952041114213555	1.5136315967982712	1.4945698352408934
-3.4699999999999998	0.7265671418215869	0.6957247915058121	1.5143069372719786	1.4950787409446769
-3.46	0.727369766630166	0.69625010892111	1.5149879671707056	1.4955920739043174
-3.4499999999999997	0.7281793109690422	0.6967801005041847	1.5156747264103645	1.4961098674277569
-3.44	0.7289958261941314	0.6973148033164405	1.5163672550663108	1.4966321549935668
-3.4299999999999997	0.7298193639187709	0.6978542546430279	1.5170655933732218	1.4971589702495598
-3.42	0.7306499760117147	0.698398491993878	1.5177697817232871	1.4976903470131113
-3.4099999999999997	0.7314877145967356	0.6989475531039634	1.518479860665118	1.4982263192707208
-3.4	0.7323326320524641	0.6995014759333219	1.5191958709027173	1.4987669211773342
-3.39	0.7331847810110581	0.7000602986677935	1.51991785329397	1.4993121870563568
-3.38	0.7340442143580361	0.7006240597187698	1.5206458488495023	1.4998621513986976
-3.37	0.7349109852319411	0.7011927977237344	1.5213798987317122	1.500416848862576
-3.36	0.7357851470209575	0.701766551546759	1.5221200442518987	1.5009763142732822
-3.35	0.736666753367015	0.7023453602779205	1.5228663268716258	1.5015405826218797
-3.34	0.7375558581593933	0.7029292632344749	1.5236187881982282	1.5021096890656118
-3.33	0.7384525155384001	0.7035182999602492	1.524377469985894	1.5026836689265672
-3.32	0.7393567798913647	0.7041125102263254	1.5251424141324668	1.5032625576915983
-3.31	0.740268705853087	0.7047119340308923	1.5259136626786922	1.5038463910114237
-3.3	0.7411883483046287	0.7053166115995084	1.526691257806591	1.504435204700123
-3.29	0.7421157623727237	0.7059265833851327	1.527475241838121	1.5050290347344022
-3.28	0.7430510034273992	0.7065418900683204	1.5282656572328022	1.5056279172530134
-3.27	0.7439941270817436	0.7071625725571696	1.529062546586565	1.5062318885559245
-3.26	0.7449451891917482	0.7077886719874097	1.5298659526306966	1.5068409851036235
-3.25	0.7459042458524419	0.7084202297225238	1.530675918228515	1.5074552435164488
-3.2399999999999998	0.7468713533996711	0.709057287353604	1.5314924863754193	1.5080747005736557
-3.23	0.7478465684065725	0.7096998866994776	1.5323157001957708	1.5086993932127384
-3.2199999999999998	0.7488299476829523	0.7103480698065561	1.5331456029414612	1.5093293585284782
-3.21	0.749821548274926	0.7110018789488718	1.5339822379907058	1.5099646337721704
-3.1999999999999997	0.7508214274612381	0.7116613566279308	1.5348256488447323	1.5106052563506653
-3.19	0.7518296427546174	0.7123265455727132	1.535675879127612	1.5112512638255462
-3.1799999999999997	0.7528462518983687	0.7129974887394744	1.5365329725830952	1.5119026939121116
-3.17	0.7538713128653813	0.7136742293116509	1.5373969730729686	1.5125595844784536
-3.1599999999999997	0.754904883856182	0.7143568106995615	1.538267924574753	1.513221973544329
-3.15	0.7559470232976693	0.715045276540376	1.5391458711799126	1.5138898992802894
-3.1399999999999997	0.7569977898418472	0.7157396706978746	1.5400308570919914	1.514563400006601
-3.13	0.7580572423635221	0.7164400372622586	1.5409229266241309	1.5152425141922112
-3.12	0.7591254399589	0.7171464205497063	1.5418221241970531	1.5159272804534591
-3.11	0.7602024419431197	0.717858865102334	1.5427284943365347	1.5166177375531806
-3.1	0.7612883078493147	0.7185774156875747	1.5436420816716119	1.517313924399239
-3.09	0.7623830974258914	0.7193021172982494	1.5445629309319409	1.5180158800437262
-3.08	0.7634868706356737	0.7200330151520388	1.5454910869460883	1.5187236436815748
-3.07	0.7645996876519647	0.7207701546906201	1.5464265946378266	1.5194372546488457
-3.06	0.7657216088592371	0.7215135815803444	1.5473694990257922	1.5201567524225015
-3.05	0.7668526948484256	0.7222633417106952	1.5483198452190803	1.5208821766180265
-3.04	0.7679930064164493	0.7230194811944864	1.5492776784160274	1.5216135669887294
-3.03	0.7691426045632554	0.7237820463670587	1.550243043901139	1.5223509634240702
-3.02	0.7703015504900625	0.7245510837861616	1.551215987042986	1.5230944059486489
-3.01	0.7714699055966243	0.7253266402308742	1.5521965532911781	1.5238439347202593
-3.	0.7726477314792104	0.7261087627014066	1.5531847881740817	1.524599590028793
-2.9899999999999998	0.7738350899278779	0.7268974984183842	1.5541807372959302	1.5253614122946386
-2.98	0.775032042924513	0.72769289482242	1.5551844463345081	1.5261294420673552
-2.9699999999999998	0.7762386526399536	0.7284949995732031	1.556195961038112	1.5269037200238798
-2.96	0.7774549814316019	0.7293038605487181	1.5572153272228617	1.5276842869668525
-2.9499999999999997	0.7786810918407754	0.7301195258449041	1.558242590770008	1.5284711838233693
-2.94	0.779917046590024	0.7309420437748843	1.5592777976230776	1.5292644516433125
-2.9299999999999997	0.7811629085805301	0.7317714628679055	1.5603209937849747	1.530064131597403
-2.92	0.7824187408892209	0.7326078318685723	1.561372225315015	1.530870264975533
-2.9099999999999997	0.7836846067661629	0.7334511997364727	1.5624315383262732	1.5316828931854738
-2.9	0.7849605696315718	0.7343016156446645	1.5634989789823093	1.5325020577504842
-2.8899999999999997	0.7862466930725931	0.7351591289793924	1.5645745934941924	1.533327800308102
-2.88	0.7875430408408577	0.7360237893386966	1.5656584281176127	1.5341601626078685
-2.87	0.7888496768492494	0.7368956465317491	1.5667505291497807	1.5349991865097508
-2.86	0.7901666651685648	0.7377747505778791	1.5678509429261598	1.5358449139822627
-2.85	0.7914940700249138	0.7386611517052063	1.5689597158175188	1.536697387100209
-2.84	0.7928319557957795	0.7395549003501543	1.5700768942264907	1.537556648043276
-2.83	0.794180387007398	0.7404560471559177	1.5712025245845735	1.5384227390936127
-2.82	0.795539428331494	0.7413646429714659	1.5723366533489371	1.5392957026339298
-2.81	0.7969091445808971	0.7422807388506001	1.5734793269985863	1.54017558114565
-2.8	0.7982896007072742	0.7432043860505477	1.5746305920316481	1.5410624172066103
-2.79	0.799680861797591	0.7441356360307477	1.575790494961969	1.5419562534889544
-2.78	0.8010829930695385	0.7450745404518037	1.5769590823151587	1.5428571327571774
-2.77	0.8024960598691051	0.7460211511739818	1.578136400625783	1.543765097865745
-2.76	0.8039201276657111	0.7469755202561127	1.5793224964332344	1.5446801917570907
-2.75	0.805355262050188	0.7479376999540172	1.580517416279169	1.5456024574591667
-2.7399999999999998	0.8068015287288048	0.7489077427193264	1.5817212067027113	1.5465319380833662
-2.73	0.8082589935217106	0.749885701197928	1.5829339142381955	1.547468676822095
-2.7199999999999998	0.8097277223567263	0.7508716282285696	1.5841555854101872	1.5484127169464923
-2.71	0.8112077812680578	0.7518655768413177	1.5853862667314162	1.5493641018040156
-2.6999999999999997	0.8126992363892072	0.7528676002561281	1.5866260046972864	1.5503228748161353
-2.69	0.8142021539518587	0.7538777518812158	1.5878748457839107	1.5512890794758398
-2.6799999999999997	0.8157166002790717	0.7548960853114193	1.5891328364427473	1.5522627593451368
-2.67	0.8172426418112111	0.755922654334046	1.5904000231174162	1.553243958059709
-2.6599999999999997	0.8187803449679836	0.7569575128869596	1.5916764521460416	1.5542327192879333
-2.65	0.8203297763917403	0.75800071514413	1.5929621699355903	1.5552290868117058
-2.6399999999999997	0.8218910027288149	0.7590523154185236	1.594257222796922	1.556233104432726
-2.63	0.8234640906500343	0.760112368211195	1.595561656973444	1.557244816018493
-2.62	0.825049107043246	0.7611809282155755	1.5968755187568209	1.5582642655054628
-2.61	0.8266461186789671	0.7622580502627894	1.5981988542680035	1.559291496845967
-2.6	0.8282551924680974	0.7633437893886076	1.5995317096335038	1.5603265540711868
-2.59	0.8298763953980128	0.764438200795945	1.6008741309336965	1.561369481254462
-2.58	0.8315097944753487	0.7655413398316112	1.6022261641601638	1.562420322488254
-2.57	0.8331554567681065	0.7666532620587129	1.6035878552651732	1.563479121952229
-2.56	0.834813449304058	0.7677740231417398	1.604959250061156	1.5645459238029178
-2.55	0.8364838392620113	0.7689036789622136	1.606340394373751	1.5656207722829663
-2.54	0.838166693780231	0.7700422855239499	1.6077313338947743	1.5667037116300697
-2.53	0.8398620800358343	0.7711898990114948	1.6091321142490738	1.5677947861317185
-2.52	0.8415700652086977	0.7723465757489251	1.6105427809584723	1.5688940400851468
-2.51	0.8432907165048211	0.7735123722306172	1.6119633794657808	1.5700015178257278
-2.5	0.8450241011489514	0.7746873450918048	1.6133939551198686	1.571117263698141
-2.4899999999999998	0.8467702863402882	0.7758715511234379	1.6148345531541373	1.5722413220696494
-2.48	0.8485293393003435	0.7770650472485953	1.6162852187064023	1.573373737306876
-2.4699999999999998	0.8503013272309006	0.7782678905472113	1.6177459968021357	1.57451455379845
-2.46	0.8520863173075299	0.7794801382440458	1.6192169323461874	1.5756638159427616
-2.4499999999999997	0.8538843767064226	0.7807018476855518	1.620698070130401	1.5768215681252278
-2.44	0.8556955725690432	0.7819330763728585	1.6221894548237552	1.5779878547487607
-2.4299999999999997	0.857519972011372	0.7831738819337297	1.6236911309679387	1.5791627202063947
-2.42	0.8593576420942388	0.7844243221232945	1.62520314295987	1.5803462088812072
-2.4099999999999997	0.8612086498654792	0.7856844548340983	1.6267255350797876	1.5815383651550623
-2.4	0.8630730622974019	0.7869543380714096	1.62825835144573	1.5827392333844807
-2.3899999999999997	0.8649509463166074	0.788234029971419	1.6298016360371925	1.5839488579171153
-2.38	0.8668423687896003	0.7895235887979443	1.631355432685377	1.5851672830878771
-2.3699999999999997	0.8687473965115426	0.7908230729168645	1.6329197850577089	1.586394553194053
-2.36	0.8706660962227142	0.7921325408182289	1.6344947366749865	1.5876307125154812
-2.35	0.8725985345608656	0.793452051101137	1.636080330878143	1.58887580529956
-2.34	0.8745447780887117	0.7947816624706506	1.6376766108433158	1.5901298757576456
-2.33	0.8765048932763972	0.7961214337420489	1.6392836195729883	1.5913929680683847
-2.32	0.8784789464923959	0.7974714238290062	1.6409013998866298	1.5926651263658946
-2.31	0.8804670040042466	0.7988316917405995	1.6425299944201504	1.5939463947362973
-2.3	0.8824691319680835	0.80020229659	1.6441694456228033	1.595236817225263
-2.29	0.8844853964191972	0.8015832975755278	1.645819795745288	1.5965364378195381
-2.28	0.8865158632782204	0.8029747539935977	1.6474810868479128	1.597845300458521
-2.27	0.8885605983160669	0.8043767252170777	1.6491533607728686	1.5991634490132969
-2.26	0.8906196671758653	0.8057892707065866	1.6508366591610957	1.6004909272966874
-2.25	0.8926931353627927	0.8072124499965402	1.6525310234417863	1.6018277790495634
-2.2399999999999998	0.8947810682183872	0.8086463227066124	1.6542364948215447	1.6031740479510586
-2.23	0.8968835309339183	0.8100909485184081	1.6559531142845147	1.6045297775961211
-2.2199999999999998	0.8990005885259071	0.8115463871864498	1.6576809225821583	1.605895011505317
-2.21	0.9011323058417491	0.8130126985332864	1.6594199602352	1.6072697931197268
-2.1999999999999997	0.9032787475606532	0.8144899424359626	1.661170267529922	1.608654165787771
-2.19	0.9054399781549858	0.8159781788334101	1.6629318844985916	1.610048172771674
-2.1799999999999997	0.9076160619139604	0.817477467718158	1.6647048509308489	1.611451857239239
-2.17	0.9098070629278352	0.818987869129355	1.6664892063625985	1.6128652622568815
-2.1599999999999997	0.9120130450644057	0.8205094431558233	1.6682849900638979	1.6142884307920755
-2.15	0.9142340719860096	0.8220422499268025	1.670092241046206	1.615721405704289
-2.1399999999999997	0.9164702071298536	0.8235863496104833	1.6719109980510187	1.6171642297432405
-2.13	0.9187215136998141	0.8251418024067145	1.6737412995432366	1.618616945541721
-2.1199999999999997	0.9209880546624682	0.8267086685477777	1.6755831837097444	1.6200795956159832
-2.11	0.923269892735781	0.8282870082917486	1.6774366884512681	1.6215522223592174
-2.1	0.925567090378759	0.8298768819180585	1.6793018513755786	1.6230348680371127
-2.09	0.9278797097968754	0.8314783497232061	1.681178709799887	1.62452757478358
-2.08	0.9302078129216083	0.8330914720171633	1.6830673007385608	1.6260303845971449
-2.07	0.9325514614077055	0.8347163091200994	1.6849676609012239	1.6275433393376573
-2.06	0.9349107166214359	0.836352921354041	1.686879826683982	1.6290664807183117
-2.05	0.9372856396380649	0.8380013690444597	1.6888038341693585	1.630599850306934
-2.04	0.939676291228978	0.8396617125115133	1.6907397191168072	1.6321434895176599
-2.03	0.9420827318616416	0.8413340120649333	1.6926875169618785	1.6336974396060364
-2.02	0.9445050216777544	0.8430183280042401	1.6946472628046914	1.6352617416690993
-2.01	0.9469432204974402	0.844714720608457	1.696618991409864	1.6368364366357149
-1.9999999999999998	0.9493973878076525	0.8464232501343391	1.6986027372002803	1.6384215652648626
-1.9899999999999998	0.951867582750533	0.8481439768138741	1.7005985342506307	1.6400171681432625
-1.98	0.9543538641204221	0.8498769608450679	1.702606416283687	1.6416232856767972
-1.97	0.9568562903479989	0.8516222623884183	1.7046264166611627	1.6432399580872448
-1.96	0.9593749195016941	0.8533799415648146	1.7066585683849838	1.644867225410354
-1.95	0.9619098092729075	0.8551500584477569	1.7087029040874078	1.6465051274886842
-1.94	0.9644610169706138	0.8569326730591925	1.710759456027781	1.6481537039678247
-1.93	0.9670285995053753	0.8587278453649365	1.7128282560831407	1.6498129942922597
-1.92	0.9696126133930716	0.8605356352688819	1.7149093357497114	1.6514830377001384
-1.91	0.9722131147393116	0.8623561026088912	1.7170027261339702	1.6531638732196314
-1.9	0.9748301592276534	0.8641893071517892	1.7191084579456366	1.6548555396644842
-1.89	0.977463802118617	0.8660353085860252	1.7212265614960667	1.6565580756274478
-1.88	0.9801140982358258	0.8678941665187645	1.7233570666908398	1.6582715194778328
-1.8699999999999999	0.9827811019600479	0.869765940470133	1.7255000030259309	1.6599959093564605
-1.8599999999999999	0.9854648672173156	0.8716506898673999	1.727655399580533	1.6617312831705908
-1.8499999999999999	0.9881654474737145	0.8735484740392493	1.729823285013743	1.6634776785889636
-1.8399999999999999	0.9908828957250102	0.8754593522114561	1.7320036875588232	1.665235133038166
-1.8299999999999998	0.9936172644870762	0.8773833835009531	1.7341966350174203	1.667003683697545
-1.8199999999999998	0.9963686057900327	0.8793206269099588	1.736402154755952	1.6687833674942127
-1.8099999999999998	0.9991369711648037	0.8812711413211473	1.7386202736980823	1.6705742210990402
-1.7999999999999998	1.0019224116374592	0.8832349854905924	1.7408510183209098	1.6723762809206404
-1.7899999999999998	1.0047249777203755	0.8852122180446022	1.7430944146506873	1.6741895831029523
-1.7799999999999998	1.0075447194012774	0.8872028974710489	1.7453504882555497	1.6760141635178105
-1.7699999999999998	1.0103816861372017	0.8892070821162025	1.7476192642429007	1.6778500577625932
-1.7599999999999998	1.0132359268431288	0.8912248301778427	1.749900767252584	1.6796973011544938
-1.7499999999999998	1.0161074898835145	0.8932561996988766	1.7521950214519069	1.6815559287252866
-1.7399999999999998	1.0189964230639978	0.8953012485626025	1.7545020505313456	1.6834259752176388
-1.7299999999999998	1.0219027736216502	0.8973600344856819	1.7568218776987088	1.685307475079356
-1.72	1.0248265882167138	0.8994326150137476	1.759154525675056	1.6872004624600725
-1.71	1.0277679129231723	0.9015190475130919	1.7615000166886947	1.689104971204395
-1.7	1.030726793219828	0.9036193891674139	1.7638583724711856	1.6910210348497035
-1.69	1.0337032739808258	0.9057336969690475	1.76622961425124	1.6929486866189438
-1.68	1.0366973994667452	0.9078620277145834	1.7686137627504395	1.6948879594174724
-1.67	1.0397092133173333	0.9100044379982001	1.7710108381791483	1.6968388858278387
-1.66	1.042738758539108	0.9121609842054654	1.7734208602297516	1.6988014981050394
-1.65	1.0457860774990706	0.9143317225068629	1.775843848073261	1.7007758281715522
-1.64	1.0488512119139435	0.9165167088515851	1.7782798203535435	1.7027619076126528
-1.63	1.051934202842893	0.9187159989616973	1.7807287951836583	1.7047597676721036
-1.6199999999999999	1.0550350906768966	0.9209296483249755	1.7831907901399209	1.7067694392466723
-1.6099999999999999	1.0581539151296797	0.9231577121891935	1.785665822257361	1.7087909528820053
-1.5999999999999999	1.0612907152305946	0.9254002455553799	1.7881539080259574	1.7108243387676008
-1.5899999999999999	1.0644455293129464	0.9276573031708966	1.790655063384319	1.712869626731658
-1.5799999999999998	1.0676183950076665	0.9299289395241772	1.7931693037169245	1.7149268462374692
-1.5699999999999998	1.0708093492315225	0.9322152088364455	1.7956966438473652	1.7169960263771085
-1.5599999999999998	1.0740184281800498	0.9345161650566849	1.7982370980353226	1.719077195868107
-1.5499999999999998	1.0772456673186186	0.936831861854114	1.8007906799717217	1.7211703830479037
-1.5399999999999998	1.0804911013722185	0.9391623526118482	1.8033574027735997	1.7232756158694074
-1.5299999999999998	1.0837547643176175	0.9415076904201778	1.8059372789802044	1.7253929218962516
-1.5199999999999998	1.087036689373961	0.9438679280697915	1.8085303205482408	1.727522328298035
-1.5099999999999998	1.0903369089939412	0.9462431180448432	1.8111365388474203	1.729663861845459
-1.4999999999999998	1.0936554548548254	0.948633312516463	1.8137559446561125	1.7318175489059027
-1.4899999999999998	1.0969923578503142	0.9510385633361709	1.816388548157455	1.73398341543895
-1.4799999999999998	1.1003476480802543	0.9534589220280447	1.8190343589339073	1.736161486990828
-1.47	1.1037213548436244	0.9558944397829198	1.8216933859643076	1.7383517886907165
-1.46	1.107113506628397	0.9583451674507524	1.8243656376186408	1.7405543452454406
-1.45	1.1105241311037315	0.9608111555343232	1.8270511216545602	1.742769180935405
-1.44	1.1139532551105316	0.9632924541817905	1.8297498452126653	1.7449963196095346
-1.43	1.1174009046533797	0.9657891131795376	1.8324618148126663	1.7472357846805158
-1.42	1.1208671048918877	0.9683011819455365	1.8351870363494263	1.7494875991205387
-1.41	1.1243518801319325	0.9708287095226942	1.8379255150889655	1.7517517854570608
-1.4	1.1278552538168491	0.9733717445707744	1.840677255664008	1.7540283657673321
-1.39	1.1313772485198466	0.9759303353600102	1.8434422620707815	1.7563173616744712
-1.38	1.1349178859345328	0.9785045297638507	1.846220537664525	1.7586187943428053
-1.3699999999999999	1.138477186867665	0.9810943752517289	1.8490120851562555	1.7609326844732647
-1.3599999999999999	1.142055171229749	0.9836999188822138	1.8518169066085042	1.7632590522991585
-1.3499999999999999	1.1456518580275288	0.9863212072954556	1.8546350034318932	1.765597917581356
-1.3399999999999999	1.1492672653553757	0.9889582867060878	1.8574663763812773	1.7679492996039128
-1.3299999999999998	1.1529014103873718	0.9916112028962863	1.8603110255523503	1.7703132171698739
-1.3199999999999998	1.1565543093691868	0.994280001208293	1.8631689503779865	1.7726896885966361
-1.3099999999999998	1.1602259776097177	0.9969647265372842	1.8660401496245915	1.7750787317116539
-1.2999999999999998	1.1639164294738213	0.999665423323949	1.8689246213889794	1.777480363847923
-1.2899999999999998	1.167625678373832	1.0023821355475115	1.8718223630947572	1.7798946018398973
-1.2799999999999998	1.171353736761601	1.0051149067182725	1.8747333714888619	1.7823214620190109
-1.2699999999999998	1.1751006161215347	1.0078637798703582	1.8776576426387281	1.7847609602094232
-1.2599999999999998	1.1788663269621875	1.0106287975543122	1.880595171928645	1.7872131117236594
-1.2499999999999998	1.1826508788088037	1.013410001830226	1.8835459540568247	1.789677931358763
-1.2399999999999998	1.1864542801961488	1.0162074342595555	1.8865099830322216	1.79215543339132
-1.2299999999999998	1.190276538660599	1.0190211358988783	1.8894872521716009	1.7946456315742387
-1.2199999999999998	1.1941176607329693	1.0218511472917502	1.8924777540964104	1.7971485391318767
-1.21	1.1979776519311953	1.0246975084617267	1.8954814807299711	1.7996641687562387
-1.2	1.2018565167532462	1.0275602589049049	1.898498423294654	1.8021925326027812
-1.19	1.2057542586697476	1.0304394375827524	1.9015285723090143	1.804733642286505
-1.18	1.2096708801172888	1.0333350829145	1.9045719175851694	1.8072875088776985
-1.17	1.2136063824912777	1.0362472327702095	1.9076284482261663	1.8098541428983053
-1.16	1.2175607661389654	1.03917592446288	1.9106981526231512	1.8124335543174825
-1.15	1.2215340303529991	1.0421211947417062	1.9137810184532058	1.8150257525482039
-1.14	1.225526173364746	1.0450830797843265	1.9168770326767506	1.8176307464430048
-1.13	1.229537192337356	1.048061615189639	1.9199861815350063	1.820248544290263
-1.1199999999999999	1.2335670833598362	1.05105683597052	1.9231084505479796	1.8228791538104212
-1.1099999999999999	1.2376158414403737	1.0540687765464745	1.926243824512035	1.8255225821521832
-1.0999999999999999	1.24168346050009	1.0570974707364131	1.9293922874977527	1.8281788358888529
-1.0899999999999999	1.245769933367072	1.0601429517511545	1.9325538228478574	1.8308479210144593
-1.0799999999999998	1.2498752517703493	1.0632052521863824	1.935728413175272	1.8335298429403166
-1.0699999999999998	1.2539994063336282	1.0662844040152923	1.9389160403609544	1.8362246064913363
-1.0599999999999998	1.2581423865700907	1.0693804385811954	1.9421166855522993	1.8389322159023338
-1.0499999999999998	1.26230418087612	1.0724933865905915	1.9453303291611213	1.8416526748147748
-1.0399999999999998	1.2664847765260323	1.0756232781057031	1.9485569508620122	1.844385986273078
-1.0299999999999998	1.27068415966663	1.0787701425373657	1.9517965295907258	1.8471321527212579
-1.0199999999999998	1.2749023153117631	1.0819340086377263	1.9550490435425074	1.8498911759994274
-1.0099999999999998	1.2791392273372837	1.0851149044933148	1.9583144701707602	1.8526630573406535
-0.9999999999999999	1.283394878475623	1.0883128575177077	1.9615927861853844	1.8554477973674837
-0.9899999999999999	1.287669250311186	1.091527894444475	1.9648839675516452	1.8582453960887457
-0.9799999999999999	1.2919623232754736	1.0947600413201881	1.9681879894889154	1.8610558528964263
-0.9699999999999999	1.2962740766421346	1.0980093234972148	1.9715048264693211	1.8638791665623893
-0.9599999999999999	1.3006044885225667	1.1012757656266678	1.9748344522167232	1.8667153352352535
-0.9499999999999998	1.3049535358616067	1.1045593916516285	1.9781768397058372	1.8695643564375322
-0.9399999999999998	1.309321194432887	1.107860224799907	1.9815319611610285	1.8724262270623957
-0.9299999999999998	1.3137074388350234	1.11117828757727	1.984899788055694	1.875300943370861
-0.9199999999999998	1.3181122424873248	1.1145136017604653	1.988280291111327	1.8781885009888297
-0.9099999999999998	1.3225355776260743	1.1178661883903842	1.9916734402969216	1.881088894904266
-0.8999999999999998	1.326977415300644	1.1212360677651974	1.995079204828283	1.8840021194643741
-0.8899999999999999	1.33143772537	1.1246232594335943	1.9984975531675668	1.8869281683728876
-0.8799999999999999	1.3359164764991631	1.1280277821879818	2.0019284530227814	1.889867034687341
-0.8699999999999999	1.3404136361559975	1.1314496540578391	2.005371871347504	1.8928187108164976
-0.8599999999999999	1.344929170607864	1.1348888923029736	2.0088277743404914	1.895783188517713
-0.8499999999999999	1.349463044918778	1.1383455134069236	2.012296127445592	1.8987604588944427
-0.8399999999999999	1.3540152229464262	1.141819533070406	2.0157768953515913	1.9017505123938028
-0.8299999999999998	1.3585856673395378	1.1453109662047551	2.0192700419922334	1.9047533388041495
-0.8199999999999998	1.3631743395352058	1.1488198269253822	2.02277553054621	1.907768927252683
-0.8099999999999998	1.3677811997566118	1.1523461285454883	2.0262933234374363	1.910797266203294
-0.7999999999999998	1.3724062070106744	1.1558898835695448	2.0298233823351963	1.9138383434542203
-0.7899999999999998	1.3770493190859514	1.159451103686994	2.033365668154484	1.9168921461359125
-0.7799999999999998	1.3817104925507997	1.1630297997660544	2.036920141056496	1.9199586607089991
-0.7699999999999998	1.3863896827514326	1.1666259818473637	2.0404867604490105	1.9230378729621298
-0.7599999999999999	1.3910868438104764	1.1702396591379527	2.0440654849871116	1.9261297680101137
-0.7499999999999999	1.3958019286253924	1.1738708400050761	2.0476562725737897	1.9292343302919481
-0.7399999999999999	1.4005348888672027	1.1775195319701754	2.051259080360721	1.9323515435689722
-0.7299999999999999	1.4052856749794413	1.1811857417029152	2.0548738647491778	1.9354813909230935
-0.7199999999999999	1.4100542361770732	1.1848694750152782	2.058500581390915	1.9386238547550774
-0.7099999999999999	1.4148405204457652	1.188570736855694	2.0621391851892414	1.9417789167828732
-0.6999999999999998	1.4196444745412071	1.1922895313032533	2.0657896303001198	1.944946558040023
-0.6899999999999998	1.424466043988753	1.1960258615620538	2.069451870133458	1.9481267588741897
-0.6799999999999998	1.4293051730830062	1.1997797299554687	2.0731258573543263	1.951319498945632
-0.6699999999999998	1.4341618048877185	1.203551137920652	2.0768115438843915	1.9545247572258808
-0.6599999999999998	1.4390358812359143	1.2073400860030041	2.080508880903433	1.9577425119963938
-0.6499999999999998	1.4439273427300108	1.211146573850744	2.0842178188508713	1.960972740847304
-0.6399999999999999	1.448836128742278	1.2149706002095724	2.0879383074274735	1.9642154206762519
-0.6299999999999999	1.4537621774153424	1.2188121629174138	2.091670295597088	1.9674705276872857
-0.6199999999999999	1.4587054256629761	1.2226712588991826	2.0954137315885064	1.970738037389792
-0.6099999999999999	1.4636658091709742	1.226547884161715	2.0991685628973995	1.9740179245975618
-0.5999999999999999	1.468643262398255	1.2304420337887214	2.1029347362883506	1.9773101634278822
-0.5899999999999999	1.473637718578108	1.234353701935817	2.10671219779696	1.9806147273006947
-0.5799999999999998	1.47864910971965	1.2382828818257148	2.1105008927320874	1.983931588937889
-0.5699999999999998	1.4836773666093848	1.2422295657433733	2.114300765678096	1.9872607203625603
-0.5599999999999998	1.4887224188130848	1.246193745031395	2.118111760497324	1.9906020928984796
-0.5499999999999998	1.493784194677659	1.2501754100853137	2.121933820332477	1.9939556771694655
-0.5399999999999998	1.4988626213333422	1.2541745503492228	2.1257668876092675	1.9973214430990434
-0.5299999999999998	1.5039576246960342	1.2581911543112025	2.1296109040390374	2.000699359909933
-0.5199999999999998	1.5090691294697474	1.2622252094991357	2.133465810621525	2.004089396123857
-0.5099999999999999	1.5141970591493434	1.2662767024763621	2.1373315476477037	2.007491519561213
-0.49999999999999983	1.5193413360233146	1.2703456188376474	2.141208054702703	2.010905697341003
-0.4899999999999998	1.5245018811768902	1.2744319432050104	2.1450952706688287	2.014331895880639
-0.47999999999999987	1.5296786144952066	1.278535659223923	2.1489931337286876	2.0177700808960535
-0.46999999999999986	1.5348714546666764	1.2826567495593584	2.152901581368344	2.0212202174016785
-0.45999999999999985	1.540080319186637	1.2867951958921073	2.1568205503806634	2.0246822697106412
-0.44999999999999984	1.5453051243610088	1.290950978915148	2.1607499768686402	2.028156201434991
-0.43999999999999984	1.5505457853102487	1.2951240783300442	2.164689796248859	2.031641975485949
-0.4299999999999998	1.5558022159734723	1.2993144728435673	2.168639943255065	2.035139554074329
-0.4199999999999998	1.561074329112705	1.3035221401643675	2.1726003519417887	2.0386488987109925
-0.40999999999999986	1.5663620363173665	1.3077470569997331	2.1765709556880743	2.042169970207361
-0.39999999999999986	1.571665248008899	1.3119891990525034	2.180551687201293	2.0457027286760527
-0.38999999999999985	1.576983873445546	1.3162485410180442	2.1845424785210175	2.049247133531551
-0.37999999999999984	1.5823178207273738	1.3205250565813687	2.1885432610230233	2.052803143490984
-0.36999999999999983	1.5876669968014303	1.3248187184143447	2.192553965423349	2.0563707165749636
-0.3599999999999998	1.593031307467089	1.3291294981730661	2.1965745217824644	2.0599498101085434
-0.34999999999999987	1.5984106573815382	1.3334573664952392	2.2006048595094754	2.063540380722175
-0.33999999999999986	1.6038049500654852	1.3378022929977982	2.204644907366468	2.067142384352838
-0.32999999999999985	1.6092140879090298	1.3421642462745456	2.2086945934729085	2.0707557762451776
-0.31999999999999984	1.61463797217769	1.3465431938939878	2.2127538453101394	2.074380510952778
-0.30999999999999983	1.6200765030185924	1.3509391023971984	2.2168225897259237	2.0780165423394523
-0.2999999999999998	1.625529579466882	1.3553519372958749	2.2209007529391203	2.0816638235806626
-0.2899999999999998	1.630997099452269	1.3597816630705	2.2249882605444204	2.0853223071650184
-0.27999999999999986	1.6364789598057081	1.3642282431685793	2.2290850375171303	2.0889919448958065
-0.26999999999999985	1.6419750562663609	1.3686916400030882	2.233191008218117	2.0926726878926836
-0.25999999999999984	1.6474852834885794	1.3731718149509362	2.2373060963987323	2.0963644865933535
-0.24999999999999983	1.6530095350491734	1.3776687283516285	2.241430225205892	2.100067290755393
-0.23999999999999982	1.6585477034548124	1.3821823395060433	2.245563317187218	2.103781049458144
-0.22999999999999984	1.6640996801495318	1.3867126066752848	2.249705294296213	2.1075057111046487
-0.21999999999999983	1.6696653555225063	1.3912594870797539	2.253856077897586	2.1112412234237383
-0.20999999999999983	1.6752446189159138	1.3958229368982231	2.258015588772593	2.1149875334721027
-0.19999999999999984	1.6808373586329763	1.4004029112671823	2.262183747124487	2.1187445876365563
-0.18999999999999984	1.6864434619461572	1.4049993642801508	2.266360472584011	2.12251233163625
-0.17999999999999983	1.6920628151055623	1.4096122489872902	2.270545684215024	2.1262907105251077
-0.16999999999999985	1.6976953033474194	1.4142415173950031	2.2747393005201246	2.130079668694217
-0.15999999999999984	1.7033408109027843	1.4188871204657387	2.278941239446405	2.1338791498743737
-0.14999999999999983	1.708999221006377	1.4235490081179143	2.2831514183912587	2.1376890971386784
-0.13999999999999985	1.714670415905555	1.428227129225956	2.2873697542082474	2.141509452905218
-0.12999999999999984	1.7203542768694708	1.4329214316204901	2.2915961632130593	2.1453401589398284
-0.11999999999999983	1.7260506841983583	1.4376318620886546	2.2958305611895233	2.149181156358935
-0.10999999999999983	1.7317595172329512	1.44235836637453	2.300072863395678	2.153032385632455
-0.09999999999999984	1.737480654364118	1.447100889179754	2.30432298456996	2.156893786586819
-0.08999999999999983	1.743213973042558	1.4518593741642045	2.3085808389373925	2.1607652984080246
-0.07999999999999984	1.748959349788705	1.4566337639468563	2.312846340215888	2.164646859644789
-0.06999999999999984	1.7547166602027289	1.4614240001067824	2.317119401622594	2.168538408211798
-0.05999999999999983	1.7604857789747066	1.4662300231842464	2.321399935880306	2.172439881392987
-0.049999999999999836	1.7662665798949393	1.471051772681981	2.3256878552239577	2.176351215844946
-0.039999999999999834	1.7720589358643661	1.4758891870665605	2.329983071407146	2.1802723476003676
-0.029999999999999832	1.7778627189051668	1.4807422037699483	2.3342854957087527	2.1842032120715995
-0.019999999999999834	1.783677800171427	1.4856107591911238	2.338595038939575	2.1881437440542313
-0.009999999999999834	1.7895040499600376	1.4904947886979265	2.3429116114490887	2.192093877730817
1.6653345369377348e-16	1.7953413377216214	1.495394226628961	2.3472351231321995	2.196053546674617
0.010000000000000167	1.8011895320716484	1.5003090062956848	2.351565483436091	2.200022683853451
0.020000000000000167	1.8070485008016492	1.5052390599846046	2.355902601367111	2.204001221633598
0.030000000000000165	1.812918110890578	1.5101843189596365	2.3602463854977307	2.2079890917837988
0.04000000000000017	1.818798228516266	1.5151447134645881	2.36459674397354	2.2119862254793157
0.05000000000000017	1.8246887190670225	1.520120172725775	2.3689535845203076	2.215992553306065
0.060000000000000164	1.83058944715334	1.5251106249547843	2.3733168144510914	2.22000800526483
0.07000000000000017	1.8365002766197112	1.530115997351365	2.3776863406733924	2.224032510775537
0.08000000000000017	1.8424210705565627	1.5351362161064603	2.3820620696963637	2.2280659986816107
0.09000000000000016	1.8483516913123135	1.5401712064053945	2.3864439076380797	2.232108397254409
0.10000000000000017	1.854292000505517	1.5452208924311464	2.390831760232826	2.2361596341976973
0.11000000000000017	1.8602418590371352	1.5502851973678358	2.395225532838469	2.240219636652244
0.12000000000000016	1.866201127102884	1.5553640434042562	2.399625130443833	2.2442883312004223
0.13000000000000017	1.8721696642057275	1.560457351737631	2.404030457676164	2.2483656438709474
0.14000000000000018	1.8781473291684276	1.5655650425774408	2.408441418808601	2.2524515001436285
0.15000000000000016	1.8841339801462098	1.5706870351494175	2.4128579177677043	2.2565458249542187
0.16000000000000017	1.890129474639537	1.5758232476996705	2.4172798581410335	2.260648542699327
0.17000000000000018	1.8961336695069377	1.5809735974989483	2.421707143184743	2.2647595772413944
0.18000000000000016	1.9021464209779695	1.5861380008470165	2.426139675831233	2.2688788519137315
0.19000000000000017	1.9081675846662454	1.5913163730772029	2.4305773586968407	2.273006289525633
0.20000000000000018	1.9141970155825294	1.596508628561045	2.4350200940895443	2.2771418123675495
0.21000000000000016	1.920234568147969	1.6017146807130855	2.4394677840167343	2.281285342216319
0.22000000000000017	1.9262800962073454	1.6069344419958098	2.443920330192992	2.2854368003404812
0.23000000000000018	1.9323334530424292	1.6121678239246942	2.448377634047907	2.289596107505632
0.24000000000000016	1.938394491385436	1.6174147370733927	2.4528395967339405	2.2937631839798476
0.25000000000000017	1.9444630634325033	1.6226750910790815	2.4573061191343	2.297937949539188
0.2600000000000002	1.9505390208572755	1.6279487946478794	2.4617771018708474	2.302120323473223
0.2700000000000002	1.9566222148245558	1.6332357555604613	2.46625244531205	2.306310224590666
0.2800000000000002	1.962712496003991	1.6385358806777448	2.4707320495809286	2.3105075712250205
0.29000000000000015	1.968809714583859	1.6438490759467417	2.475215814563061	2.314712281240318
0.30000000000000016	1.9749137202848903	1.6491752464065323	2.4797036399145904	2.318924272036905
0.31000000000000016	1.98102436237415	1.6545142961943369	2.4841954250702574	2.3231434605572723
0.3200000000000002	1.9871414896789892	1.6598661285517622	2.4886910692514683	2.327369763291965
0.3300000000000002	1.993264950601037	1.6652306458311321	2.4931904714743673	2.33160309628553
0.3400000000000002	1.9993945931302277	1.6706077495019567	2.497693530557929	2.3358433751425185
0.3500000000000002	2.005530264858901	1.675997340157521	2.5022001451320723	2.3400905150335465
0.36000000000000015	2.0116718129959503	1.6813993175216349	2.5067102136458117	2.344344430701431
0.37000000000000016	2.017819084380962	1.6868135804554107	2.511223634375366	2.3486050364673114
0.38000000000000017	2.023971925498463	1.6922400269642763	2.515740305432353	2.352872246236909
0.3900000000000002	2.0301301824921514	1.6976785542050274	2.5202601247719416	2.357145973506774
0.4000000000000002	2.0362937011791864	1.7031290584930168	2.524782990201038	2.3614261313705924
0.4100000000000002	2.0424623270645053	1.7085914353094889	2.529308799386487	2.365712632525573
0.42000000000000015	2.0486359053551486	1.7140655793089843	2.5338374498632565	2.3700053892788335
0.43000000000000016	2.054814280974665	1.7195513843269155	2.5383688390426737	2.374304313553886
0.44000000000000017	2.0609972985774583	1.725048743387192	2.5429028642206117	2.378609316897112
0.4500000000000002	2.0671848025632302	1.7305575487100138	2.5474394225857293	2.38292031048433
0.4600000000000002	2.073376637091396	1.7360776917197562	2.551978411227689	2.3872372051273856
0.4700000000000002	2.0795726460955364	1.7416090630529526	2.556519727145385	2.391559911280779
0.4800000000000002	2.0857726732978343	1.7471515525663908	2.56106326725516	2.395888339048335
0.49000000000000016	2.0919765622235746	1.7527050493453584	2.565608928399058	2.4002223981899484
0.5000000000000002	2.0981841562155816	1.7582694417119145	2.5701566073530193	2.4045619981283046
0.5100000000000002	2.104395298448721	1.763844617233353	2.574706200835129	2.408907047955705
0.5200000000000001	2.1106098319443674	1.7694304627307007	2.579257605513822	2.413257456440878
0.5300000000000001	2.116827599584886	1.7750268642873681	2.583810718016104	2.417613132035871
0.5400000000000001	2.123048444128107	1.780633707257863	2.5883654349357585	2.421973982882935
0.5500000000000002	2.129272208221794	1.786250876276633	2.592921652841544	2.4263399168214805
0.5600000000000002	2.1354987344181056	1.7918782552669887	2.5974792682853898	2.4307108413950487
0.5700000000000002	2.141727865188046	1.797515727450132	2.6020381778105786	2.4350866638583146
0.5800000000000002	2.14795944293589	1.8031631753542774	2.6065982779599084	2.439467291184133
0.5900000000000002	2.1541933100136226	1.8088204808238662	2.6111594652838637	2.443852630070604
0.6000000000000002	2.1604293087353126	1.8144875250288646	2.6157216363487423	2.4482425869481648
0.6100000000000002	2.1666672813915104	1.8201641884741808	2.620284687744799	2.4526370679867355
0.6200000000000002	2.172907070263604	1.8258503510091457	2.6248485160943567	2.457035979102866
0.6300000000000002	2.179148517638129	1.8315458918370706	2.6294130180598905	2.461439225966906
0.6400000000000001	2.1853914658210845	1.8372506895249354	2.6339780903521173	2.4658467140102323
0.6500000000000001	2.191635757152201	1.8429646220131193	2.6385436297380505	2.47025834843247
0.6600000000000001	2.197881234019164	1.848687566625226	2.643109533049029	2.4746740342087428
0.6700000000000002	2.204127738871816	1.8544194000780059	2.6476756971887396	2.479093676096963
0.6800000000000002	2.21037511423632	1.8601599984913304	2.6522420191412035	2.4835171786451125
0.6900000000000002	2.216623202729277	1.865909237398275	2.6568083959787474	2.48794444619858
0.7000000000000002	2.222871847071797	1.8716669917552475	2.6613747248699413	2.4923753829074817
0.7100000000000002	2.2291208901035295	1.877433135952216	2.665940903087513	2.496809892734025
0.7200000000000002	2.2353701747966412	1.8832075438229898	2.670506828016234	2.501247879459875
0.7300000000000002	2.2416195442697537	1.8889900886555913	2.675072397160782	2.505689246693547
0.7400000000000002	2.2478688418018113	1.894780643202676	2.6796375081535637	2.5101338978778034
0.7500000000000002	2.254117910845911	1.9005790796920303	2.684202058762512	2.514581736297065
0.7600000000000002	2.2603665950430636	1.906385269837145	2.6887659468988554	2.5190326650848514
0.7700000000000001	2.2666147382358965	1.9121990848478327	2.693329070624842	2.523486587231209
0.7800000000000001	2.2728621844823067	1.9180203954409154	2.6978913281614423	2.5279434055901593
0.7900000000000001	2.2791087780690256	1.923849071850977	2.7024526178960055	2.5324030228871597
0.8000000000000002	2.285354363525148	1.929684983841176	2.707012838389892	2.5368653417265747
0.8100000000000002	2.291598785635564	1.9355280007140951	2.7115718883860493	2.5413302645991362
0.8200000000000002	2.297841889454341	1.9413779913226712	2.7161296668165713	2.5457976938894302
0.8300000000000002	2.3040835203180263	1.9472348240811626	2.7206860728102047	2.55026753188338
0.8400000000000002	2.310323523858869	1.9530983669761681	2.7252410056998135	2.5547396807757266
0.8500000000000002	2.3165617460179755	1.958968487577703	2.729794365029811	2.5592140426775227
0.8600000000000002	2.3227980330583833	1.964845053050314	2.7343460505635453	2.5636905196236244
0.8700000000000002	2.3290322315780445	1.9707279301642369	2.738895962290632	2.568169013580172
0.8800000000000002	2.335264188522747	1.9766169853066158	2.7434440004342626	2.572649426452092
0.8900000000000002	2.3414937511989313	1.9825120844927406	2.7479900654584477	2.577131660090578
0.9000000000000001	2.347720767286429	1.988413093377337	2.7525340580752244	2.5816156163005752
0.9100000000000001	2.3539450848511194	1.9943198772658917	2.757075879251815	2.586101196848263
0.9200000000000002	2.36016655235748	2.0002323011260117	2.761615430217731	2.5905883034685275
0.9300000000000002	2.3663850186810667	2.0061502295988243	2.7661526124718443	2.595076837872437
0.9400000000000002	2.3726003331208734	2.0120735270103918	2.770687327789383	2.599566701754695
0.9500000000000002	2.3788123454116294	2.0180020573831814	2.7752194782289066	2.6040577968011025
0.9600000000000002	2.385020905735966	2.023935684447536	2.7797489661392003	2.608550024695993
0.9700000000000002	2.3912258647365094	2.029874271653192	2.7842756941661393	2.6130432871296727
0.9800000000000002	2.3974270735278607	2.035817682180812	2.7887995652594877	2.6175374858058396
0.9900000000000002	2.403624383708475	2.041765778953542	2.7933204826796456	2.622032522448995
1.0000000000000002	2.4098176473724404	2.0477184246485822	2.797838350004342	2.6265282988118344
1.0100000000000002	2.416006717121151	2.053675481708786	2.8023530711352738	2.6310247166826297
1.0200000000000002	2.422191446074873	2.059636812354273	2.806864550304686	2.6355216778925983
1.0300000000000002	2.4283716878841957	2.0656022785940493	2.811372692081892	2.6400190843232476
1.0400000000000003	2.4345472967413864	2.071571742237646	2.815877401379743	2.6445168379137014
1.0500000000000003	2.440718127391622	2.0775450649067717	2.8203785834610318	2.6490148406680203
1.0600000000000003	2.4468840351441155	2.0835221080469646	2.82487614394484	2.6535129946624854
1.0700000000000003	2.453044875883123	2.0895027329392626	2.829369988812828	2.6580112020528763
1.0800000000000003	2.4592005060788384	2.0954868007118583	2.8338600244154537	2.662509365081706
1.09	2.4653507827981733	2.101474172351789	2.838346157478146	2.667007386085467
1.1	2.4714955637154166	2.1074647087165927	2.842828295107401	2.671505167501816
1.11	2.4776347071227742	2.1134582705459866	2.8473063447968228	2.676002611876756
1.12	2.483768071940794	2.1194547184735386	2.8517802144331013	2.6804996218717956
1.1300000000000001	2.4898955177286552	2.1254539130383194	2.8562498123019187	2.684996100271057
1.1400000000000001	2.4960169046943594	2.1314557146965702	2.8607150470938043	2.689491949988389
1.1500000000000001	2.502132093704774	2.1374599838333532	2.8651758279099138	2.6939870740744287
1.1600000000000001	2.508240946295561	2.143466580774174	2.8696320642677384	2.698481375723634
1.1700000000000002	2.514343324680986	2.1494753657966252	2.8740836661067664	2.702974758281302
1.1800000000000002	2.5204390917635893	2.1554861991419867	2.878530543794058	2.707467125250536
1.1900000000000002	2.526528111143735	2.161498941026826	2.882972608129763	2.711958380299195
1.2000000000000002	2.532610247129033	2.167513451654575	2.8874097703525683	2.7164484272668012
1.2100000000000002	2.5386853647436265	2.17352959122709	2.8918419421450783	2.720937170171419
1.2200000000000002	2.5447533297373544	2.1795472199561865	2.896269035639124	2.7254245132164927
1.2300000000000002	2.550814008594777	2.1855661980751506	2.900690963421002	2.729910360797654
1.2400000000000002	2.556867268544078	2.191586385850238	2.9051076385366525	2.7343946175094915
1.2500000000000002	2.5629129775658246	2.1976076435921215	2.909518974496751	2.7388771881522755
1.2600000000000002	2.5689510044015953	2.2036298316673335	2.913924885281744	2.743357977738656
1.2700000000000002	2.5749812185624856	2.2096528105096707	2.918325285346812	2.747836891500315
1.2800000000000002	2.5810034903374577	2.215676440631556	2.9227200896267473	2.752313834894572
1.2900000000000003	2.587017690801576	2.2217005826353837	2.9271092135407795	2.7567887136109652
1.3000000000000003	2.5930236918240954	2.2277250972248193	2.9314925729973162	2.7612614335777725
1.3100000000000003	2.5990213660764088	2.2337498452160585	2.935870084398614	2.7657319009685013
1.3200000000000003	2.6050105870398728	2.2397746875490627	2.9402416646453773	2.770200022208335
1.3300000000000003	2.610991229013479	2.245799485298736	2.9446072311412888	2.774665703980527
1.3400000000000003	2.616963167121397	2.2518240996860706	2.9489667017974543	2.779128853232757
1.35	2.6229262773203788	2.257848392089244	2.953319995036788	2.7835893771834384
1.36	2.6288804364070177	2.2638722240546754	2.9576670297983148	2.788047183327982
1.37	2.634825522024877	2.269895457308027	2.9620077255414	2.792502179445008
1.3800000000000001	2.640761412671472	2.2759179537651706	2.966342002249913	2.796954273602517
1.3900000000000001	2.646687987705115	2.281939575543084	2.9706697804362996	2.8014033741640025
1.4000000000000001	2.6526051273516185	2.2879601849707107	2.974990981145594	2.805849389794522
1.4100000000000001	2.658512712710861	2.2939796445997636	2.9793055259593526	2.8102922294667163
1.4200000000000002	2.664410625763213	2.2999978172154742	2.983613336999512	2.8147318024667816
1.4300000000000002	2.670298749375811	2.3060145658472733	2.987914336932164	2.8191680184003753
1.4400000000000002	2.67617696730871	2.3120297537794348	2.992208448971271	2.823600787198491
1.4500000000000002	2.682045164220877	2.318043244561642	2.996495596882293	2.8280300191232657
1.4600000000000002	2.6879032256760533	2.3240549020195034	3.0007757049857426	2.8324556247737402
1.4700000000000002	2.693751038148476	2.330064590265003	3.005048698160669	2.8368775150915635
1.4800000000000002	2.6995884890284483	2.3360721737068824	3.0093145018480554	2.8412956013666433
1.4900000000000002	2.705415466627781	2.342077517060967	3.0135730420541536	2.845709795242739
1.5000000000000002	2.7112318601850927	2.3480804853604256	3.0178242453537356	2.8501200087230116
1.5100000000000002	2.71703755987095	2.3540809439659425	3.022068038893265	2.8545261541754923
1.5200000000000002	2.7228324567928937	2.360078758575848	3.0263043503940037	2.85892814433852
1.5300000000000002	2.728616443000305	2.3660737952361655	3.0305331081550326	2.8633258923261096
1.5400000000000003	2.734389411489141	2.3720659203505803	3.034754241056204	2.867719311633261
1.5500000000000003	2.7401512562065244	2.378055000690352	3.03896767856101	2.8721083161412158
1.5600000000000003	2.745901872055192	2.3840409034041303	3.0431733507193814	2.876492820122649
1.5700000000000003	2.751641154897812	2.390023496027725	3.047371188170412	2.8808727382468104
1.5800000000000003	2.757369001561149	2.3960026464937663	3.051561122144998	2.8852479855845954
1.5900000000000003	2.7630853098400996	2.4019782231413114	3.0557430844684097	2.889618477613559
1.6	2.7687899785015846	2.4079500947253636	3.059917007562788	2.8939841302228806
1.61	2.7744829072883057	2.4139181304263118	3.0640828244495615	2.898344859718248
1.62	2.7801639969223544	2.419882199859285	3.0682404687517884	2.9027005828266965
1.6300000000000001	2.7858331491086967	2.4258421730834323	3.0723898746964236	2.907051216701376
1.6400000000000001	2.7914902665385095	2.431797920611111	3.0765309771165166	2.911396678926263
1.6500000000000001	2.7971352528923834	2.4377493134169965	3.080663711453321	2.9157368875208025
1.6600000000000001	2.802768012843391	2.443696222947108	3.084788013758347	2.920071760944498
1.6700000000000002	2.808388452060016	2.4496385211277323	3.08890382069532	2.9244012181014227
1.6800000000000002	2.813996477208946	2.4555760803742843	3.0930110695420816	2.9287251783446804
1.6900000000000002	2.8195919959577327	2.461508773600059	3.097109698192406	2.933043561480798
1.7000000000000002	2.8251749169773213	2.4674364742249058	3.1011996451577484	2.9373562877740516
1.7100000000000002	2.8307451499444305	2.473359056183801	3.1052808495689104	2.9416632779507297
1.7200000000000002	2.8363026055438216	2.4792763939353453	3.109353251177647	2.9459644532033327
1.7300000000000002	2.8418471954704163	2.4851883624701525	3.113416790358185	2.950259735194705
1.7400000000000002	2.8473788324312896	2.4910948373191575	3.1174714081086776	2.9545490460621036
1.7500000000000002	2.852897430147534	2.496995694561819	3.121517046052582	2.958832308421198
1.7600000000000002	2.858402903355987	2.502890810834243	3.125553646439968	2.9631094453700104
1.7700000000000002	2.8638951678108326	2.508780063337193	3.1295811521487495	2.96738038049278
1.7800000000000002	2.8693741402850756	2.5146633298440233	3.133599506685852	2.971645037863775
1.7900000000000003	2.874839738571877	2.520540488708492	3.137608654188296	2.975903342051019
1.8000000000000003	2.880291881485776	2.526411418872504	3.1416085394242246	2.980155218119973
1.8100000000000003	2.8857304888637754	2.53227599987373	3.145599107793846	2.9844005916371317
1.8200000000000003	2.8911554815663023	2.538134111853144	3.1495803053303146	2.988639388673561
1.8300000000000003	2.896566781478047	2.5439856355624535	3.1535520787005384	2.9928715358083706
1.8400000000000003	2.901964311508675	2.549830452371432	3.1575143752059174	2.9970969601321147
1.8500000000000003	2.9073479955934105	2.555668444275146	3.1614671427830094	3.001315589250124
1.86	2.9127177586935113	2.561499493901091	3.1654103300041334	3.0055273512857794
1.87	2.9180735267966065	2.5673234845162183	3.1693438860779	3.0097321748837076
1.8800000000000001	2.923415226916919	2.573140300033854	3.173267760849667	3.013929989212913
1.8900000000000001	2.928742787095373	2.5789498250205254	3.1771819048019427	3.0181207239698433
1.9000000000000001	2.9340561363995756	2.584751944702685	3.1810862690547084	3.0223043093813877
1.9100000000000001	2.939355204923683	2.590546544973316	3.184980805365678	3.026480676207802
1.9200000000000002	2.9446399237881495	2.5963335123984534	3.188865466130493	3.030649755745575
1.9300000000000002	2.9499102251393605	2.602112734223581	3.1927402043828486	3.0348114798302146
1.9400000000000002	2.955166042149152	2.607884098379941	3.1966049737945528	3.0389657808389794
1.9500000000000002	2.9604073090142102	2.613647493490724	3.200459728675527	3.0431125916935327
1.9600000000000002	2.9656339609553646	2.6194028088771626	3.204304423973733	3.047251845862534
1.9700000000000002	2.9708459342167712	2.6251499345645164	3.2081390152750453	3.0513834773641593
1.9800000000000002	2.9760431660649678	2.6308887612879435	3.211963458803044	3.055507420768553
1.9900000000000002	2.981225594787845	2.636619180498282	3.2157777114187667	3.059623611200221
2.	2.9863931596934896	2.6423410843677058	3.219581730620378	3.063731984340342
2.0100000000000002	2.9915458011089204	2.6480543657952844	3.223375474542782	3.06783247642902
2.02	2.9966834603787333	2.6537589184124357	3.227158901957183	3.0719250242674723
2.0300000000000002	3.001806079863621	2.659454636588266	3.230931972270568	3.0760095652201405
2.04	3.006913602938801	2.6651414154348076	3.2346946455251437	3.0800860372167427
2.0500000000000003	3.0120059739923404	2.6708191508121395	3.2384468823977026	3.08415437875425
2.06	3.017083138423366	2.6764877393334157	3.2421886441989334	3.088214528898807
2.0700000000000003	3.022145042640192	2.6821470783697734	3.2459198928726765	3.09226642728758
2.08	3.0271916340583305	2.68779706605513	3.249640590995109	3.096310014130527
2.0900000000000003	3.0322228610984143	2.693437601290891	3.253350701773887	3.100345230212129
2.1	3.037238673184018	2.699068583750525	3.257050189047215	3.1043720168930222
2.1100000000000003	3.0422390207393852	2.704689913884051	3.260739017282873	3.1083903161115902
2.12	3.0472238551870547	2.710301492922405	3.264417151577172	3.1124000703854744
2.1300000000000003	3.0521931289453983	2.715903222881705	3.2680845576538675	3.116401222813026
2.14	3.0571467954260654	2.7214950065674044	3.271741201863008	3.120393717074687
2.1500000000000004	3.0620848090313366	2.727076747578342	3.2753870511797363	3.1243774974343177
2.16	3.0670071251513775	2.7326483503106753	3.2790220732030275	3.128352508740437
2.1700000000000004	3.0719137001614203	2.7382097199617164	3.282646236154384	3.132318696427422
2.18	3.076804491418836	2.743760762533654	3.2862595088764652	3.1362760065166277
2.1900000000000004	3.081679457260148	2.749301384837172	3.2898618608316834	3.140224385617448
2.2	3.0865385569979256	2.754831494494952	3.2934532621007224	3.14416378092831
2.2100000000000004	3.0913817509176273	2.76035099994508	3.2970336833810316	3.1480941402376046
2.22	3.0962090002743334	2.76585981044434	3.300603095985247	3.1520154119245576
2.2300000000000004	3.101020267289416	2.7713578360714037	3.3041614718395804	3.1559275449600346
2.24	3.105815515147116	2.776844987729907	3.3077087834821453	3.1598304889072772
2.25	3.110594707991048	2.7823211771514273	3.3112450040612407	3.1637241939225884
2.2600000000000002	3.1153578109206217	2.787786316898355	3.314770107333588	3.1676086107559462
2.27	3.120104789987397	2.7932403203666576	3.3182840676625194	3.1714836907515607
2.2800000000000002	3.1248356121913434	2.7986831017885323	3.3217868600161133	3.1753493858483632
2.29	3.1295502454770485	2.8041145762349657	3.325278459965294	3.1792056485804427
2.3000000000000003	3.1342486587298346	2.8095346596181763	3.3287588436818756	3.183052432077413
2.31	3.1389308217718144	2.8149432686939617	3.33222798793657	3.186889690064723
2.3200000000000003	3.143596705357873	2.820340321063946	3.335685870096945	3.1907173768639128
2.33	3.1482462811715726	2.825725735177699	3.339132468125335	3.1945354473927914
2.3400000000000003	3.152879521821012	2.83109943033479	3.3425677605767254	3.1983438571655824
2.35	3.1574964008345825	2.8364613266867003	3.3459917265965657	3.2021425622929796
2.3600000000000003	3.1620968926566952	2.8418113452386673	3.3494043459185736	3.2059315194821734
2.37	3.166680972643424	2.8471494078514015	3.352805598862474	3.209710686036798
2.3800000000000003	3.171248617058084	2.852475437242715	3.356195466331707	3.2134800198568283
2.39	3.175799803066755	2.857789356989048	3.3595739298110923	3.217239479438421
2.4000000000000004	3.180334508733746	2.863091091526888	3.3629409713644622	3.220989023873695
2.41	3.184852713016991	2.8683805661541015	3.366296573632244	3.2247286128504573
2.4200000000000004	3.189354395763396	2.873657707031147	3.369640719829016	3.22845820665187
2.43	3.193839537704124	2.8789224411822207	3.372973393741017	3.2321777661560716
2.4400000000000004	3.1983081204498185	2.884174696496261	3.3762945797236226	3.2358872528357217
2.45	3.2027601264857894	2.8894144017278975	3.3796042626987908	3.239586628757515
2.4600000000000004	3.2071955391671283	2.8946414864982755	3.3829024281524616	3.2432758565816275
2.47	3.2116143427137773	2.899855881295797	3.386189062131929	3.2469548995611084
2.4800000000000004	3.2160165222055537	2.905057517476755	3.389464151243179	3.250623721541225
2.49	3.220402063577113	2.910246327265886	3.3927276826481894	3.254282286958747
2.5	3.2247709536128712	2.9154222437568196	3.3959796440622014	3.2579305608411877
2.5100000000000002	3.2291231799418814	2.9205852009124325	3.399220023750957	3.2615685088059836
2.52	3.233458731032654	2.9257351335651123	3.402448810527901	3.2651960970596257
2.5300000000000002	3.2377775961879465	2.930871977416935	3.4056659937513634	3.2688132923967466
2.54	3.2420797655394944	2.935995669039732	3.4088715633216955	3.2724200621991417
2.5500000000000003	3.2463652300427115	2.9411061458750907	3.4120655096783907	3.2760163744347603
2.56	3.2506339814713447	2.9462033462342436	3.4152478237971677	3.279602197656629
2.5700000000000003	3.2548860124120838	2.9512872092978735	3.418418497187026	3.283177501001734
2.58	3.2591213162591375	2.9563576751158394	3.4215775218872793	3.286742254189858
2.5900000000000003	3.2633398872087755	2.9614146846067984	3.4247248904645535	3.290296427522362
2.6	3.2675417202538197	2.966458179557751	3.4278605960097637	3.293839991880926
2.6100000000000003	3.271726811178117	2.9714881026234945	3.4309846321350648	3.297372918726236
2.62	3.2758951565509635	2.976504397325991	3.4340969929707734	3.3008951800966306
2.6300000000000003	3.2800467537215034	2.9815070080536494	3.4371976731622684	3.304406748606699
2.64	3.2841816008130946	2.986495880060526	3.4402866678668667	3.3079075974458343
2.6500000000000004	3.2882996967176377	2.991470959465436	3.443363972750672	3.311397700376738
2.66	3.2924010410898816	2.9964321932509854	3.446429583985408	3.314877031733888
2.6700000000000004	3.2964856343416993	3.0013795292625183	3.449483498245221	3.3183455664219554
2.68	3.3005534776363312	3.0063129162069853	3.452525712703466	3.321803279914183
2.6900000000000004	3.3046045728826052	3.0112323036517283	3.4555562250294707	3.3252501482507157
2.7	3.3086389227291306	3.0161376420231862	3.458575033385276	3.3286861480368954
2.7100000000000004	3.312656530558467	3.021028882605525	3.4615821364223636	3.332111256441509
2.72	3.3166574004812728	3.0259059775391792	3.464577533278357	3.335525451194998
2.7300000000000004	3.3206415373304234	3.0307688798193335	3.467561223573705	3.3389287105876244
2.74	3.324608946655114	3.0356175432943044	3.4705332074083524	3.342321013467603
2.7500000000000004	3.328559634714945	3.040451922663871	3.4734934853583868	3.3457023392391863
2.7600000000000002	3.332493608473976	3.045271973477509	3.4764420584726703	3.3490726678607152
2.77	3.3364108755947783	3.0500776521325648	3.4793789282694587	3.352431979842631
2.7800000000000002	3.3403114444324515	3.0548689158723517	3.4823040967329977	3.3557802562454504
2.79	3.34419532402864	3.059645722784172	3.48521756631011	3.3591174786776996
2.8000000000000003	3.348062524105522	3.064408031797267	3.4881193399067634	3.3624436292938125
2.81	3.3519130550597946	3.0691558026807058	3.4910094208846307	3.365758690792002
2.8200000000000003	3.3557469279566363	3.0738889960411897	3.4938878130576287	3.369062646412078
2.83	3.3595641545236576	3.078607573320794	3.4967545206884436	3.3723554799332467
2.8400000000000003	3.363364747144852	3.0833114967946527	3.4996095484850582	3.3756371756718697
2.85	3.36714871885452	3.0880007295685545	3.502452901597248	3.3789077184791863
2.8600000000000003	3.3709160833311946	3.0926752355764906	3.505284585613076	3.3821670937390036
2.87	3.3746668548915517	3.0973349795781275	3.5081046065553783	3.385415287365359
2.8800000000000003	3.37840104848432	3.101979927156221	3.5109129708782336	3.3886522858001458
2.89	3.382118679684174	3.106610044713961	3.513709685463427	3.391878076010706
2.9000000000000004	3.38581976468563	3.1112252994722582	3.5164947576169	3.3950926454873955
2.91	3.389504320296934	3.1158256594669673	3.5192681950652007	3.3982959822411187
2.9200000000000004	3.3931723639339424	3.120411093546049	3.5220300059519145	3.4014880748008296
2.93	3.3968239136140017	3.1249815713666713	3.524780198834093	3.404668912211006
2.9400000000000004	3.4004589879498255	3.129537063392254	3.527518782678678	3.407838484029097
2.95	3.4040776061433755	3.1340775408894554	3.530245766858915	3.410996780322937
2.9600000000000004	3.4076797879797276	3.138602975925094	3.532961161150758	3.414143791668137
2.97	3.411265553820951	3.1431133413630263	3.5356649757292766	3.4172795091454446
2.9800000000000004	3.4148349245999836	3.147608610860958	3.5383572211650502	3.420403924338081
2.99	3.418387921814506	3.152088758867208	3.5410379084205594	3.4235170293290493
3.0000000000000004	3.4219245675208274	3.1565537606174163	3.5437070488465796	3.426618816698419
3.0100000000000002	3.425444884327761	3.161003592131197	3.5463646541785594	3.4297092795205852
3.02	3.428948895390508	3.1654382302087374	3.549010736533001	3.4327884113614986
3.0300000000000002	3.4324366244045628	3.169857652427362	3.5516453084038457	3.4358562062758846
3.04	3.4359080955995944	3.174261837138019	3.5542683826588433	3.438912658804421
3.0500000000000003	3.439363333733357	3.178650763461746	3.5568799725359264	3.4419577639709114
3.06	3.442802364085598	3.1830244112860693	3.559480091639585	3.4449915172794188
3.0700000000000003	3.4462252124519743	3.1873827612613574	3.562068753937236	3.4480139147113924
3.08	3.449631905137979	3.1917257947971382	3.564645973755594	3.451024952722764
3.0900000000000003	3.4530224689528763	3.196053494058361	3.5672117657770426	3.454024628241029
3.1	3.4563969312036464	3.2003658419616183	3.5697661450360036	3.457012938662302
3.1100000000000003	3.4597553196889366	3.20466282217132	3.572309126915309	3.4599898818483568
3.12	3.4630976626930363	3.2089444190958303	3.574840727142577	3.4629554561236486
3.1300000000000003	3.4664239889798436	3.2132106178835587	3.5773609617865785	3.4659096602723127
3.14	3.469734327786863	3.2174614044190113	3.579869847253618	3.4688524935351506
3.1500000000000004	3.4730287088192067	3.2216967653188	3.582367400283914	3.4717839556065924
3.16	3.4763071622436117	3.225916687927616	3.584853637947974	3.474704046631651
3.1700000000000004	3.4795697186824714	3.230121160314161	3.5873285776429853	3.4776127672028503
3.18	3.4828164092078797	3.234310171267045	3.5897922370891955	3.4805101183571447
3.1900000000000004	3.4860472653356958	3.2384837102906405	3.592244634326311	3.483396101572819
3.2	3.489262319019621	3.2426417676009125	3.59468578770989	3.4862707187663764
3.2100000000000004	3.492461602645291	3.246784334121198	3.597115715907741	3.489133972289409
3.22	3.4956451490243903	3.2509114014779703	3.5995344378963328	3.4919858649254563
3.2300000000000004	3.4988129913887827	3.255022961996552	3.601941972957203	3.494826399886854
3.24	3.501965163384654	3.2591190086968007	3.604338340673376	3.4976555808115584
3.2500000000000004	3.5051016990666857	3.263199535288778	3.6067235609257846	3.500473411759973
3.2600000000000002	3.5082226328922346	3.2672645361683643	3.609097653889702	3.503279897211753
3.27	3.511327999715543	3.27131400641286	3.611460640031175	3.5060750420625992
3.2800000000000002	3.514417834781966	3.2753479417765545	3.613812540103472	3.508858851621051
3.29	3.5174921737222156	3.2793663386862617	3.6161533751435293	3.511631331605253
3.3000000000000003	3.52055105254663	3.2833691942368355	3.6184831664684136	3.514392488139723
3.31	3.5235945076394706	3.2873565061866534	3.620801935671789	3.5171423277521097
3.3200000000000003	3.526622575753224	3.291328272953076	3.6231097046203886	3.519880857369935
3.33	3.529635294002949	3.2952844936078867	3.625406495450505	3.5226080843173344
3.3400000000000003	3.532632699860631	3.2992251678726987	3.627692330564481	3.525324016311788
3.35	3.535614831149564	3.3031502961143397	3.62996723262721	3.528028661460836
3.3600000000000003	3.538581726038759	3.307059879340227	3.632231224562655	3.530722028258801
3.37	3.5415334230373774	3.3109539191937056	3.6344843295503653	3.533404125583494
3.3800000000000003	3.5444699609891854	3.3148324179493684	3.636726571022013	3.5360749626929096
3.39	3.5473913790670375	3.3186953785083655	3.6389579726579373	3.5387345492219335
3.4000000000000004	3.5502977167673837	3.3225428043936853	3.6411785583836966	3.5413828951790225
3.41	3.553189013904804	3.3263746997454215	3.643388352366637	3.544020010942897
3.4200000000000004	3.556065310606569	3.330191069316018	3.645587379012467	3.546645907259217
3.43	3.558926647307227	3.333991918465501	3.6477756629618487	3.5492605952372607
3.4400000000000004	3.561773064743219	3.3377772531566965	3.6499532290869983	3.5518640863466002
3.45	3.56460460394752	3.341547079950424	3.6521201024882983	3.554456392413766
3.4600000000000004	3.5674213062443116	3.3453014060006874	3.654276308490924	3.5570375256189184
3.47	3.570223213243678	3.349040239049839	3.6564218726414826	3.5596074984925092
3.4800000000000004	3.573010366836336	3.3527635874237456	3.658556820704663	3.5621663239119474
3.49	3.5757828091883863	3.356471460026923	3.660681178659901	3.564714015098254
3.5000000000000004	3.578540582736104	3.36016386633768	3.662794972698059	3.5672505856127295
3.5100000000000002	3.5812837301807496	3.3638408164032296	3.6648982292181147	3.569776049353604
3.5200000000000005	3.584012294483416	3.3675023208348125	3.6669909748238707	3.5722904205527026
3.5300000000000002	3.586726318859899	3.3711483908027895	3.669073236320669	3.574793713772099
3.54	3.589425846775608	3.3747790380317397	3.6711450407121298	3.577285943900775
3.5500000000000003	3.5921109219404954	3.37839427479555	3.6732064151968986	3.5797671261512836
3.56	3.5947815883040293	3.3819941139124814	3.675257387165409	3.5822372760564014
3.5700000000000003	3.5974378900501813	3.38557856874025	3.6772979841966595	3.5846964094657956
3.58	3.6000798715924645	3.3891476531710856	3.6793282340550117	3.5871445425426853
3.5900000000000003	3.6027075775689905	3.3927013816267957	3.681348164686994	3.5895816917605097
3.6	3.605321052837559	3.3962397690538157	3.6833578042181294	3.5920078738995933
3.6100000000000003	3.6079203424707846	3.3997628309182613	3.6853571809497736	3.594423106043817
3.62	3.6105054917512485	3.403270583200971	3.68734632335597	3.5968274055772933
3.6300000000000003	3.6130765461666936	3.4067630423925572	3.6893252600803246	3.599220790181043
3.64	3.61563355140524	3.4102402254884403	3.6912940199328936	3.6016032778296796
3.6500000000000004	3.61817655335064	3.413702149983888	3.693252631887084	3.6039748867880883
3.66	3.620705598077565	3.4171488338690614	3.6952011250765797	3.6063356356081244
3.6700000000000004	3.6232207318469265	3.420580295624044	3.6971395287922775	3.608685543125303
3.68	3.6257220011012254	3.423996554213887	3.6990678724792394	3.6110246284555023
3.6900000000000004	3.6282094524599424	3.427397629083642	3.7009861857336683	3.613352910991668
3.7	3.630683132714954	3.430783540153405	3.7028944982998935	3.615670410400525
3.7100000000000004	3.6331430888259875	3.4341543078133565	3.7047928400673777	3.6179771466192943
3.72	3.6355893679161113	3.437509952918811	3.7066812410677437	3.6202731398524226
3.7300000000000004	3.638022017267249	3.440850496785255	3.7085597314718077	3.6225584105683066
3.74	3.64044108431574	3.4441759611834053	3.7104283415866464	3.6248329794960337
3.7500000000000004	3.642846616647931	3.447486368334269	3.7122871018526706	3.627096867622132
3.7600000000000002	3.6452386619957906	3.4507817409041897	3.714136042840717	3.629350096187314
3.7700000000000005	3.6476172682325756	3.454062101999924	3.715975195249162	3.6315926866832466
3.7800000000000002	3.64998248336852	3.4573274751637086	3.717804589901056	3.633824660849315
3.79	3.65233435554656	3.4605778843683392	3.719624257741266	3.6360460406694024
3.8000000000000003	3.6546729330381034	3.4638133540122524	3.7214342298336507	3.6382568483686764
3.81	3.656998264238811	3.46703390891462	3.723234537358236	3.6404571064103823
3.8200000000000003	3.659310397664443	3.470239574310443	3.7250252116084277	3.6426468374926504
3.83	3.6616093819467177	3.4734303758456715	3.7268062839882328	3.644826064545309
3.8400000000000003	3.663895265829207	3.476606339572305	3.728577786009497	3.6469948107267087
3.85	3.666168098163283	3.4797674919435275	3.7303397492891706	3.6491530994205545
3.8600000000000003	3.6684279279040775	3.4829138598088445	3.732092205546582	3.6513009542327515
3.87	3.670674804106495	3.486045470409225	3.7338351866007433	3.6534383989882615
3.8800000000000003	3.672908775921248	3.489162351372257	3.7355687243676603	3.655565457727963
3.89	3.675129892590933	3.492264530707317	3.7372928508576715	3.657682154705532
3.9000000000000004	3.677338203446145	3.4953520368007527	3.7390075981728086	3.6597885143843305
3.91	3.6795337579016163	3.498424898411066	3.740712998504162	3.661884561434299
3.9200000000000004	3.681716605452403	3.501483144664125	3.7424090841292843	3.663970320728875
3.93	3.6838867956700936	3.504526805048373	3.744095887409596	3.666045817341908
3.9400000000000004	3.6860443781990675	3.507555909410068	3.7457734407878265	3.6681110765446014
3.95	3.6881894027527733	3.510570487948514	3.747441776785457	3.670166123802451
3.9600000000000004	3.6903219191100556	3.513570571211331	3.7491009280002023	3.6722109847722124
3.97	3.692441977111506	3.5165561900897178	3.750750927103496	3.6742456852988665
3.9800000000000004	3.6945496266558537	3.519527375813743	3.752391806838001	3.6762702514126064
3.99	3.6966449176963954	3.522484159947651	3.7540236000151466	3.678284709325837
4.	3.6987279002374494	3.5254265743851696	3.755646339512671	3.680289085430182
4.010000000000001	3.7007986243308593	3.528354651344858	3.7572600582721982	3.6822834062935117
4.0200000000000005	3.7028571400725143	3.531268423365444	3.7588647892968226	3.6842676986569787
4.03	3.7049034975989215	3.5341679233012	3.7604605656487204	3.6862419894320713
4.04	3.7069377470838067	3.537053184317325	3.7620474204467835	3.6882063056976775
4.05	3.7089599387347407	3.5399242398853454	3.7636253868642595	3.6901606746971662
4.0600000000000005	3.7109701227898158	3.542781123778534	3.7651944981264274	3.6921051238354803
4.07	3.7129683495143464	3.545623870067348	3.766754787508285	3.694039680676243
4.08	3.7149546691976116	3.5484525131148876	3.768306288332257	3.6959643729388865
4.09	3.7169291321496196	3.551267087572368	3.7698490339659236	3.697879228495783
4.1000000000000005	3.718891788697924	3.5540676283746144	3.771383057819769	3.6997842753694026
4.11	3.7208426891844586	3.556854170735572	3.772908393344948	3.701679541729476
4.12	3.7227818839624147	3.5596267501438437	3.7744250740310763	3.7035650558901816
4.13	3.7247094233931546	3.5623854023582426	3.775933133404038	3.705440846307342
4.140000000000001	3.726625357843148	3.5651301634033583	3.7774326050238094	3.7073069415756352
4.15	3.7285297376809567	3.5678610695651565	3.7789235224823137	3.709163370425826
4.16	3.7304226132742433	3.570578157386593	3.780405919401282	3.711010161722009
4.17	3.7323040349868166	3.5732814636632466	3.781879829430143	3.712847344458872
4.180000000000001	3.7341740531757104	3.5759710254389767	3.7833452862439296	3.714674947758969
4.19	3.7360327181882957	3.5786468800015987	3.7848023235412063	3.716493000870013
4.2	3.737880080359427	3.581309064878588	3.7862509750420137	3.7183015331621845
4.21	3.739716190008622	3.583957617832798	3.7876912744858364	3.7201005741254587
4.220000000000001	3.7415410974372763	3.5865925768582083	3.78912325562959	3.7218901533669446
4.23	3.7433548529259024	3.5892139801756846	3.790546952245623	3.723670300608239
4.24	3.7451575067314122	3.5918218662287744	3.7919623981197437	3.7254410456828064
4.25	3.746949109084432	3.594416273679517	3.793369627049268	3.727202418533369
4.260000000000001	3.74872971018664	3.596997241404276	3.7947686728410797	3.7289544492093083
4.2700000000000005	3.7504993602081473	3.5995648084896015	3.7961595693097157	3.7306971678640957
4.28	3.7522581092849028	3.6021190142281068	3.7975423502754713	3.7324306047527296
4.29	3.7540060075161406	3.6046598981143796	3.79891704956252	3.7341547902291947
4.3	3.7557431049618453	3.607187499840913	3.800283700997059	3.7358697547439386
4.3100000000000005	3.757469451640268	3.609701859294047	3.8016423384054683	3.7375755288413592
4.32	3.7591850975254544	3.6122030165499623	3.802992995612496	3.7392721431573213
4.33	3.760890092544818	3.614691011870672	3.8043357064394527	3.7409596284166766
4.34	3.762584486576742	3.61716588570005	3.8056705047024355	3.7426380154308103
4.3500000000000005	3.7642683294482078	3.619627678659887	3.8069974242105666	3.744307335095203
4.36	3.765941670932463	3.6220764315459597	3.80831649876425	3.7459676183870085
4.37	3.7676045607467117	3.6245121853241375	3.8096277621534487	3.74761889636265
4.38	3.7692570485498442	3.6269349811265092	3.810931248155982	3.749261200155435
4.390000000000001	3.77089918394019	3.6293448602475316	3.8122269905358404	3.750894560973185
4.4	3.772531016453309	3.6317418641402073	3.8135150230415187	3.752519010095885
4.41	3.774152595559803	3.6341260344122928	3.814795379404369	3.7541345788733524
4.42	3.77576397066317	3.636497412822516	3.816068093336974	3.755741298722918
4.430000000000001	3.7773651910976773	3.638856041276843	3.8173331985315357	3.757339201127131
4.44	3.778956306126275	3.6412019618247484	3.8185907286582847	3.758928317631476
4.45	3.7805373649385277	3.6435352166555273	3.81984071736391	3.7605086798421152
4.46	3.782108416648587	3.6458558480946257	3.821083198270001	3.762080319423639
4.470000000000001	3.783669510293189	3.6481638985999973	3.8223182049715185	3.7636432680968444
4.48	3.785220694829676	3.6504594107584913	3.823545771035271	3.7651975576365233
4.49	3.7867620191340574	3.65274242728226	3.8247659299984216	3.7667432198692725
4.5	3.7882935319990882	3.655012991005199	3.825978715367003	3.768280286671321
4.510000000000001	3.789815282132391	3.6572711448794113	3.8271841606144603	3.769808789966379
4.5200000000000005	3.7913273181545897	3.6595169319716963	3.8283822991802023	3.7713287617234927
4.53	3.7928296885974864	3.661750395460065	3.829573164468179	3.772840233954936
4.54	3.7943224419022528	3.6639715786302927	3.8307567898454704	3.774343238714101
4.55	3.795805626417667	3.666180524872479	3.8319332086408995	3.775837808093422
4.5600000000000005	3.79727929039836	3.668377277677652	3.833102454143658	3.777323974222307
4.57	3.7987434820030974	3.67056188063439	3.8342645596019493	3.778801769265091
4.58	3.8001982492931	3.672734377425477	3.8354195582216577	3.7802712254190096
4.59	3.8016436402303677	3.6748948118245752	3.8365674831650214	3.7817323749121865
4.6000000000000005	3.803079702676052	3.677043227692935	3.8377083675493346	3.783185250001642
4.61	3.804506484388847	3.6791796689761265	3.8388422444456642	3.7846298829713203
4.62	3.8059240330234037	3.6813041797007977	3.8399691468775754	3.7860663061301274
4.63	3.8073323961287766	3.683416803971461	3.841089107819889	3.787494551809996
4.640000000000001	3.8087316211468987	3.68551758596731	3.8422021601974445	3.788914652363966
4.65	3.810121755411071	3.6876065699390566	3.843308336883881	3.7903266401642814
4.66	3.811502846144496	3.6896838002058026	3.844407670700447	3.791730547600503
4.67	3.812874940458815	3.6917493211519323	3.845500194414806	3.793126407077643
4.680000000000001	3.814238085352693	3.693803177224033	3.8465859407398777	3.794514251014317
4.69	3.8155923277104145	3.695845412927853	3.8476649423326896	3.795894111840912
4.7	3.816937714300509	3.6978760728252675	3.8487372317932413	3.7972660219977747
4.71	3.8182742917744026	3.6998952015312883	3.8498028416633887	3.7986300139334124
4.720000000000001	3.819602106665093	3.701902843711096	3.8508618044257443	3.799986120102719
4.73	3.820921205385851	3.703899044077095	3.8519141525025975	3.8013343729652136
4.74	3.82223163422894	3.7058838473859987	3.8529599182548377	3.8026748049832992
4.75	3.823533439364372	3.7078572984359415	3.853999133980914	3.8040074486205366
4.760000000000001	3.8248266668386766	3.7098194420636244	3.855031831915792	3.8053323363399403
4.7700000000000005	3.8261113625736964	3.711770323141473	3.8560580442299393	3.8066495006022874
4.78	3.8273875723654105	3.713709986574835	3.8570778030283166	3.807958973864444
4.79	3.8286553418827776	3.7156384772992004	3.8580911403493943	3.8092607885777165
4.800000000000001	3.8299147166666034	3.7175558402774502	3.859098088164178	3.8105549771862113
4.8100000000000005	3.8311657421284275	3.7194621204971274	3.86009867837525	3.8118415721252155
4.82	3.832408463549443	3.7213573629677414	3.8610929428158305	3.8131206058195963
4.83	3.833642926079428	3.723241612718094	3.8620809132488487	3.814392110682218
4.84	3.834869174735704	3.7251149147936355	3.8630626213660335	3.81565611911237
4.8500000000000005	3.83608725440212	3.726977314253846	3.8640380987870153	3.816912663494224
4.86	3.8372972098280522	3.7288288561696423	3.865007377058447	3.818161776195296
4.87	3.838499085627431	3.7306695856208147	3.8659704876531356	3.8194034895649316
4.88	3.839692926277782	3.7324995476934877	3.8669274619691896	3.8206378359328097
4.890000000000001	3.8408787761193066	3.7343187874776076	3.8678783313291882	3.821864847607461
4.9	3.8420566793539574	3.736127350064459	3.86882312697935	3.8230845568748006
4.91	3.8432266800445563	3.7379252805441974	3.8697618800887312	3.8242969959966833
4.92	3.8443888221139253	3.739712624003431	3.8706946217484295	3.825502197209474
4.930000000000001	3.845543149344038	3.7414894255227997	3.871621382970807	3.826700192722629
4.94	3.8466897053751934	3.743255730174603	3.872542194688721	3.827891014717306
4.95	3.847828533705206	3.745011583020442	3.873457087754775	3.829074695344977
4.96	3.848959677688623	3.7467570291088914	3.874366092940583	3.8302512667260684
4.970000000000001	3.8500831805359543	3.7484921134731977	3.875269240936041	3.831420760948612
4.98	3.851199085312932	3.7502168811290058	3.876166562348626	3.832583210066919
4.99	3.852307434939774	3.7519313770721006	3.877058087702687	3.8337386461002563
5.	3.853408272190484	3.7536356462761846	3.877943847438774	3.8348871010315557
5.010000000000001	3.8545016396921565	3.7553297336906857	3.8788238719129624	3.8360286068061322
5.0200000000000005	3.8555875799243124	3.7570136842385713	3.8796981913961988	3.837163195330415
5.03	3.8566661352182456	3.7586875428142075	3.880566836073657	3.838290898470699
5.04	3.8577373477563897	3.7603513542812324	3.8814298360441093	3.839411748051912
5.050000000000001	3.858801259571711	3.7620051634704614	3.8822872213193107	3.8405257758564
5.0600000000000005	3.8598579125471035	3.7636490151778124	3.8831390218233928	3.8416330136227224
5.07	3.860907348414816	3.765282954162248	3.8839852673922706	3.8427334930444603
5.08	3.8619496087558955	3.7669070251437713	3.88482598777307	3.8438272457690608
5.09	3.862984734999639	3.768521272801414	3.885661212623557	3.844914303396673
5.1000000000000005	3.864012768423078	3.7701257417712677	3.8864909715115856	3.84599469747901
5.11	3.8650337501504604	3.7717204766445294	3.887315293914555	3.847068459518226
5.12	3.8660477211527704	3.773305521965586	3.888134209218884	3.8481356209658117
5.13	3.867054722247252	3.774880922230106	3.88894774671949	3.8491962132214983
5.140000000000001	3.868054794096951	3.776446721883168	3.8897559356192875	3.8502502676321835
5.15	3.8690479772102795	3.7780029653174063	3.890558805028692	3.851297815490863
5.16	3.870034311940589	3.7795496968711886	3.8913563839651415	3.8523388880355944
5.17	3.8710138384857657	3.781086960826801	3.892148701352625	3.8533735164484533
5.180000000000001	3.8719865968878406	3.7826148014086822	3.8929357860212264	3.8544017318545256
5.19	3.872952627032611	3.7841332627816557	3.893717666706674	3.8554235653209004
5.2	3.8739119686492853	3.785642389049203	3.894494372049912	3.856439047855686
5.21	3.874864661310137	3.787142224251753	3.8952659305966715	3.857448210407034
5.220000000000001	3.8758107444301775	3.7886328123649955	3.8960323707970606	3.8584510838621813
5.23	3.8767502572668415	3.7901141972982177	3.8967937210051597	3.8594476990465116
5.24	3.8776832389196882	3.7915864228926677	3.8975500094786337	3.8604380867226187
5.25	3.8786097283301224	3.793049532919934	3.898301264378353	3.861422277589398
5.260000000000001	3.8795297642811204	3.7945035710803516	3.8990475137680214	3.8624003022811406
5.2700000000000005	3.8804433853969753	3.7959485810014333	3.899788785613819	3.863372191366651
5.28	3.881350630143065	3.7973846062363212	3.9005251077840573	3.864337975348373
5.29	3.882251536825616	3.7988116902622586	3.9012565080488377	3.865297684661533
5.300000000000001	3.883146143591497	3.8002298764790843	3.901983014079726	3.866251349673289
5.3100000000000005	3.8840344884280205	3.8016392082077557	3.902704653449437	3.86719900068191
5.32	3.8849166091627554	3.8030397286888835	3.9034214536315255	3.8681406679159496
5.33	3.8857925434633604	3.8044314810813002	3.904133442000093	3.8690763815334477
5.34	3.8866623288374216	3.805814508460638	3.9048406458294975	3.87000617162114
5.3500000000000005	3.887526002632309	3.807188853817936	3.905543092294079	3.870930068193677
5.36	3.8883836020350473	3.8085545600582695	3.9062408084678917	3.871848101192869
5.37	3.8892351640721925	3.809911669999397	3.9069338213244476	3.8727603004869264
5.38	3.890080725609729	3.811260226370429	3.9076221577364665	3.8736666958697317
5.390000000000001	3.890920323352973	3.8126002718105196	3.9083058444756396	3.8745673170601087
5.4	3.891753993846493	3.8139318488675773	3.9089849082123993	3.8754621937011153
5.41	3.89258177347404	3.8152549999969985	3.909659375515701	3.8763513553593456
5.42	3.893403698458487	3.8165697675604213	3.9103292728528096	3.8772348315242415
5.430000000000001	3.894219804861787	3.817876193824496	3.9109946265891	3.878112651607424
5.44	3.8950301285849367	3.8191743209596822	3.9116554629878633	3.8789848449420297
5.45	3.8958347053679536	3.8204641910390604	3.912311808210123	3.8798514407820655
5.46	3.8966335707898665	3.8217458460371705	3.9129636883144623	3.8807124683017733
5.470000000000001	3.897426760268716	3.8230193278288627	3.913611129256853	3.8815679565950054
5.48	3.898214309061561	3.824284678188171	3.914254156890503	3.882417934674616
5.49	3.898996252264505	3.82554193878721	3.9148927969656997	3.8832624314718602
5.5	3.8997726248127265	3.8267911511950867	3.915527075129677	3.8841014758358092
5.510000000000001	3.9005434614805257	3.8280323568768315	3.9161570169264786	3.884935096532775
5.5200000000000005	3.901308796881372	3.8292655971923546	3.916782647796831	3.885763322245748
5.53	3.9020686654679735	3.830490913395414	3.9174039930780307	3.8865861815738456
5.54	3.902823101532348	3.8317083466326043	3.918021078003836	3.887403703031771
5.550000000000001	3.9035721392059086	3.832917937942369	3.9186339277043616	3.8882159150492885
5.5600000000000005	3.904315812459558	3.8341197282540262	3.9192425672059916	3.889022845970705
5.57	3.905054155103787	3.8353137583868127	3.919847021431289	3.8898245240543625
5.58	3.9057872007888004	3.8365000690489546	3.9204473151989254	3.8906209774721523
5.59	3.9065149830046244	3.837678700836741	3.9210434732236013	3.891412234309018
5.6000000000000005	3.907237535081248	3.8388496942336348	3.921635520115992	3.8921983225625
5.61	3.9079548901887633	3.8400130896093834	3.922223480382689	3.8929792701422636
5.62	3.9086670813375104	3.8411689272191545	3.922807378426149	3.8937551048696504
5.63	3.9093741413782443	3.842317247202702	3.9233872385446613	3.8945258544772456
5.640000000000001	3.9100761030022975	3.843458089583523	3.9239630849323066	3.895291546608442
5.65	3.9107729987417557	3.8445914942680557	3.924534941678933	3.896052208817026
5.66	3.911464860969647	3.8457175010448816	3.9251028327701367	3.896807868566768
5.67	3.912151721900134	3.846836149583954	3.9256667820872497	3.89755855323103
5.680000000000001	3.9128336135887096	3.847947479435831	3.926226813407331	3.898304290092373
5.69	3.913510567932415	3.8490515300309376	3.926782950403169	3.8990451063421814
5.7	3.914182616670049	3.850148340678836	3.927335216643287	3.899781029080302
5.71	3.9148497913824047	3.8512379505675227	3.9278836355919626	3.9005120853146837
5.720000000000001	3.915512123492488	3.852320398762724	3.9284282306092373	3.9012383019610284
5.73	3.9161696442657687	3.8533957242072283	3.9289690249509506	3.9019597058424593
5.74	3.9168223848104273	3.85446396572022	3.9295060417687715	3.9026763236891924
5.75	3.9174703760776066	3.8555251619966375	3.9300393041102346	3.9033881821382175
5.760000000000001	3.9181136488616763	3.8565793516065385	3.9305688349187844	3.904095307732993
5.7700000000000005	3.9187522338005025	3.85762657299449	3.9310946570338294	3.904797726923147
5.78	3.919386161375727	3.8586668644789697	3.931616793190798	3.905495466064187
5.79	3.920015461913044	3.859700264251783	3.9321352660211955	3.906188551417222
5.800000000000001	3.9206401655825003	3.86072681037749	3.93265009805268	3.9068770091486913
5.8100000000000005	3.921260302398781	3.861746540792865	3.9331613117091315	3.9075608653301064
5.82	3.9218759022215224	3.862759493306342	3.9336689293107314	3.9082401459377913
5.83	3.9224869947556162	3.863765705597505	3.9341729730740487	3.908914876852647
5.84	3.9230936095515276	3.8647652152165746	3.934673465112132	3.9095850838599144
5.8500000000000005	3.923695776005614	3.86575805958391	3.935170427434597	3.910250792648946
5.86	3.9242935233604603	3.866744275989538	3.9356638819477405	3.9109120288129913
5.87	3.9248868807052055	3.867723901592681	3.936153850454635	3.9115688178489902
5.88	3.9254758769758853	3.868696973421305	3.936640354655245	3.9122211851573656
5.890000000000001	3.926060540955781	3.8696635283716887	3.937123416146543	3.912869156041842
5.9	3.9266409012757655	3.870623603207992	3.937603056422631	3.913512755709253
5.91	3.9272169864146638	3.871577234561853	3.9380792968748652	3.9141520092693725
5.92	3.927788824699611	3.8725244589319834	3.9385521587919863	3.9147869417347416
5.930000000000001	3.928356444306425	3.873465312683795	3.9390216633602595	3.9154175780205165
5.94	3.928919873259976	3.874399832049022	3.939487831663611	3.916043942944312
5.95	3.9294791394345605	3.875328053125366	3.9399506846837715	3.9166660612260595
5.96	3.9300342705542954	3.8762500118761576	3.940410243300433	3.9172839574878737
5.970000000000001	3.9305852941934907	3.8771657441300165	3.940866528291395	3.917897656253921
5.98	3.9311322377770526	3.8780752855805396	3.9413195603327256	3.9185071819503032
5.99	3.931675128580875	3.8789786717859926	3.941769359998927	3.919112558904943
6.	3.932213993732246	3.8798759381690195	3.9422159477630982	3.9197138113474783
6.010000000000001	3.9327488602102467	3.8807671200163565	3.94265934399711	3.920310963409165
6.0200000000000005	3.9332797548461675	3.881652252478568	3.943099568971775	3.9209040391227865
6.03	3.9338067043239207	3.8825313705697866	3.943536642857034	3.9214930624225683
6.04	3.9343297351804605	3.8834045091674714	3.943970585722136	3.9220780571441067
6.050000000000001	3.934848873806202	3.884271703012169	3.94440141753582	3.9226590470242915
6.0600000000000005	3.935364146445455	3.885132986707302	3.9448291581665185	3.923236055701253
6.07	3.935875579196849	3.8859883947189457	3.945253827382539	3.923809106714297
6.08	3.9363831980137696	3.886837961375641	3.9456754448522733	3.924378223503863
6.09	3.9368870287047986	3.8876817208682017	3.946094030144393	3.9249434294114796
6.1000000000000005	3.9373870969341533	3.8885197072495368	3.946509602728058	3.925504747679727
6.11	3.937883428222137	3.88935195443449	3.946922181973127	3.926062201452214
6.12	3.938376047945582	3.89017849619968	3.9473317871503677	3.9266158137735463
6.13	3.938864981338307	3.8909993661833613	3.9477384374316755	3.927165607589319
6.140000000000001	3.9393502534915705	3.891814597885287	3.9481421518902917	3.927711605746102
6.15	3.9398318893545317	3.8926242246665894	3.948542949501027	3.928253830991437
6.16	3.940309913734711	3.8934282797496658	3.948940849140488	3.9287923059738414
6.17	3.9407843512984573	3.8942267962180788	3.9493358695873066	3.929327053242817
6.180000000000001	3.9412552265714136	3.8950198070164586	3.949728029522371	3.9298580952488584
6.19	3.941722563938992	3.8958073449504287	3.9501173475290634	3.9303854543434844
6.2	3.9421863876468457	3.89658944268653	3.9505038420934975	3.930909152779255
6.21	3.9426467218013452	3.8973661327521567	3.95088753160476	3.9314292127098054
6.220000000000001	3.9431035903700575	3.898137447535507	3.9512684343551534	3.931945656189888
6.23	3.9435570171822323	3.8989034192855367	3.9516465685404474	3.9324585051754104
6.24	3.9440070259292823	3.899664080111929	3.9520219522601243	3.9329677815234847
6.25	3.94445364016527	3.9004194619850656	3.952394603517633	3.9334735069924873
6.260000000000001	3.9448968833074045	3.9011695967360174	3.9527645402206475	3.93397570324211
6.2700000000000005	3.945336778636519	3.9019145160565305	3.9531317801813186	3.934474391833432
6.28	3.945773349297585	3.902654251499036	3.9534963411165425	3.9349695942289884
6.29	3.9462066183001854	3.9033888344766545	3.9538582406482132	3.93546133179284
6.300000000000001	3.946636608519035	3.9041182962632215	3.954217496303501	3.935949625790661
6.3100000000000005	3.9470633426944643	3.9048426679933153	3.954574125515108	3.9364344973898238
6.32	3.947486843432929	3.9055619806622914	3.9549281456215444	3.9369159676594823
6.33	3.9479071332075133	3.906276265126329	3.955279573867402	3.9373940575706765
6.34	3.9483242343584375	3.906985552102485	3.9556284274036253	3.9378687879964236
6.3500000000000005	3.9487381690935632	3.907689872168757	3.9559747232877913	3.938340179711832
6.36	3.9491489594889018	3.9083892557641526	3.9563184784843863	3.938808253394204
6.37	3.949556627489131	3.909083733188763	3.9566597098650886	3.93927302962315
6.38	3.9499611949081004	3.909773334603855	3.9569984342090505	3.939734528880712
6.390000000000001	3.9503626834293524	3.9104580900319608	3.957334668203185	3.9401927715514837
6.4	3.9507611146066317	3.911138029356978	3.957668428442451	3.9406477779227362
6.41	3.951156509864411	3.9118131823242788	3.957999731430145	3.9410995681845544
6.42	3.9515488904983944	3.912483578540826	3.958328593578186	3.9415481624299673
6.430000000000001	3.951938277676056	3.9131492474752987	3.958655031207419	3.941993580655096
6.44	3.952324692437144	3.913810218458211	3.9589790605478963	3.942435842759288
6.45	3.952708155694214	3.9144665206820655	3.9593006977391845	3.9428749685452766
6.46	3.953088688233145	3.9151181832014865	3.9596199588306558	3.943310977719328
6.470000000000001	3.9534663107136687	3.9157652349333727	3.959936859781791	3.9437438898913957
6.48	3.9538410436698928	3.9164077046570562	3.960251416462481	3.9441737245752866
6.49	3.954212907510821	3.9170456210144646	3.960563644653321	3.944600501188818
6.5	3.954581922520892	3.9176790125102965	3.9608735600459286	3.945024239053996
6.510000000000001	3.954948108860498	3.9183079075121943	3.961181178243239	3.945444957397176
6.5200000000000005	3.955311486566514	3.9189323342509264	3.9614865147598146	3.945862675349245
6.53	3.955672075552832	3.9195523208205882	3.961789585022154	3.9462774119458013
6.54	3.9560298956108833	3.9201678951787793	3.9620904043690004	3.94668918612733
6.550000000000001	3.9563849664101793	3.9207790851468243	3.9623889880516567	3.9470980167393988
6.5600000000000005	3.9567373074988326	3.92138591840997	3.9626853512342914	3.9475039225328383
6.57	3.957086938304093	3.921988422517604	3.962979508994257	3.947906922163942
6.58	3.9574338781328797	3.922586624883466	3.963271476322401	3.948307034194655
6.590000000000001	3.957778146172313	3.9231805527858916	3.9635612681233856	3.948704277092782
6.6000000000000005	3.95811976149025	3.923770233368022	3.9638488992160017	3.9490986692321832
6.61	3.958458743035809	3.9243556936380526	3.9641343843334864	3.9494902288929814
6.62	3.958795109639916	3.924936960469476	3.964417738123845	3.9498789742617735
6.63	3.9591288800158275	3.9255140606013215	3.9646989751501676	3.9502649234318374
6.640000000000001	3.9594600727596685	3.926087020638413	3.964978109890951	3.9506480944033506
6.65	3.9597887063509702	3.9266558670516285	3.965255156740424	3.951028505083608
6.66	3.960114799153197	3.9272206261781566	3.9655301300088643	3.9514061732872383
6.67	3.960438369414284	3.927781324221768	3.965803043922924	3.951781116736432
6.680000000000001	3.960759435267175	3.9283379872530895	3.966073912625957	3.9521533530611643
6.69	3.96107801473035	3.9288906412098767	3.9663427501783417	3.9525228997994244
6.7	3.9613941257083645	3.9294393118973012	3.966609570557805	3.9528897743974474
6.71	3.96170778599238	3.9299840249882334	3.9668743876597516	3.953253994209949
6.720000000000001	3.962019013260704	3.930524806023538	3.9671372152975923	3.9536155765003618
6.73	3.962327825079313	3.93106168041236	3.967398067203067	3.953974538441069
6.74	3.9626342389024	3.931594673432442	3.9676569570265787	3.9543308971136564
6.75	3.962938272072895	3.9321238102304124	3.9679138983375197	3.9546846695091467
6.760000000000001	3.9632399418230064	3.932649115822098	3.9681689046246	3.9550358725282497
6.7700000000000005	3.963539265274752	3.9331706150928465	3.9684219892961825	3.9553845229816114
6.78	3.9638362594404875	3.9336883327978307	3.968673165680608	3.9557306375900625
6.79	3.964130941223443	3.9342022935623744	3.968922447026528	3.9560742329848724
6.800000000000001	3.964423327418254	3.934712521882279	3.9691698465032386	3.956415325708005
6.8100000000000005	3.9647134347114887	3.9352190421241504	3.9694153772010092	3.956753932212375
6.82	3.965001279682185	3.9357218785257295	3.969659052131418	3.9570900688621062
6.83	3.9652868788023747	3.9362210551962336	3.9699008842276813	3.9574237519327964
6.840000000000001	3.9655702484376185	3.936716596116689	3.9701408863449896	3.957754997611776
6.8500000000000005	3.9658514048475277	3.937208525140281	3.970379071260838	3.9580838219983763
6.86	3.966130364186301	3.937696865992696	3.9706154516753625	3.958410241104196
6.87	3.9664071425032463	3.9381816422724736	3.970850040211671	3.9587342708533693
6.88	3.9666817557433083	3.938662877451357	3.9710828494161783	3.959055927082835
6.890000000000001	3.9669542197476	3.939140594874657	3.971313891758943	3.9593752255426167
6.9	3.9672245502539214	3.939614817761602	3.971543179633997	3.959692181896085
6.91	3.9674927628972876	3.94008556920571	3.9717707253596815	3.960006811720242
6.92	3.9677588732104527	3.940552872175145	3.9719965411789846	3.9603191305059964
6.930000000000001	3.9680228966244355	3.941016749513099	3.9722206392598727	3.960629153658444
6.94	3.9682848484690347	3.9414772239381493	3.9724430316956236	3.9609368964971434
6.95	3.9685447439733608	3.9419343180446447	3.9726637305051677	3.961242374256405
6.96	3.968802598266346	3.942388054303077	3.9728827476334145	3.961545602085569
6.970000000000001	3.9690584263772726	3.942838455060463	3.9731000949515947	3.961846595049293
6.98	3.969312243236285	3.9432855425407265	3.973315784257588	3.9621453681278376
6.99	3.9695640636749117	3.9437293388450865	3.9735298272762627	3.9624419362173553
7.	3.9698139024265826	3.944169865952439	3.973742235659809	3.9627363141301766
7.010000000000001	3.9700617741271427	3.9446071457197545	3.973953020988073	3.963028516595103
7.0200000000000005	3.970307693315364	3.9450411998824704	3.974162194768888	3.9633185582577006
7.03	3.9705516744334655	3.9454720500548772	3.9743697684384145	3.9636064536805873
7.04	3.970793731827621	3.945899717730526	3.974575753361469	3.9638922173437288
7.050000000000001	3.9710338797484757	3.946324224282626	3.9747801608318625	3.9641758636447375
7.0600000000000005	3.971272132351645	3.946745590964439	3.974983002072725	3.964457406899162
7.07	3.9715085036982414	3.947163838909699	3.975184288236853	3.9647368613407914
7.08	3.9717430077553653	3.947578989132996	3.9753840304070276	3.9650142411219456
7.090000000000001	3.9719756583966235	3.947991062530207	3.9755822395963585	3.965289560313783
7.1000000000000005	3.9722064694026282	3.948400079878888	3.9757789267486094	3.9655628329065937
7.11	3.972435454461503	3.9488060618386958	3.9759741027385336	3.9658340728101047
7.12	3.97266262716939	3.949209028951799	3.9761677783722056	3.96610329385378
7.13	3.9728880010309457	3.9496090016432914	3.976359964387351	3.9663705097871236
7.140000000000001	3.973111589459844	3.950006000221613	3.976550671453678	3.9666357342799836
7.15	3.973333405779277	3.950400044878962	3.976739910173211	3.966898980922856
7.16	3.9735534632224483	3.950791155691722	3.976927691080614	3.96716026322719
7.17	3.973771774933078	3.951179352620883	3.97711402464353	3.9674195946256963
7.180000000000001	3.9739883539658862	3.951564655512459	3.9772989212629017	3.967676988472648
7.19	3.974203213287099	3.9519470840979194	3.9774823912733064	3.9679324580441953
7.2	3.974416365774931	3.9523266579946115	3.9776644449432808	3.9681860165386653
7.21	3.9746278242200828	3.9527033967061875	3.97784509247565	3.968437677076878
7.220000000000001	3.974837601326228	3.9530773196230373	3.9780243440078586	3.9686874527024494
7.23	3.9750457097105008	3.9534484460227173	3.9782022096122915	3.9689353563821066
7.24	3.975252161903984	3.9538167950703755	3.978378699296604	3.969181401005992
7.25	3.975456970352193	3.954182385819193	3.9785538230040483	3.9694255993879777
7.260000000000001	3.9756601474155646	3.9545452372108123	3.978727590613798	3.969667964265978
7.2700000000000005	3.9758617053699297	3.9549053680757735	3.9789000119412714	3.969908508302256
7.28	3.976061656407002	3.9552627971339493	3.979071096738458	3.97014724408374
7.29	3.9762600126348566	3.955617542994981	3.97924085469424	3.970384184122331
7.300000000000001	3.976456786078404	3.9559696241587208	3.9794092954347193	3.9706193408552233
7.3100000000000005	3.976651988679868	3.95631905901566	3.9795764285235338	3.970852726645208
7.32	3.976845632299262	3.956665865847377	3.979742263462182	3.97108435378099
7.33	3.977037728714861	3.9570100628269804	3.979906809690348	3.971314234477509
7.340000000000001	3.977228289623672	3.9573516680195358	3.9800700765862147	3.9715423808762385
7.3500000000000005	3.977417326641904	3.9576906993825203	3.9802320734667878	3.971768805045512
7.36	3.9776048513054403	3.95802717476626	3.9803928095882144	3.971993518980832
7.37	3.977790875070299	3.9583611119143747	3.9805522941461016	3.9722165346051863
7.38	3.9779754093131037	3.9586925284642156	3.980710536275832	3.9724378637693603
7.390000000000001	3.978158465331542	3.9590214419473164	3.980867545052881	3.972657518252253
7.4	3.9783400543448333	3.959347869789835	3.981023329493137	3.9728755097611934
7.41	3.9785201874941825	3.9596718293129944	3.9811778985532102	3.9730918499322496
7.42	3.9786988758432433	3.9599933377335383	3.9813312611307525	3.973306550330553
7.430000000000001	3.978876130378573	3.9603124121641646	3.9814834260647687	3.9735196224506044
7.44	3.9790519620100873	3.9606290696139794	3.981634402135928	3.9737310777165935
7.45	3.9792263815715176	3.9609433269889456	3.9817841980668827	3.9739409274827127
7.46	3.9793993998208577	3.9612552010923183	3.981932822522572	3.974149183033471
7.470000000000001	3.979571027440816	3.9615647086251062	3.9820802841105354	3.9743558555840126
7.48	3.979741275039265	3.9618718661865056	3.9822265913812247	3.9745609562804263
7.49	3.9799101531496883	3.962176690274359	3.982371752828311	3.974764496200064
7.5	3.980077672231622	3.962479197285595	3.9825157768889916	3.974966486351855
7.510000000000001	3.9802438426711024	3.9627794035166795	3.9826586719442987	3.9751669376766166
7.5200000000000005	3.980408674781108	3.9630773251640647	3.9828004463194078	3.9753658610473765
7.53	3.9805721788019923	3.9633729783246316	3.9829411082839385	3.9755632672696777
7.54	3.98073436490193	3.9636663789961433	3.983080666052262	3.9757591670818977
7.550000000000001	3.9808952431773497	3.9639575430776883	3.983219127783806	3.97595357115556
7.5600000000000005	3.981054823653368	3.964246486370135	3.983356501583354	3.976146490095651
7.57	3.9812131162842257	3.9645332245765728	3.9834927955013515	3.97633793444093
7.58	3.9813701309537137	3.964817773302762	3.9836280175342034	3.976527914664243
7.590000000000001	3.9815258774756064	3.96510014805758	3.9837621756245754	3.9767164411728335
7.6000000000000005	3.981680365594088	3.9653803642534715	3.9838952776616936	3.97690352430866
7.61	3.9818336049841796	3.9656584372068977	3.9840273314816432	3.9770891743487047
7.62	3.9819856052521603	3.965934382138773	3.9841583448676645	3.977273401505282
7.63	3.9821363759359913	3.9662082141749213	3.984288325550449	3.9774562159263587
7.640000000000001	3.9822859265057367	3.966479948346524	3.9844172812084375	3.977637627695857
7.65	3.9824342663639825	3.9667495995905506	3.984545219468111	3.977817646833966
7.66	3.9825814048462505	3.9670171827502267	3.984672147904287	3.9779962832974576
7.67	3.982727351221415	3.967282712575461	3.9847980740404094	3.9781735469799906
7.680000000000001	3.9828721146921233	3.967546203723299	3.984923005348845	3.9783494477124237
7.69	3.983015704395191	3.9678076707583685	3.985046949251167	3.978523995263122
7.7	3.9831581294020255	3.9680671281533164	3.985169913118449	3.9786971993382654
7.71	3.983299398719032	3.96832459028926	3.9852919042715547	3.9788690695821605
7.720000000000001	3.983439521288013	3.9685800714562287	3.9854129299814214	3.979039615577544
7.73	3.9835785059865803	3.968833585853602	3.9855329974693507	3.9792088468458897
7.74	3.9837163616285483	3.969085147590557	3.9856521139072894	3.9793767728477203
7.75	3.983853096964346	3.9693347706865065	3.985770286418119	3.9795434029829053
7.760000000000001	3.983988720681406	3.9695824690715455	3.9858875220759358	3.979708746590976
7.7700000000000005	3.984123241404569	3.969828256586881	3.9860038279063357	3.9798728129514194
7.78	3.984256667696472	3.9700721469852858	3.9861192108866925	3.9800356112839936
7.79	3.984389008057948	3.9703141539315263	3.986233677946444	3.9801971507490244
7.800000000000001	3.9845202709284115	3.970554291002805	3.9863472359673624	3.9803574404477104
7.8100000000000005	3.9846504646862555	3.9707925716891994	3.9864598917838436	3.9805164894224268
7.82	3.9847795976492315	3.9710290093940985	3.9865716521831756	3.980674306657024
7.83	3.9849076780748427	3.971263617434638	3.9866825239058183	3.980830901077134
7.840000000000001	3.9850347141607227	3.9714964090421367	3.98679251364568	3.9809862815504675
7.8500000000000005	3.985160714045023	3.9717273973625327	3.98690162805039	3.9811404568871143
7.86	3.985285685806787	3.971956595456815	3.9870098737215693	3.9812934358398446
7.87	3.985409637466337	3.972184016301457	3.987117257215108	3.9814452271044045
7.88	3.9855325769856447	3.972409672788855	3.9872237850414325	3.981595839319819
7.890000000000001	3.98565451226871	3.972633577727745	3.987329463665776	3.981745281068681
7.9	3.985775451161933	3.972855743843655	3.9874342995084486	3.9818935608774595
7.91	3.9858954014544854	3.9730761837793147	3.987538298945103	3.982040687216786
7.92	3.986014370878682	3.9732949100950954	3.987641468307004	3.9821866685017526
7.930000000000001	3.9861323671103426	3.9735119352694346	3.9877438138812886	3.9823315130922063
7.94	3.9862493977691713	3.973727271699269	3.9878453419112407	3.982475229293048
7.95	3.9863654704191047	3.973940931700448	3.9879460585965427	3.982617825354515
7.96	3.9864805925686873	3.974152927508174	3.9880459700935473	3.9827593094724816
7.970000000000001	3.9865947716714225	3.9743632712774137	3.988145082515531	3.9828996897887494
7.98	3.9867080151261387	3.9745719750833293	3.988243401932962	3.9830389743913335
7.99	3.986820330277345	3.9747790509216996	3.9883409343737526	3.9831771713147566
8.	3.9869317244155824	3.97498451070934	3.9884376858235226	3.9833142885403383