-8.	0.9998993660344722	1.9864255554370468e-6	0.00033508838607047104
-7.99	0.9998983546955241	1.6009125704167526e-6	0.0003384522936535421
-7.98	0.9998973331919434	-1.3199529559922476e-6	0.00034184992652956626
-7.97	0.9998963014249019	-1.1010481481723272e-6	0.00034528163224371405
-7.96	0.9998952592893078	2.432786046873952e-6	0.00034874774749774117
-7.95	0.9998942066810398	-1.9188239419939462e-6	0.0003522486149261071
-7.94	0.9998931434940731	1.8541172774316563e-6	0.0003557845870676832
-7.93	0.9998920696235928	-1.588789295219568e-6	0.0003593560071825051
-7.92	0.9998909849612425	2.213997529399893e-6	0.00036296323766987223
-7.91	0.9998898893999641	-1.526908465603955e-6	0.0003666066332310946
-7.9	0.9998887828286124	-6.610403278020496e-7	0.000370286559150062
-7.89	0.999887665136887	2.3918153510174578e-6	0.00037400336835718745
-7.88	0.999886536214027	1.0026918118140194e-6	0.0003777574465034257
-7.87	0.9998853959463145	-9.294575578163684e-7	0.0003815491560666498
-7.86	0.9998842442195279	-2.1405454435694233e-6	0.00038537887941864443
-7.85	0.9998830809197087	-1.9750321795145163e-6	0.00038924698727740663
-7.84	0.9998819059292602	-1.9473125850110353e-6	0.0003931538715921622
-7.83	0.9998807191312369	-1.864339003350877e-6	0.0003970999204158204
-7.82	0.9998795204074499	-1.1867397721254e-6	0.00040108552135575054
-7.81	0.9998783096376314	3.165988152594079e-7	0.00040511106867521253
-7.8	0.9998770867006683	2.0980843318614413e-6	0.00040917696560742244
-7.79	0.9998758514745264	9.175028677671514e-7	0.0004132836131960053
-7.78	0.9998746038360157	-1.5058076371243225e-6	0.0004174314239350896
-7.77	0.9998733436593419	7.12270543475421e-7	0.0004216208011949584
-7.76	0.9998720708192491	1.082284242141824e-6	0.00042585216169358615
-7.75	0.9998707851891424	-1.6422019435304422e-6	0.00043012592914508455
-7.74	0.9998694866396364	1.9740072819782825e-6	0.0004344425294528678
-7.73	0.9998681750407749	-1.6054557020140122e-6	0.00043880238287789586
-7.72	0.9998668502619029	1.3639731152533454e-6	0.00044320592600685215
-7.71	0.9998655121705882	1.6528986454117653e-7	0.000447653595776044
-7.7	0.9998641606325949	-1.6421857366540473e-6	0.0004521458311386895
-7.69	0.9998627955138184	2.257292820973368e-6	0.000456683075304526
-7.68	0.9998614166763304	1.0191033155047674e-6	0.000461265783169976
-7.67	0.9998600239839307	-1.3974468167439683e-6	0.00046589440685170945
-7.66	0.9998586172960361	-1.3510031933416155e-6	0.00047056940365183857
-7.65	0.9998571964731019	1.5804133774491477e-7	0.0004752912374074403
-7.64	0.9998557613724426	1.3222107131588231e-6	0.0004800603789646641
-7.63	0.9998543118506599	1.7109218323070518e-6	0.0004848772954695336
-7.62	0.9998528477626893	1.864513075329549e-6	0.0004897424636543968
-7.61	0.999851368962866	1.7073762155635187e-6	0.00049465637178759
-7.6	0.9998498753029593	1.1162822029203295e-6	0.0004996195028312293
-7.59	0.9998483666335414	9.291293109603217e-8	0.0005046323443458693
-7.58	0.9998468428043056	-9.526959898131633e-7	0.0005096954000161385
-7.57	0.9998453036621177	-9.255863947940045e-7	0.0005148091648830435
-7.56	0.999843749053546	1.018281846794883e-6	0.0005199741497331447
-7.55	0.9998421788241734	2.2146486823996853e-6	0.0005251908641941941
-7.54	0.999840592814683	-1.078981715340824e-6	0.0005304598240277359
-7.53	0.9998389908690437	-4.734692836266005e-7	0.0005357815472765224
-7.52	0.9998373728256849	2.148116987986932e-6	0.0005411565666426354
-7.51	0.9998357385232349	-1.7715436728547345e-6	0.0005465854116837261
-7.5	0.9998340877985322	2.2120195058079543e-6	0.0005520686176051509
-7.49	0.9998324204859824	-1.390436784167151e-6	0.0005576067282400433
-7.48	0.9998307364197296	2.2702537348829067e-6	0.0005632002917401946
-7.47	0.9998290354308395	-1.9123208315231e-6	0.0005688498601760055
-7.46	0.9998273173496723	2.9195044541163523e-6	0.0005745559897812816
-7.45	0.9998255820044725	-1.513392165624992e-6	0.0005803192532932934
-7.44	0.9998238292215453	2.2905220911872553e-7	0.000586140210852193
-7.43	0.9998220588257692	2.155551316194871e-6	0.0005920194431533137
-7.42	0.9998202706403068	-8.906274241717851e-7	0.0005979575294593885
-7.41	0.9998184644862795	-1.1772064262795467e-6	0.0006039550558519464
-7.4	0.9998166401831468	1.406845152608278e-6	0.0006100126191651211
-7.39	0.9998147975491724	2.800504465428225e-6	0.0006161308135764254
-7.38	0.9998129363996655	1.368303636589848e-6	0.0006223102421190877
-7.37	0.9998110565482319	-4.899333709159126e-7	0.0006285515201405933
-7.36	0.9998091578073499	-1.4742798152463322e-6	0.0006348552612678613
-7.35	0.9998072399874283	-1.8398576388649024e-6	0.0006412220881176875
-7.34	0.9998053028970176	-1.8371528875663727e-6	0.0006476526309699712
-7.33	0.9998033463415323	-1.9803170497303095e-6	0.000654147521639005
-7.32	0.9998013701264623	-2.124792844861372e-6	0.0006607074041205907
-7.31	0.9997993740537869	-2.0106949085973897e-6	0.0006673329232185562
-7.3	0.9997973579240544	-9.857627637177671e-7	0.0006740247354339425
-7.29	0.9997953215360696	5.860151215859846e-7	0.0006807835001436157
-7.28	0.9997932646858106	2.556012756297496e-6	0.0006876098829749342
-7.27	0.9997911871677938	3.063316339694545e-6	0.0006945045581489217
-7.26	0.9997890887750879	3.2638623723877177e-7	0.0007014682074683059
-7.25	0.9997869692971106	-1.9924131466852113e-6	0.0007085015183553325
-7.24	0.9997848285220199	2.763860549334819e-7	0.000715605177736395
-7.23	0.999782666236624	2.9907565014003195e-6	0.0007227798930128321
-7.22	0.9997804822244264	-4.864136551003404e-7	0.000730026368090211
-7.21	0.9997782762668871	-7.898795731193658e-7	0.0007373453183969477
-7.2	0.9997760481440903	2.936855904684315e-6	0.0007447374641855459
-7.19	0.9997737976330958	-1.2825351933614892e-6	0.0007522035361416353
-7.18	0.999771524508923	1.312984127679621e-6	0.0007597442671646356
-7.17	0.9997692285442377	7.884750502675635e-7	0.000767360400717299
-7.16	0.999766909509944	-2.042248073467117e-8	0.0007750526878227195
-7.15	0.9997645671743717	1.2985424669384649e-6	0.0007828218860290795
-7.14	0.9997622013030859	1.907032242223151e-7	0.0007906687590485296
-7.13	0.9997598116595607	6.731668265132336e-7	0.0007985940807054982
-7.12	0.9997573980058062	1.4117817183181178e-6	0.0008065986317097331
-7.11	0.9997549600996993	-9.454650613288594e-7	0.0008146831965265429
-7.1	0.9997524976983735	2.588372846364659e-6	0.0008228485753073661
-7.09	0.9997500105548596	-3.989174895326009e-7	0.0008310955681604937
-7.08	0.9997474984210835	1.0105593395509714e-7	0.0008394249872437699
-7.07	0.9997449610460808	2.3369756945158612e-6	0.0008478376531185259
-7.06	0.9997423981765879	1.8812246061146805e-7	0.0008563343901470162
-7.05	0.9997398095562617	-4.4538512571211827e-7	0.0008649160349158868
-7.04	0.9997371949256293	1.4108052072545222e-6	0.000873583433084679
-7.03	0.9997345540247298	2.037363044101483e-6	0.0008823374344824082
-7.02	0.999731886589052	4.1316804591357394e-7	0.000891178898905777
-7.01	0.9997291923520123	-8.982916674318423e-7	0.000900108697237523
-7.	0.9997264710444994	-2.3721308612149458e-7	0.0009091277057060403
-6.99	0.9997237223944624	1.4079362116463586e-6	0.0009182368088545827
-6.9799999999999995	0.9997209461273506	2.5644595042728003e-6	0.0009274369046369077
-6.97	0.9997181419656983	2.7793362600573975e-6	0.0009367288919633608
-6.96	0.9997153096295224	2.4531937310749297e-6	0.0009461136852957342
-6.95	0.9997124488354032	2.012399083574617e-6	0.0009555922058085002
-6.94	0.9997095592981021	1.690285960102237e-6	0.0009651653836717966
-6.93	0.9997066407282876	1.5594700746467509e-6	0.0009748341580608715
-6.92	0.9997036928346184	1.5992255036704854e-6	0.000984599477304893
-6.91	0.9997007153225119	1.8010587135244572e-6	0.0009944622992531615
-6.9	0.9996977078945781	2.2778903495559406e-6	0.0010044235900212417
-6.89	0.999694670250063	2.7586937946785734e-6	0.0010144843275132385
-6.88	0.9996916020859719	2.7408112763477506e-6	0.0010246454970859154
-6.87	0.999688503095023	2.1606673491100325e-6	0.001034908094566984
-6.86	0.9996853729683903	1.022199670864145e-6	0.0010452731258927814
-6.85	0.9996822113927102	-9.707553983441169e-8	0.0010557416063493286
-6.84	0.9996790180523382	-2.128760352544564e-7	0.001066314561413802
-6.83	0.9996757926281462	9.713583633699475e-7	0.001076993024724876
-6.82	0.9996725347982945	2.56334647270199e-6	0.0010877780446339883
-6.81	0.9996692442362884	2.419250507021903e-6	0.0010986706730948868
-6.8	0.9996659206148811	1.858844057118888e-7	0.0011096719808149796
-6.79	0.9996625636005939	-6.436682306853582e-8	0.0011207830395328204
-6.78	0.9996591728590478	2.3656711746133674e-6	0.001132004937516366
-6.77	0.9996557480508002	2.2057979441553656e-6	0.0011433387724320866
-6.76	0.9996522888342402	-6.529066672875511e-8	0.0011547856525168606
-6.75	0.9996487948634627	1.5512383061814005e-6	0.0011663466971008247
-6.74	0.999645265789457	2.511864939562998e-6	0.001178023036216408
-6.7299999999999995	0.9996417012598043	1.64426582227843e-7	0.0011898158078919214
-6.72	0.9996381009181822	1.900297306034509e-6	0.0012017261680659626
-6.71	0.999634464405035	2.253650568152313e-6	0.0012137552773483595
-6.7	0.9996307913570825	-4.582804573949269e-8	0.0012259043101247613
-6.69	0.9996270814076876	3.3511780384153625e-6	0.001238174454045199
-6.68	0.9996233341858105	-5.942395344368086e-8	0.0012505669052010973
-6.67	0.9996195493174923	2.8087815903327328e-6	0.0012630828730958537
-6.66	0.9996157264244738	9.448759765821359e-7	0.0012757235785605704
-6.65	0.9996118651246982	2.068206550178655e-6	0.0012884902529891344
-6.64	0.9996079650325965	1.430299018456884e-6	0.0013013841445710863
-6.63	0.9996040257586613	2.0961578303593703e-6	0.0013144065066770427
-6.62	0.9996000469094231	1.1851878482147411e-6	0.0013275586082573784
-6.61	0.9995960280873927	2.7626489202504194e-6	0.0013408417322339802
-6.6	0.9995919688911958	5.161543395681807e-7	0.0013542571727676426
-6.59	0.999587868915485	3.4882586703044494e-6	0.0013678062343662615
-6.58	0.9995837277502181	3.7863052505173094e-7	0.0013814902367835348
-6.57	0.99957954498229	3.0368747219321265e-6	0.0013953105112067092
-6.56	0.9995753201937586	1.8298635695529403e-6	0.0014092684030909874
-6.55	0.9995710529628087	9.403318418136985e-7	0.0014233652692301846
-6.54	0.9995667428629312	3.983328599143548e-6	0.0014376024805478845
-6.53	0.9995623894638016	9.004184727937086e-7	0.0014519814223022181
-6.52	0.9995579923307002	1.5688240859711257e-6	0.001466503488782036
-6.51	0.999553551024446	4.012636964090897e-6	0.0014811700941193434
-6.5	0.9995490651011882	1.3884510387024236e-6	0.001495982662182141
-6.49	0.9995445341133212	1.1416512045411675e-6	0.0015109426298018588
-6.4799999999999995	0.9995399576079486	3.7641730293954706e-6	0.0015260514505673357
-6.47	0.9995353351281477	3.0396770034827008e-6	0.0015413105893444718
-6.46	0.9995306662125016	9.96962580052411e-7	0.0015567215284957117
-6.45	0.9995259503944202	1.9566789061595227e-6	0.0015722857604097815
-6.44	0.9995211872032662	3.8564336203228005e-6	0.00158800479587105
-6.43	0.9995163761631631	3.4394986636489418e-6	0.0016038801583206593
-6.42	0.9995115167935891	1.6663549258213254e-6	0.001619913384821493
-6.41	0.999506608609391	1.2596788337570852e-6	0.0016361060294242627
-6.4	0.9995016511203961	2.7572983506891045e-6	0.0016524596604987425
-6.39	0.9994966438316183	4.342680033286406e-6	0.0016689758600799043
-6.38	0.9994915862429735	4.4051036821574185e-6	0.0016856562270986736
-6.37	0.9994864778496166	3.0454571450256018e-6	0.001702502374903578
-6.36	0.9994813181412607	1.5466808566590824e-6	0.001719515933921083
-6.35	0.9994761066025567	1.0076106205182189e-6	0.0017366985464578719
-6.34	0.9994708427132728	1.7408241969695239e-6	0.0017540518768764737
-6.33	0.9994655259480074	3.0882086353350854e-6	0.0017715775987605048
-6.32	0.9994601557757296	4.434360710399675e-6	0.0017892774057114889
-6.31	0.9994547316601666	5.288711009677376e-6	0.0018071530057410185
-6.3	0.9994492530596013	5.49932078417009e-6	0.0018252061263199309
-6.29	0.9994437194274629	5.373602777247106e-6	0.0018434385069820178
-6.28	0.9994381302108875	5.095300595023198e-6	0.0018618519077492188
-6.27	0.9994324848521137	4.746239883209714e-6	0.0018804481031694151
-6.26	0.9994267827872342	4.4581929925996035e-6	0.001899228885845601
-6.25	0.9994210234470638	4.280603038225699e-6	0.0019181960642048604
-6.24	0.9994152062567998	4.22437704375811e-6	0.001937351466405072
-6.2299999999999995	0.9994093306354871	4.226644700577257e-6	0.001956696935560852
-6.22	0.9994033959964832	4.3910024411195145e-6	0.001976234334205583
-6.21	0.9993974017474992	4.7039055680933e-6	0.001995965541650813
-6.2	0.9993913472902025	5.1454931709288035e-6	0.002015892454441429
-6.19	0.9993852320199832	5.641921598667689e-6	0.0020360169891166058
-6.18	0.9993790553264594	6.1486605632511625e-6	0.002056341078804205
-6.17	0.9993728165928636	6.595455982360914e-6	0.0020768666761177453
-6.16	0.9993665151968281	6.734442671232514e-6	0.002097595751218554
-6.15	0.9993601505091076	6.3159161558975926e-6	0.002118530294151076
-6.14	0.9993537218943194	5.384204240144242e-6	0.002139672312439215
-6.13	0.999347228710811	4.133033246659696e-6	0.0021610238350743658
-6.12	0.9993406703106043	3.0598413317885305e-6	0.0021825869073313453
-6.11	0.9993340460391138	2.758919850027263e-6	0.002204363595639303
-6.1	0.9993273552348346	3.588639218755513e-6	0.0022263559856425977
-6.09	0.9993205972301286	5.289076825364746e-6	0.0022485661840471126
-6.08	0.9993137713506819	6.88822519035517e-6	0.002270996314569113
-6.07	0.999306876915032	7.2229893055281045e-6	0.0022936485235015834
-6.06	0.9992999132351313	5.986800135896376e-6	0.0023165249767527984
-6.05	0.9992928796160477	4.2851229390777375e-6	0.002339627860793728
-6.04	0.999285775355812	3.876531745781369e-6	0.0023629593822849146
-6.03	0.9992785997453655	5.3700826731517245e-6	0.00238652176893138
-6.02	0.999271352068583	7.4554360499047485e-6	0.0024103172703320666
-6.01	0.9992640316023148	7.656746180959063e-6	0.0024343481553552693
-6.	0.9992566376159815	5.491894454902098e-6	0.0024586167165139197
-5.99	0.9992491693718222	4.207494438652425e-6	0.0024831252660304053
-5.9799999999999995	0.9992416261243691	6.2342217455298555e-6	0.0025078761392002135
-5.97	0.9992340071211583	8.631617522373837e-6	0.0025328716931767117
-5.96	0.9992263116019025	7.337618541187508e-6	0.002558114306081686
-5.95	0.9992185387986219	4.714047498400653e-6	0.0025836063798143974
-5.94	0.9992106879358084	6.209094966075431e-6	0.002609350338036205
-5.93	0.9992027582301921	9.118533618763947e-6	0.0026353486271330265
-5.92	0.9991947488906346	7.580625826742263e-6	0.002661603716643191
-5.91	0.9991866591179094	5.285374338933986e-6	0.0026881180993311563
-5.9	0.9991784881048357	7.792340593481713e-6	0.002714894291303468
-5.89	0.9991702350363946	9.48902114593714e-6	0.002741934831708827
-5.88	0.9991618990891566	6.594356069225211e-6	0.002769242284420971
-5.87	0.9991534794314226	6.839037396154429e-6	0.0027968192357965345
-5.86	0.9991449752233722	0.000010136707015312663	0.002824668297601014
-5.85	0.999136385616663	7.903927616654808e-6	0.002852792106596971
-5.84	0.9991277097543144	6.832378897353503e-6	0.0028811933214508492
-5.83	0.9991189467709168	0.000010446014963868616	0.0029098746284566654
-5.82	0.9991100957923971	8.600200134616044e-6	0.0029388387372827223
-5.81	0.9991011559358358	7.3562402951257735e-6	0.002968088383281009
-5.8	0.9990921263096243	0.000011258642685082348	0.0029976263269739715
-5.79	0.9990830060130458	8.499094148006636e-6	0.0030274553546649676
-5.78	0.9990737941364415	8.484692298094445e-6	0.0030575782792417756
-5.77	0.999064489761048	0.000011937046738654167	0.0030879979384089433
-5.76	0.99905509195888	8.047409863469311e-6	0.003118717197168436
-5.75	0.999045599792737	0.000010604947426045588	0.003149738946271072
-5.74	0.9990360123159925	0.000011453192468729795	0.003181066103541285
-5.7299999999999995	0.999026328572359	8.376082684142718e-6	0.0032127016147929476
-5.72	0.9990165475963114	0.000013050779085283905	0.0032446484503849383
-5.71	0.9990066684123272	9.391555868415439e-6	0.0032769096117506668
-5.7	0.9989966900354822	0.000011632272120274583	0.003309488124201781
-5.69	0.9989866114706015	0.000012149636726369096	0.003342387044071804
-5.68	0.9989764317126896	0.000010013680690772296	0.0033756094532725166
-5.67	0.9989661497468105	0.000014005862919242249	0.003409158464672023
-5.66	0.9989557645478502	9.95665863271147e-6	0.003443037216961075
-5.65	0.9989452750803312	0.000014257052940323313	0.0034772488801217702
-5.64	0.9989346802982296	0.000011216654986627985	0.003511796651587442
-5.63	0.9989239791456247	0.000013724879135858315	0.0035466837585898243
-5.62	0.9989131705554409	0.00001282772484365482	0.003581913458113885
-5.61	0.99890225345012	0.00001323513094047293	0.003617489036752096
-5.6	0.9988912267414871	0.000014223474183243067	0.003653413810856892
-5.59	0.9988800893301957	0.000013106800511516817	0.0036896911280594772
-5.58	0.9988688401061983	0.000015279315016792783	0.0037263243649295163
-5.57	0.9988574779481731	0.000013314957373830059	0.003763316929513458
-5.56	0.9988460017233962	0.0000160993485145091	0.0038006722622098005
-5.55	0.9988344102881475	0.000013790326650567813	0.0038383938324669077
-5.54	0.998822702487175	0.00001672602639500737	0.0038764851431273765
-5.53	0.9988108771535263	0.000014462295622244444	0.003914949727483146
-5.52	0.9987989331085844	0.000017227081021990505	0.003953791151448388
-5.51	0.9987868691621904	0.000015310698483116165	0.003993013013203455
-5.5	0.9987746841119274	0.000017589914518340535	0.004032618943674229
-5.49	0.9987623767435918	0.000016364387043421463	0.004072612606220884
-5.4799999999999995	0.9987499458308655	0.0000177830653636906	0.004112997697625213
-5.47	0.9987373901348973	0.000017651425303456337	0.004153777947645135
-5.46	0.9987247084047471	0.000017812214435411246	0.00419495711989516
-5.45	0.998711899376808	0.00001910065016387254	0.004236539011859778
-5.4399999999999995	0.9986989617747901	0.000017838847894502305	0.004278527455178705
-5.43	0.9986858943097197	0.00002047505183345083	0.00432092631592046
-5.42	0.9986726956798594	0.00001818130991131992	0.0043637394946232245
-5.41	0.9986593645701639	0.000021382627339095564	0.004406970927259677
-5.4	0.9986458996526122	0.000019243096933167617	0.0044506245838415795
-5.39	0.9986322995860332	0.000021521762066773847	0.00449470447152679
-5.38	0.9986185630155361	0.000021106352879249995	0.0045392146324203814
-5.37	0.9986046885729237	0.000021148225209731924	0.004584159144550936
-5.36	0.9985906748761548	0.000023119574873420826	0.004629542122547694
-5.35	0.998576520529546	0.00002126761782805252	0.004675367717644025
-5.34	0.9985622241234006	0.00002415178922939063	0.004721640117376688
-5.33	0.9985477842339479	0.000022792054710847484	0.004768363547436845
-5.32	0.9985331994230158	0.000023887737349041494	0.004815542270315675
-5.31	0.9985184682383087	0.000025161998180175128	0.004863180586759598
-5.3	0.998503589212851	0.000023767465059919897	0.004911282835055577
-5.29	0.9984885608650822	0.000026476964340879037	0.004959853391895375
-5.28	0.9984733816985487	0.000025436931297019752	0.005008896672793579
-5.27	0.9984580502020555	0.000026172457254339447	0.005058417131989077
-5.26	0.9984425648490578	0.000027909436827119293	0.0051084192633171896
-5.25	0.9984269240979042	0.00002640217454339683	0.005158907599144118
-5.24	0.9984111263913799	0.000028801474759682262	0.005209886712714672
-5.2299999999999995	0.9983951701571049	0.000028909791563642768	0.005261361216909894
-5.22	0.998379053806499	0.00002818291454344413	0.005313335764940271
-5.21	0.998362775735415	0.00003094362519074336	0.005365815050383356
-5.2	0.9983463343236176	0.000030070046059953806	0.005418803808181826
-5.1899999999999995	0.9983297279347059	0.000030380362743262145	0.005472306814780922
-5.18	0.9983129549159098	0.00003283868171240743	0.005526328887623993
-5.17	0.9982960135979514	0.000031571245943365655	0.005580874886746117
-5.16	0.9982789022948553	0.0000326035947773163	0.005635949713438783
-5.15	0.9982616193039008	0.00003481259767856391	0.005691558311695132
-5.14	0.9982441629053485	0.00003337423928760875	0.005747705669167535
-5.13	0.9982265313621884	0.0000347397425828272	0.005804396815816736
-5.12	0.99820872292025	0.000036949823643919305	0.0058616368250813495
-5.11	0.9981907358075842	0.00003548163318286804	0.005919430814147991
-5.1	0.998172568234899	0.00003675867842216082	0.005977783944374755
-5.09	0.9981542183947953	0.000039254211929724015	0.006036701421338583
-5.08	0.998135684461865	0.00003789712272287999	0.006096188495272438
-5.07	0.9981169645926259	0.000038743227225524534	0.006156250461214429
-5.06	0.9980980569249746	0.00004162631152185941	0.0062168926598823015
-5.05	0.9980789595784861	0.000040739710992339064	0.006278120477262094
-5.04	0.9980596706537356	0.000040740763597868326	0.00633993934495703
-5.03	0.998040188232568	0.00004387823629778024	0.006402354741756702
-5.02	0.9980205103775328	0.00004403775571221341	0.006465372191637312
-5.01	0.9980006351319234	0.000043050672457482774	0.0065289972665154156
-5.	0.997980560519421	0.00004578040999717592	0.0065932355847765816
-4.99	0.9979602845442118	0.000047573219650431544	0.006658092812959816
-4.9799999999999995	0.9979398051903753	0.00004625740664488072	0.0067235746646309505
-4.97	0.9979191204219439	0.00004725243997721505	0.006789686902503568
-4.96	0.9978982281827368	0.000050532714451716955	0.006856435336316618
-4.95	0.9978771263959709	0.00005064131523583483	0.006923825826089319
-4.9399999999999995	0.9978558129641767	0.00004962553279211194	0.006991864279680191
-4.93	0.9978342857689949	0.00005220999205136484	0.007060556655141991
-4.92	0.9978125426710036	0.000054830492435644455	0.007129908959800617
-4.91	0.9977905815093419	0.00005387766526578248	0.007199927251285857
-4.9	0.9977684001016947	0.000053953181716589465	0.007270617637611879
-4.89	0.9977459962440031	0.00005732326558597261	0.0073419862773692335
-4.88	0.9977233677102522	0.00005903825295084536	0.007414039380236255
-4.87	0.997700512252167	0.0000579002222885888	0.007486783207192323
-4.86	0.9976774275991929	0.00005876009073197754	0.007560224071023159
-4.85	0.9976541114580766	0.00006228064990310146	0.007634368336339393
-4.84	0.997630561512717	0.00006377479707534518	0.007709222420145998
-4.83	0.9976067754240201	0.00006275270080487846	0.007784792792025479
-4.82	0.9975827508295475	0.0000637070292744322	0.007861085974767593
-4.81	0.9975584853432944	0.00006726906148415362	0.007938108544201293
-4.8	0.9975339765556314	0.0000691549585909485	0.008015867129703811
-4.79	0.9975092220328041	0.00006834530030406528	0.008094368415116418
-4.78	0.9974842193168758	0.00006883142037542569	0.008173619138240901
-4.77	0.9974589659254623	0.00007225719117122499	0.008253626091167702
-4.76	0.9974334593514969	0.00007504007683380994	0.008334396121253194
-4.75	0.997407697062884	0.00007486139023187959	0.008415936131180255
-4.74	0.9973816765023817	0.00007460601546329899	0.008498253079131424
-4.7299999999999995	0.9973553950872983	0.0000772786906259329	0.008581353978916736
-4.72	0.997328850209251	0.00008096424154706788	0.008665245901021523
-4.71	0.9973020392339227	0.0000822327403652437	0.008749935971970504
-4.7	0.9972749595007557	0.00008162369188664486	0.008835431375710892
-4.6899999999999995	0.9972476083227787	0.00008269653493595868	0.008921739352872186
-4.68	0.9972199829862495	0.00008638677341567675	0.00900886720213159
-4.67	0.9971920807504459	0.00008960984632227672	0.009096822279389323
-4.66	0.9971638988474922	0.00009012505812363424	0.009185611999212867
-4.65	0.9971354344817913	0.00008984778364971083	0.009275243834372318
-4.64	0.9971066848302245	0.00009180779183903862	0.009365725316539415
-4.63	0.9970776470413574	0.00009580842817172923	0.009457064036430762
-4.62	0.9970483182355848	0.00009882386015435035	0.009549267644261453
-4.61	0.9970186955046741	0.0000993996674027789	0.00964234384996367
-4.6	0.996988775911425	0.00009948831839424858	0.009736300423474632
-4.59	0.9969585564894655	0.00010161612753324308	0.009831145195348234
-4.58	0.9969280342430219	0.0001055471752184958	0.009926886056540019
-4.57	0.9968972061465172	0.00010891838429042763	0.010023530959064832
-4.56	0.9968660691443162	0.00011019565809938236	0.010121087916358367
-4.55	0.9968346201504997	0.00011051219740645193	0.01021956500356355
-4.54	0.996802856048474	0.00011216974812894477	0.010318970357345041
-4.53	0.9967707736906491	0.00011585735764911892	0.01041931217719652
-4.52	0.9967383698982916	0.00011989822918880277	0.010520598724368925
-4.51	0.9967056414610879	0.00012232837262101778	0.010622838324045343
-4.5	0.9966725851368038	0.00012313232700419613	0.010726039363387533
-4.49	0.9966391976511272	0.0001241969685149943	0.010830210293935499
-4.4799999999999995	0.9966054756972049	0.00012706986439159275	0.010935359630427906
-4.47	0.9965714159353855	0.00013135749201504976	0.011041495952044256
-4.46	0.9965370149928794	0.0001352121126948929	0.011148627901651732
-4.45	0.9965022694635493	0.00013738694312748535	0.011256764187447322
-4.4399999999999995	0.9964671759072901	0.00013852572310449617	0.01136591358218182
-4.43	0.9964317308501143	0.00014022239658581596	0.011476084924087764
-4.42	0.9963959307834154	0.0001436043243313303	0.01158728711640619
-4.41	0.9963597721638956	0.0001479716566760676	0.01169952912868951
-4.4	0.9963232514131499	0.0001520398142435001	0.011812819996179731
-4.39	0.9962863649172545	0.00015482076579180878	0.011927168820619106
-4.38	0.9962491090265598	0.00015657357865112188	0.012042584770343036
-4.37	0.9962114800552077	0.00015852846319328764	0.01215907708052032
-4.36	0.9961734742808577	0.00016173243156868816	0.012276655053563587
-4.35	0.9961350879442509	0.00016617557725485656	0.012395328059204874
-4.34	0.9960963172490026	0.0001708680067929089	0.01251510553495276
-4.33	0.9960571583611026	0.00017471188946193057	0.012635996986092222
-4.32	0.9960176074085261	0.0001773672655147886	0.012758011986438084
-4.31	0.9959776604810636	0.00017954487116670587	0.01288116017800435
-4.3	0.9959373136296259	0.0001823613307659613	0.013005451271588383
-4.29	0.9958965628662337	0.00018641577121739599	0.013130895046736644
-4.28	0.995855404163356	0.00019142362814885194	0.013257501352765442
-4.27	0.9958138334536519	0.00019644584618905007	0.013385280107884636
-4.26	0.9957718466295592	0.00020064415168587546	0.013514241300374031
-4.25	0.9957294395428792	0.0002038530680393919	0.013644394987949202
-4.24	0.9956866080044666	0.0002066756309918149	0.013775751299176816
-4.2299999999999995	0.9956433477836905	0.00021001775471051574	0.01390832043230584
-4.22	0.9955996546081671	0.00021443051866591812	0.014042112656583948
-4.21	0.995555524163311	0.00021980752713444675	0.014177138312011598
-4.2	0.9955109520918148	0.00022542847574271552	0.014313407809579579
-4.1899999999999995	0.9954659339934395	0.000230540437346743	0.014450931631496251
-4.18	0.9954204654244875	0.00023477979759652136	0.014589720331504838
-4.17	0.9953745418972942	0.00023842235340432448	0.014729784534904816
-4.16	0.9953281588799713	0.00024214913287447451	0.014871134939064175
-4.15	0.9952813117958552	0.00024660416343885965	0.015013782312856428
-4.14	0.9952339960231833	0.00025203522700111756	0.015157737498023698
-4.13	0.9951862068944972	0.0002581698267771484	0.0153030114083021
-4.12	0.9951379396964041	0.0002644008631763127	0.015449615030068671
-4.11	0.9950891896689276	0.00027017809937927514	0.01559755942258603
-4.1	0.9950399520052005	0.0002752604167494269	0.015746855717821483
-4.09	0.994990221850972	0.00027985773953586186	0.01589751512101384
-4.08	0.9949399943041337	0.0002844754807824342	0.016049548910535658
-4.07	0.9948892644142391	0.00028962804025800987	0.016202968438163403
-4.06	0.9948380271820723	0.00029561151780450754	0.016357785129174147
-4.05	0.99478627755925	0.0003023467251892523	0.016514010482534713
-4.04	0.9947340104475455	0.00030945506118573696	0.016671656071020894
-4.03	0.9946812206985908	0.00031646377715564643	0.016830733541201452
-4.02	0.9946279031133664	0.00032301972402103027	0.016991254613841378
-4.01	0.9945740524416186	0.00032905418253597463	0.01715323108381957
-4.	0.9945196633814363	0.0003347851302542993	0.017316674820167535
-3.9899999999999998	0.9944647305787719	0.00034061218550877643	0.01748159776646491
-3.98	0.9944092486268999	0.00034693181359887374	0.017648011940489317
-3.9699999999999998	0.9943532120659416	0.0003539698951954635	0.017815929434856513
-3.96	0.9942966153822881	0.0003617085971576059	0.01798536241645924
-3.9499999999999997	0.9942394530081823	0.00036989660463135517	0.018156323127276268
-3.94	0.994181719321098	0.0003781747486889972	0.018328823883562252
-3.9299999999999997	0.9941234086433475	0.0003862164344588932	0.01850287707675073
-3.92	0.9940645152413639	0.0003938758414493667	0.018678495173197664
-3.9099999999999997	0.99400503332537	0.00040122773078814965	0.018855690713919904
-3.9	0.9939449570486747	0.0004084986126399268	0.019034476314804788
-3.89	0.9938842805072395	0.0004159763891200853	0.01921486466698318
-3.88	0.9938229977390532	0.0004239192166674275	0.019396868536620898
-3.87	0.9937611027236268	0.0004324731500306457	0.01958050076455997
-3.86	0.9936985893814071	0.0004416376554155285	0.0197657742668316
-3.85	0.9936354515732264	0.0004512568475254845	0.019952702034644648
-3.84	0.9935716830997232	0.00046108642065435747	0.020141297133748827
-3.83	0.9935072777008073	0.0004708924946996963	0.020331572705423236
-3.82	0.9934422290549846	0.0004805271993806527	0.02052354196549495
-3.81	0.993376530778887	0.00048994129100784	0.020717218204772066
-3.8	0.9933101764266008	0.0004992278118690438	0.02091261478894058
-3.79	0.9932431594891067	0.0005085690100174089	0.021109745158628075
-3.78	0.9931754733936758	0.0005181782090135571	0.021308622829036384
-3.77	0.9931071115032581	0.0005282301597537781	0.02150926139001615
-3.76	0.9930380671158577	0.0005388376912217063	0.021711674506064694
-3.75	0.9929683334639611	0.0005500076144581763	0.021915875916180737
-3.7399999999999998	0.9928979037138578	0.0005616506071893007	0.022121879433650557
-3.73	0.9928267709650245	0.0005736121605711524	0.022329698946104183
-3.7199999999999998	0.9927549282495535	0.0005857215405000166	0.022539348415291812
-3.71	0.992682368531432	0.000597842346142951	0.0227508418769856
-3.6999999999999997	0.9926090847059351	0.0006098960237658604	0.022964193440806153
-3.69	0.9925350695989543	0.0006218846537559752	0.02317941729011096
-3.6799999999999997	0.9924603159664062	0.000633885477432699	0.023396527681771986
-3.67	0.9923848164934629	0.0006460282709028973	0.023615538946113446
-3.6599999999999997	0.9923085637939794	0.0006584617237303317	0.023836465486535532
-3.65	0.9922315504097743	0.0006713183141619527	0.024059321779548032
-3.64	0.9921537688099757	0.0006846863230054217	0.024284122374397407
-3.63	0.9920752113902738	0.0006985946378478993	0.02451088189291327
-3.62	0.9919958704723095	0.0007130122161685978	0.02473961502927624
-3.61	0.9919157383029509	0.0007278605781901132	0.024970336549639097
-3.6	0.9918348070535505	0.0007430351471209729	0.025203061292289844
-3.59	0.9917530688192934	0.0007584299731484167	0.025437804166830773
-3.58	0.9916705156184251	0.0007739604005479079	0.02567458015440423
-3.57	0.9915871393915786	0.0007895793520221272	0.02591340430689778
-3.56	0.9915029320010244	0.0008052855560845241	0.026154291747162613
-3.55	0.9914178852299066	0.0008211199343660816	0.02639725766841985
-3.54	0.9913319907815791	0.0008371553828408487	0.026642317334005433
-3.53	0.9912452402787749	0.0008534820750601393	0.026889486076845166
-3.52	0.9911576252629024	0.0008701915318639397	0.027138779299498008
-3.51	0.9910691371932666	0.0008873621400025313	0.027390212473401104
-3.5	0.9909797674463027	0.000905046827404672	0.027643801138886433
-3.4899999999999998	0.990889507314813	0.0009232717395581654	0.02789956090428221
-3.48	0.9907983480071796	0.0009420300377570869	0.02815750744610616
-3.4699999999999998	0.9907062806465721	0.0009612935296242702	0.028417656508212992
-3.46	0.9906132962701618	0.0009810109815036928	0.0286800239015017
-3.4499999999999997	0.9905193858283297	0.0010011236836106941	0.028944625503445145
-3.44	0.990424540183837	0.0010215759066666932	0.029211477257952152
-3.4299999999999997	0.9903287501110428	0.0010423230929228538	0.02948059517436739
-3.42	0.9902320062950374	0.001063337130924589	0.029751995327342733
-3.4099999999999997	0.9901342993308974	0.0010846099531029703	0.030025693856315965
-3.4	0.9900356197227241	0.001106159062696805	0.030301706964866643
-3.39	0.9899359578829492	0.0011280194596662674	0.030580050920420758
-3.38	0.9898353041313588	0.0011502457396242892	0.030860742053458328
-3.37	0.9897336486943198	0.0011729011744656855	0.03114379675710889
-3.36	0.9896309817038895	0.0011960448016977033	0.03142923148671926
-3.35	0.9895272931969442	0.0012197286087951896	0.03171706275887887
-3.34	0.9894225731142965	0.0012439951035281285	0.032007307151313384
-3.33	0.9893168112998517	0.0012688713056049417	0.032299981301886396
-3.32	0.9892099974996449	0.0012943666535452066	0.032595101908238035
-3.31	0.9891021213610167	0.0013204770559503971	0.03289268572700471
-3.3	0.9889931724316493	0.0013471882890128864	0.033192749573236875
-3.29	0.9888831401587032	0.0013744728900540008	0.033495310319696985
-3.28	0.9887720138878647	0.0014023056732703596	0.0338003848962333
-3.27	0.9886597828623995	0.0014306610184358036	0.03410799028902529
-3.26	0.9885464362222797	0.0014595189687845159	0.03441814353989303
-3.25	0.9884319630031901	0.0014888704879942574	0.034730861745619415
-3.2399999999999998	0.9883163521355907	0.001518711914761516	0.0350461620571341
-3.23	0.9881995924437527	0.001549051321435643	0.03536406167882665
-3.2199999999999998	0.9880816726448124	0.0015799047284507804	0.035684577867716706
-3.21	0.9879625813477649	0.0016112936774151855	0.03600772793271339
-3.1999999999999997	0.9878423070525355	0.00164324957352091	0.03633352923377761
-3.19	0.9877208381489282	0.0016758053407068519	0.036661999181152344
-3.1799999999999997	0.9875981629156633	0.0017089971384503882	0.03699315523449054
-3.17	0.9874742695193727	0.0017428622434039667	0.03732701490202922
-3.1599999999999997	0.987349146013581	0.0017774330291274727	0.03766359573965796
-3.15	0.9872227803376883	0.0018127406271766164	0.03800291535011473
-3.1399999999999997	0.9870951603159352	0.0018488091518823148	0.03834499138207438
-3.13	0.9869662736563731	0.0018856596736449621	0.038689841529257016
-3.12	0.9868361079498142	0.0019233034748379863	0.039037483529407134
-3.11	0.9867046506687795	0.0019617525545946105	0.03938793516346774
-3.1	0.9865718891664517	0.0020010078111653306	0.039741214254464
-3.09	0.9864378106755836	0.002041074503769182	0.04009733866672279
-3.08	0.9863024023074327	0.0020819490933194676	0.040456326304793525
-3.07	0.9861656510506857	0.0021236331349336304	0.04081819511220129
-3.06	0.9860275437703497	0.0021661245576966187	0.04118296307095177
-3.05	0.9858880672066581	0.002209424708398809	0.041550648199943675
-3.04	0.9857472079739562	0.0022535400339690594	0.04192126855423129
-3.03	0.9856049525595755	0.0022984753275339816	0.04229484222379144
-3.02	0.9854612873227484	0.0023442373850486313	0.04267138733262432
-3.01	0.9853161984934159	0.0023908478005913204	0.04305092203737889
-3.	0.9851696721711203	0.0024383140997956266	0.0434334645264075
-2.9899999999999998	0.9850216943238395	0.00248666734153811	0.043819033018563595
-2.98	0.9848722507868451	0.0025359235754703127	0.04420764576213737
-2.9699999999999998	0.9847213272614996	0.0025861133604760584	0.044599321033552776
-2.96	0.9845689093141281	0.0026372639658075	0.044994077136125236
-2.9499999999999997	0.9844149823747737	0.00268940320801873	0.045391932399032144
-2.94	0.9842595317360676	0.002742561959721127	0.04579290517607038
-2.9299999999999997	0.9841025425519649	0.002796770098107349	0.046197013844271516
-2.92	0.9839439998365821	0.002852053193710047	0.04660427680265725
-2.9099999999999997	0.9837838884629594	0.002908443724631177	0.047014712471184966
-2.9	0.9836221931618124	0.0029659623730251376	0.04742833928913534
-2.8899999999999997	0.9834588985203232	0.0030246372541521977	0.04784517571409873
-2.88	0.9832939889809067	0.0030844900467616562	0.04826524022041995
-2.87	0.9831274488398972	0.003145539837013708	0.04868855129799604
-2.86	0.9829592622463513	0.0032078100074929713	0.04911512745092176
-2.85	0.9827894132007532	0.00327131463396729	0.049544987195943524
-2.84	0.9826178855537001	0.0033360742553031415	0.04997814906134044
-2.83	0.9824446630046726	0.003402104349706624	0.0504146315852962
-2.82	0.9822697291007046	0.003469421295763872	0.05085445331453178
-2.81	0.9820930672350711	0.0035380428271472196	0.051297632802963435
-2.8	0.9819146606459944	0.0036079857933823587	0.05174418861013587
-2.79	0.9817344924153014	0.0036792674636728865	0.052194139299749774
-2.78	0.9815525454671126	0.003751910971253797	0.05264750343826907
-2.77	0.9813688025664735	0.0038259305856393243	0.0531042995933101
-2.76	0.9811832463180331	0.003901352564905741	0.053564546332225724
-2.75	0.9809958591646697	0.003978199950385833	0.05402826222046169
-2.7399999999999998	0.9808066233861186	0.004056492995050755	0.05449546582010323
-2.73	0.9806155210976294	0.0041362635123359335	0.054966175688244225
-2.7199999999999998	0.980422534248535	0.004217535310677563	0.05544041037543263
-2.71	0.9802276446208964	0.004300337758954148	0.05591818842404896
-2.6999999999999997	0.980030833828082	0.004384702700264933	0.05639952836674027
-2.69	0.9798320833133705	0.004470659403527711	0.056884448724759944
-2.6799999999999997	0.9796313743485106	0.004558241144172483	0.05737296800630786
-2.67	0.9794286880323226	0.00464748096319637	0.05786510470845825
-2.6599999999999997	0.9792240052892471	0.00473841256017162	0.05836087729620441
-2.65	0.9790173068678965	0.004831069892787962	0.05886030424258689
-2.6399999999999997	0.9788085733396212	0.004925488053586624	0.059363403981296026
-2.63	0.9785977850970248	0.005021702440416279	0.05987019492933949
-2.62	0.9783849223525117	0.005119747704365764	0.060380695488215126
-2.61	0.9781699651368011	0.005219659430405493	0.06089492401693181
-2.6	0.9779528932974549	0.005321473614115393	0.06141289886315134
-2.59	0.9777336864973626	0.005425225076330527	0.06193463834441459
-2.58	0.9775123242132522	0.005530949005320841	0.06246016073623362
-2.57	0.9772887857341723	0.005638681974034056	0.0629894843057512
-2.56	0.9770630501599956	0.005748459582191784	0.0635226272561773
-2.55	0.9768350963998461	0.005860316419324563	0.06405960778102536
-2.54	0.9766049031706108	0.005974288615168143	0.06460044401821131
-2.53	0.9763724489953781	0.006090412606201075	0.06514515407703014
-2.52	0.9761377122018733	0.006208724395572915	0.06569375601777305
-2.51	0.9759006709209316	0.006329260500622392	0.06624626786552942
-2.5	0.9756613030848987	0.006452056846884139	0.06680270759542203
-2.4899999999999998	0.9754195864260757	0.006577150897722036	0.06736309313886403
-2.48	0.9751754984751367	0.006704582006149573	0.06792744237161487
-2.4699999999999998	0.9749290165595295	0.00683438699756469	0.06849577312470885
-2.46	0.9746801178018912	0.006966603336561434	0.06906810317798673
-2.4499999999999997	0.9744287791184347	0.007101272719916405	0.06964445024842124
-2.44	0.9741749772173411	0.007238435506944389	0.07022483200493893
-2.4299999999999997	0.9739186885971429	0.007378130660214645	0.07080926605444102
-2.42	0.9736598895450896	0.007520400351794509	0.0713977699414259
-2.4099999999999997	0.9733985561355224	0.007665288046060803	0.07199036115199663
-2.4	0.9731346642282397	0.00781283627855188	0.07258705710153014
-2.3899999999999997	0.9728681894668368	0.007963088646838682	0.07318787514253756
-2.38	0.9725991072770654	0.008116090158283521	0.07379283256240822
-2.3699999999999997	0.9723273928651635	0.008271886411090154	0.07440194657073138
-2.36	0.9720530212162036	0.008430523876435218	0.07501523430900167
-2.35	0.9717759670924028	0.008592049301112304	0.0756327128428638
-2.34	0.9714962050314561	0.00875650980659569	0.07625439916002184
-2.33	0.9712137093448525	0.008923954010289774	0.07688031017159043
-2.32	0.9709284541161767	0.009094431851689467	0.07751046270594056
-2.31	0.9706404131994241	0.00926799419265396	0.07814487350669573
-2.3	0.9703495602172848	0.009444692438089064	0.07878355923618396
-2.29	0.9700558685594527	0.009624578176378094	0.07942653646601376
-2.28	0.9697593113809032	0.009807702938520686	0.08007382168253113
-2.27	0.9694598616001754	0.009994119069597563	0.08072543127618353
-2.26	0.9691574918976581	0.010183880358502305	0.08138138154623357
-2.25	0.9688521747138552	0.010377041620385124	0.08204168869374075
-2.2399999999999998	0.9685438822476575	0.01057365830046396	0.08270636882636222
-2.23	0.9682325864546075	0.010773786099131646	0.08337543794702693
-2.2199999999999998	0.9679182590451618	0.010977481247813064	0.08404891195854744
-2.21	0.967600871482944	0.011184801834246626	0.08472680666087472
-2.1999999999999997	0.9672803949829983	0.011395805215704224	0.08540913774438437
-2.19	0.9669568005100343	0.011610548236297195	0.0860959207928569
-2.1799999999999997	0.9666300587766885	0.011829088378564539	0.08678717127922067
-2.17	0.9663001402417479	0.01205148484700254	0.08748290456192866
-2.1599999999999997	0.9659670151084068	0.012277799833823858	0.08818313588597766
-2.15	0.9656306533224889	0.012508095839793445	0.08888788037827001
-2.1399999999999997	0.9652910245707	0.012742432173181054	0.08959715304658657
-2.13	0.9649480982788513	0.012980868008241948	0.0903109687758993
-2.1199999999999997	0.9646018436100894	0.013223465917440586	0.09102934232841028
-2.11	0.9642522294631342	0.013470291955575404	0.09175228834020437
-2.1	0.9638992244705041	0.013721410250679137	0.09247982131893544
-2.09	0.9635427969967467	0.01397688347363207	0.09321195564160384
-2.08	0.963182915136663	0.014236775188761966	0.09394870555267211
-2.07	0.962819546713545	0.014501151823086101	0.09469008516234581
-2.06	0.9624526592773824	0.014770081037393752	0.0954361084425669
-2.05	0.9620822201031235	0.015043629351762448	0.09618678922755922
-2.04	0.9617081961888757	0.015321863213636546	0.0969421412096756
-2.03	0.9613305542541459	0.015604850172937947	0.09770217793693703
-2.02	0.960949260738078	0.015892659727175126	0.09846691281301405
-2.01	0.960564281797679	0.016185361854441582	0.09923635909245902
-1.9999999999999998	0.9601755833060587	0.016483025819341385	0.10001052987983428
-1.9899999999999998	0.9597831308506682	0.01678572116130388	0.10078943812852778
-1.98	0.9593868897315376	0.017093518812552704	0.10157309663655234
-1.97	0.9589868249595278	0.01740649165475628	0.10236151804495104
-1.96	0.9585829012545753	0.017724712318440465	0.10315471483686756
-1.95	0.958175083043943	0.018048252584886182	0.10395269933407601
-1.94	0.957763334460486	0.01837718484239048	0.10475548369517224
-1.93	0.9573476193409073	0.018711583505880928	0.10556307991360335
-1.92	0.9569279012240305	0.019051524674874937	0.10637549981517902
-1.91	0.9565041433490766	0.019397083337691835	0.10719275505636672
-1.9	0.9560763086539397	0.019748333916899743	0.10801485712220849
-1.89	0.9556443597734775	0.02010535190692134	0.10884181732322186
-1.88	0.9552082590378161	0.020468215291246695	0.1096736467943164
-1.8699999999999999	0.9547679684706417	0.020837003250088457	0.11051035649245963
-1.8599999999999999	0.954323449787524	0.02121179351411111	0.11135195719434553
-1.8499999999999999	0.9538746643942331	0.02159266305548485	0.1121984594941331
-1.8399999999999999	0.9534215733850754	0.02197968925386772	0.11304987380184084
-1.8299999999999998	0.9529641375412334	0.022372950991301526	0.11390621034105147
-1.8199999999999998	0.9525023173291208	0.022772529680175315	0.11476747914667496
-1.8099999999999998	0.9520360728987499	0.023178508481176377	0.11563369006320565
-1.7999999999999998	0.9515653640821086	0.023590968591547405	0.11650485274202028
-1.7899999999999998	0.9510901503915452	0.024009989575788874	0.11738097664043369
-1.7799999999999998	0.9506103910181816	0.024435650980089353	0.11826207101834371
-1.7699999999999998	0.9501260448303235	0.024868033855651405	0.11914814493734707
-1.7599999999999998	0.9496370703719015	0.02530722216570544	0.1200392072582369
-1.7499999999999998	0.9491434258609118	0.02575330225134506	0.12093526663875762
-1.7399999999999998	0.9486450691878849	0.026206358513108825	0.1218363315321188
-1.7299999999999998	0.9481419579143694	0.026666473214350308	0.12274241018452889
-1.72	0.9476340492714285	0.027133728154229934	0.1236535106339232
-1.71	0.9471213001581558	0.02760820626494621	0.12456964070699886
-1.7	0.946603667140223	0.028089993107405967	0.12549080801850787
-1.69	0.9460811064484268	0.02857917707918102	0.12641701996815682
-1.68	0.9455535739772694	0.029075845247487585	0.12734828373947057
-1.67	0.9450210252835639	0.029580082230812026	0.1282846062976823
-1.66	0.9444834155850533	0.030091971783167606	0.12922599438786397
-1.65	0.9439406997590544	0.030611598367231426	0.1301724545329706
-1.64	0.9433928323411329	0.031139048631378192	0.131123993032035
-1.63	0.9428397675237999	0.031674412053249154	0.13208061595855677
-1.6199999999999999	0.9422814591552255	0.032217777421482484	0.13304232915834913
-1.6099999999999999	0.9417178607379979	0.032769231081548146	0.13400913824804958
-1.5999999999999999	0.9411489254278959	0.03332885825750416	0.13498104861321747
-1.5899999999999999	0.9405746060326935	0.03389674445074515	0.13595806540638922
-1.5799999999999998	0.9399948550109998	0.034472976753688364	0.13694019354588688
-1.5699999999999998	0.9394096244711247	0.03505764479436658	0.13792743771335367
-1.5599999999999998	0.9388188661699773	0.03565083834982057	0.1389198023527318
-1.5499999999999998	0.9382225315120035	0.03625264474896998	0.1399172916681955
-1.5399999999999998	0.937620571548144	0.036863149866388306	0.14091990962263268
-1.5299999999999998	0.9370129369748467	0.037482439447987355	0.14192765993599527
-1.5199999999999998	0.9363995781330983	0.03811060035636811	0.14294054608366144
-1.5099999999999998	0.9357804450075075	0.03874772162924064	0.14395857129476636
-1.4999999999999998	0.9351554872254151	0.03939389304035017	0.14498173855075758
-1.4899999999999998	0.9345246540560523	0.04004920204588914	0.14601005058394445
-1.4799999999999998	0.9338878944097387	0.040713734349247764	0.14704350987554932
-1.47	0.9332451568371218	0.041387575146041994	0.14808211865466356
-1.46	0.9325963895284584	0.04207081029489361	0.14912587889645365
-1.45	0.9319415403129445	0.04276352740209743	0.15017479232097417
-1.44	0.9312805566580956	0.043465815430776565	0.1512288603915261
-1.43	0.9306133856691634	0.044177761267977886	0.15228808431317628
-1.42	0.9299399740886115	0.04489944953467657	0.15335246503153152
-1.41	0.9292602682956383	0.04563096391500144	0.15442200323153873
-1.4	0.9285742143057529	0.046372388425594054	0.15549669933571794
-1.39	0.9278817577704042	0.047123808591016655	0.15657655350314595
-1.38	0.9271828439766653	0.04788531106331538	0.15766156562810899
-1.3699999999999999	0.9264774178469727	0.048656980443778385	0.15875173533879872
-1.3599999999999999	0.9257654239389272	0.04943889942072533	0.15984706199620552
-1.3499999999999999	0.9250468064451528	0.05023115004529683	0.16094754469274822
-1.3399999999999999	0.9243215091932152	0.05103381491522444	0.1620531822511317
-1.3299999999999998	0.9235894756456059	0.05184697729708581	0.1631639732233043
-1.3199999999999998	0.9228506488997907	0.05267071913799611	0.1642799158892245
-1.3099999999999998	0.9221049716883228	0.05350512115734857	0.1654010082558072
-1.2999999999999998	0.921352386379026	0.054350263347484266	0.16652724805578262
-1.2899999999999998	0.9205928349752455	0.055206225388235185	0.16765863274677395
-1.2799999999999998	0.9198262591161733	0.056073086944760694	0.16879515951020915
-1.2699999999999998	0.9190526000772468	0.05695092686427836	0.1699368252503518
-1.2599999999999998	0.9182717987706156	0.057839822546919134	0.1710836265933006
-1.2499999999999998	0.9174837957457008	0.05873985044137434	0.1722355598862461
-1.2399999999999998	0.9166885311898152	0.05965108659799357	0.17339262119621462
-1.2299999999999998	0.9158859449288791	0.06057360708935722	0.17455480630964962
-1.2199999999999998	0.9150759764282125	0.06150748708219149	0.17572211073123853
-1.21	0.9142585647934122	0.06245279990603088	0.1768945296832544
-1.2	0.9134336487713195	0.06340961767426043	0.17807205810473042
-1.19	0.9126011667510743	0.06437801202438752	0.1792546906507852
-1.18	0.9117610567652618	0.0653580546219726	0.18044242169180078
-1.17	0.9109132564911537	0.06634981608526512	0.18163524531290737
-1.16	0.9100577032520422	0.06735336518948729	0.18283315531310668
-1.15	0.9091943340186763	0.06836876937152812	0.18403614520489686
-1.14	0.9083230854107949	0.06939609528552117	0.18524420821351445
-1.13	0.9074438936987639	0.07043540923439873	0.18645733727643876
-1.1199999999999999	0.906556694805319	0.07148677651399357	0.18767552504288673
-1.1099999999999999	0.905661424307416	0.0725502606347589	0.18889876387330762
-1.0999999999999999	0.9047580174381877	0.07362592365498015	0.19012704583896078
-1.0899999999999999	0.9038464090890178	0.07471382660841788	0.19136036272140788
-1.0799999999999998	0.9029265338117265	0.07581402986457333	0.192598706012221
-1.0699999999999998	0.9019983258208754	0.0769265927529756	0.19384206691258943
-1.0599999999999998	0.901061718996189	0.0780515728322478	0.1950904363329399
-1.0499999999999998	0.9001166468851045	0.07918902604781655	0.19634380489277162
-1.0399999999999998	0.8991630427054411	0.08033900701976583	0.19760216292030106
-1.0299999999999998	0.8982008393481997	0.08150156931222886	0.19886550045227697
-1.0199999999999998	0.8972299693804938	0.08267676562638218	0.20013380723374397
-1.0099999999999998	0.8962503650486148	0.08386464725351982	0.20140707271798158
-0.9999999999999999	0.895261958281229	0.08506526349182422	0.20268528606630457
-0.9899999999999999	0.8942646806927207	0.08627866190749782	0.2039684361480014
-0.9799999999999999	0.89325846358667	0.08750488867149021	0.20525651154032135
-0.9699999999999999	0.8922432379594825	0.08874398887452369	0.20654950052840057
-0.9599999999999999	0.8912189345041619	0.08999600659981014	0.20784739110527187
-0.9499999999999998	0.8901854836142375	0.09126098411493021	0.209150170972008
-0.9399999999999998	0.8891428153878422	0.09253896162075037	0.21045782753770148
-0.9299999999999998	0.8880908596319516	0.09382997754972255	0.21177034791965316
-0.9199999999999998	0.8870295458667817	0.09513406886400604	0.2130877189435007
-0.9099999999999998	0.8859588033303488	0.0964512713278571	0.21440992714342264
-0.8999999999999998	0.8848785609831995	0.09778161938442881	0.215736958762352
-0.8899999999999999	0.8837887475133096	0.09912514544170972	0.21706879975225138
-0.8799999999999999	0.8826892913411559	0.1004818798737403	0.21840543577438967
-0.8699999999999999	0.8815801206249654	0.10185185126063942	0.21974685219970017
-0.8599999999999999	0.8804611632661455	0.1032350866148344	0.2210930341091172
-0.8499999999999999	0.8793323469148984	0.10463161157973218	0.22244396629398855
-0.8399999999999999	0.8781935989760209	0.10604145022216532	0.22379963325652122
-0.8299999999999998	0.8770448466148978	0.10746462445580851	0.22516001921024242
-0.8199999999999998	0.8758860167636875	0.10890115412236044	0.22652510808048118
-0.8099999999999998	0.8747170361277088	0.11035105722758506	0.22789488350496792
-0.7999999999999998	0.8735378311920259	0.11181435016349044	0.2292693288343547
-0.7899999999999998	0.8723483282282416	0.11329104786044392	0.2306484271328372
-0.7799999999999998	0.871148453301499	0.11478116338564537	0.23203216117883074
-0.7699999999999998	0.8699381322776987	0.11628470757390913	0.23342051346559525
-0.7599999999999999	0.8687172908309283	0.1178016891942903	0.23481346620200144
-0.7499999999999999	0.8674858544511176	0.11933211515459011	0.23621100131325312
-0.7399999999999999	0.866243748451917	0.12087599069316388	0.2376131004416717
-0.7299999999999999	0.8649908979788037	0.12243331940368628	0.23901974494751888
-0.7199999999999999	0.863727228017423	0.1240041027825353	0.24043091590985266
-0.7099999999999999	0.8624526634021652	0.12558834016856937	0.24184659412740467
-0.6999999999999998	0.8611671288249845	0.12718602887254826	0.24326676011949927
-0.6899999999999998	0.8598705488444626	0.1287971642932385	0.24469139412703056
-0.6799999999999998	0.8585628478951205	0.13042174002082585	0.24612047611341814
-0.6699999999999998	0.8572439502969897	0.13205974771927154	0.24755398576565837
-0.6599999999999998	0.8559137802654331	0.13371117696775844	0.24899190249536754
-0.6499999999999998	0.8545722619212325	0.13537601537235597	0.2504342054398711
-0.6399999999999999	0.8532193193009459	0.1370542485512601	0.251880873463331
-0.6299999999999999	0.851854876367529	0.1387458601107805	0.25333188515790817
-0.6199999999999999	0.850478857021238	0.14045083162918157	0.2547872188449374
-0.6099999999999999	0.8490911851108076	0.14216914271118622	0.25624685257616625
-0.5999999999999999	0.8476917844449168	0.14390077093491332	0.2577107641350058
-0.5899999999999999	0.8462805788039427	0.14564569181188797	0.2591789310378111
-0.5799999999999998	0.8448574919520062	0.14740387882783335	0.2606513305352231
-0.5699999999999998	0.8434224476493176	0.1491753034831554	0.2621279396134948
-0.5599999999999998	0.841975369664823	0.15095993532165686	0.26360873499591014
-0.5499999999999998	0.8405161817891593	0.152757741865188	0.26509369314416
-0.5399999999999998	0.8390448078479203	0.15456868858563041	0.2665827902598439
-0.5299999999999998	0.83756117171524	0.156392738930305	0.26807600228589445
-0.5199999999999998	0.8360651973276957	0.15822985433337902	0.26957330490814263
-0.5099999999999999	0.8345568086985382	0.1600799942270278	0.2710746735568196
-0.49999999999999983	0.8330359299322531	0.1619431160565909	0.27258008340817064
-0.4899999999999998	0.8315024852394554	0.16381917527894468	0.2740895093860113
-0.47999999999999987	0.8299563989521278	0.1657081253199089	0.2756029261634154
-0.46999999999999986	0.8283975955391994	0.16760991759227312	0.27712030816434113
-0.45999999999999985	0.826825999622479	0.1695245015267428	0.27864162956534805
-0.44999999999999984	0.8252415359929393	0.17145182460179687	0.2801668642973258
-0.43999999999999984	0.8236441296273633	0.17339183236423775	0.28169598604722557
-0.4299999999999998	0.8220337057053524	0.1753444683900219	0.2832289682598642
-0.4199999999999998	0.8204101896267059	0.17730967426325406	0.28476578413973574
-0.40999999999999986	0.8187735070291731	0.17928738960747406	0.2863064066528458
-0.39999999999999986	0.8171235838065851	0.18127755211947175	0.2878508085285899
-0.38999999999999985	0.8154603461273698	0.18328009760204333	0.289398962261644
-0.37999999999999984	0.8137837204534547	0.18529495998537074	0.2909508401138939
-0.36999999999999983	0.8120936335595629	0.18732207128132683	0.2925064141163849
-0.3599999999999998	0.8103900125529111	0.18936136157179834	0.2940656560713154
-0.34999999999999987	0.8086727848933041	0.1914127590498989	0.29562853755402263
-0.33999999999999986	0.8069418784136415	0.19347619006216624	0.29719502991503677
-0.32999999999999985	0.8051972213408359	0.19555158530660935	0.29876510428212655
-0.31999999999999984	0.8034387423171472	0.1976388774767365	0.3003387315624012
-0.30999999999999983	0.8016663704219396	0.1997379432063089	0.3019158824444036
-0.2999999999999998	0.7998800351938653	0.20184873438445294	0.30349652740025695
-0.2899999999999998	0.7980796666534791	0.20397116564838264	0.3050806366878299
-0.27999999999999986	0.7962651953262884	0.2061051585160381	0.3066681803529108
-0.26999999999999985	0.7944365522662442	0.20825061498752995	0.3082591282314374
-0.25999999999999984	0.7925936690796758	0.21040745141597617	0.30985344995171227
-0.24999999999999983	0.7907364779496767	0.21257557964925672	0.311451114936669
-0.23999999999999982	0.7888649116609423	0.21475490167042158	0.3130520924061586
-0.22999999999999984	0.786978903625066	0.21694533558766396	0.3146563513792393
-0.21999999999999983	0.7850783879062986	0.21914677278938735	0.3162638606765237
-0.20999999999999983	0.7831632992477728	0.22135913191085704	0.3178745889225033
-0.19999999999999984	0.7812335730981994	0.2235823011367867	0.3194885045479455
-0.18999999999999984	0.779289145639037	0.22581618254139357	0.32110557579225507
-0.17999999999999983	0.7773299538121411	0.22806067843641037	0.32272577070591735
-0.16999999999999985	0.7753559353478957	0.2303156905797414	0.3243490571529108
-0.15999999999999984	0.7733670287938305	0.2325811112125658	0.3259754028131673
-0.14999999999999983	0.7713631735437277	0.2348568333760567	0.32760477518504666
-0.13999999999999985	0.7693443098672237	0.2371427550894174	0.3292371415878267
-0.12999999999999984	0.7673103789399048	0.23943876652138302	0.33087246916421853
-0.11999999999999983	0.765261322873907	0.24174475641557355	0.3325107248828959
-0.10999999999999983	0.7631970847490146	0.24406061311471483	0.3341518755410389
-0.09999999999999984	0.7611176086442687	0.2463862240417704	0.33579588776691205
-0.08999999999999983	0.7590228396700821	0.24872147540010875	0.3374427280224378
-0.07999999999999984	0.7569127240008691	0.25106625139630234	0.3390923626058
-0.06999999999999984	0.754787208908186	0.2534204354078472	0.3407447576540683
-0.05999999999999983	0.7526462427943921	0.2557839098621551	0.3423998791458227
-0.049999999999999836	0.750489775226828	0.2581565551861166	0.34405769290381155
-0.039999999999999834	0.7483177569725145	0.2605382509644863	0.3457181645976111
-0.029999999999999832	0.7461301400333759	0.2629288764520373	0.34738125974631306
-0.019999999999999834	0.7439268776819866	0.2653283090479067	0.349046943721207
-0.009999999999999834	0.7417079244978458	0.26773642427146976	0.35071518174850486
1.6653345369377348e-16	0.7394732364041763	0.27015309635988455	0.35238593891205333
0.010000000000000167	0.7372227707052554	0.27257819883621043	0.354059180156075
0.020000000000000167	0.7349564861242708	0.27501160494858623	0.35573487028791284
0.030000000000000165	0.7326743428417097	0.2774531865752671	0.3574129739807961
0.04000000000000017	0.7303763025342752	0.2799028144041886	0.3590934557766133
0.05000000000000017	0.7280623284143336	0.2823603587828397	0.3607762800886963
0.060000000000000164	0.7257323852698905	0.28482568932182645	0.3624614112046179
0.07000000000000017	0.7233864395050962	0.28729867448482055	0.3641488132889972
0.08000000000000017	0.7210244591812794	0.28977918122701285	0.36583845038631796
0.09000000000000016	0.718646414058506	0.29226707545463004	0.36753028642376084
0.10000000000000017	0.716252275637665	0.2947622226781887	0.36922428521403017
0.11000000000000017	0.7138420172030766	0.2972644876545161	0.3709204104582137
0.12000000000000016	0.7114156138656218	0.2997737343848526	0.3726186257486227
0.13000000000000017	0.7089730426063907	0.30228982614336214	0.37431889457166684
0.14000000000000018	0.7065142823208452	0.3048126255061272	0.3760211803107179
0.15000000000000016	0.7040393138634953	0.3073419944297569	0.3777254462489895
0.16000000000000017	0.7015481200930835	0.30987779423677353	0.3794316555724228
0.17000000000000018	0.6990406859182731	0.31241988554925193	0.3811397713725791
0.18000000000000016	0.6965169983438358	0.31496812837169613	0.38284975664953286
0.19000000000000017	0.6939770465173358	0.31752238218056816	0.3845615743147799
0.20000000000000018	0.6914208217763008	0.3200825060095003	0.38627518719414206
0.21000000000000016	0.6888483176958782	0.322648358513759	0.38799055803067983
0.22000000000000017	0.6862595301369664	0.325219797857188	0.38970764948761366
0.23000000000000018	0.683654457294818	0.32779668164487114	0.39142642415124096
0.24000000000000016	0.6810330997481033	0.3303788670228885	0.39314684453386023
0.25000000000000017	0.6783954605084298	0.332966210784286	0.3948688730767048
0.2600000000000002	0.675741545070307	0.33555856946957335	0.3965924721528637
0.2700000000000002	0.673071361461548	0.33815579943789004	0.398317604070224
0.2800000000000002	0.6703849202940982	0.340757756743122	0.40004423107439646
0.29000000000000015	0.6676822348152823	0.3433642970529171	0.40177231535165536
0.30000000000000016	0.6649633209594541	0.34597527574431297	0.403501819031877
0.31000000000000016	0.6622281974000448	0.3485905480078157	0.4052327041914691
0.3200000000000002	0.6594768856019905	0.3512099689459978	0.40696493285631646
0.3300000000000002	0.6567094098745314	0.35383339368103206	0.40869846700471285
0.3400000000000002	0.6539257974243654	0.3564606773249057	0.4104332685702963
0.3500000000000002	0.6511260784091446	0.35909167474001324	0.4121692994449829
0.36000000000000015	0.6483102859912991	0.3617262405824252	0.4139065214819102
0.37000000000000016	0.6454784563921712	0.36436422939877794	0.41564489649834996
0.38000000000000017	0.6426306289464444	0.36700549571810204	0.417384386278654
0.3900000000000002	0.6397668461568516	0.3696498941387677	0.41912495257717225
0.4000000000000002	0.6368871537491414	0.3722972794107214	0.4208665571211736
0.4100000000000002	0.6339916007272866	0.3749475065131773	0.42260916161377116
0.42000000000000015	0.6310802394289138	0.3776004306227446	0.4243527277368299
0.43000000000000016	0.6281531255809335	0.3802559068531224	0.42609721715388676
0.44000000000000017	0.6252103183553505	0.3829137904911911	0.4278425915130462
0.4500000000000002	0.6222518804252314	0.3855739370739462	0.42958881244988717
0.4600000000000002	0.6192778780208072	0.3882362023900778	0.43133584159035887
0.4700000000000002	0.6162883809856847	0.3909004424816432	0.43308364055366644
0.4800000000000002	0.6132834628331444	0.39356651364583883	0.43483217095515114
0.49000000000000016	0.6102632008024985	0.3962342724368732	0.43658139440917765
0.5000000000000002	0.6072276759154787	0.39890357566795626	0.438331272531988
0.5100000000000002	0.6041769730326318	0.40157428044248145	0.4400817669445761
0.5200000000000001	0.6011111809096888	0.404246244272189	0.44183283927553163
0.5300000000000001	0.5980303922538805	0.40691932509417067	0.4435844511638922
0.5400000000000001	0.5949347037801663	0.40959338127895123	0.4453365642619751
0.5500000000000002	0.5918242162673483	0.41226827164669244	0.4470891402382079
0.5600000000000002	0.5886990346140302	0.4149438554824466	0.44884214077994616
0.5700000000000002	0.5855592678943965	0.41761999255050775	0.45059552759628174
0.5800000000000002	0.5824050294137657	0.4202965431078947	0.45234926242084256
0.5900000000000002	0.5792364367638896	0.4229733679170494	0.45410330701458007
0.6000000000000002	0.576053611877956	0.42565032828468924	0.4558576231685443
0.6100000000000002	0.5728566810852582	0.4283272861247095	0.457612172706656
0.6200000000000002	0.5696457751654891	0.4310041039258473	0.4593669174884597
0.6300000000000002	0.5664210294026197	0.4336806447712071	0.4611218194118617
0.6400000000000001	0.5631825836383204	0.4363567723683617	0.46287684041586985
0.6500000000000001	0.5599305823248775	0.4390323510775066	0.4646319424833075
0.6600000000000001	0.5566651745775637	0.441707245937744	0.46638708764351916
0.6700000000000002	0.553386514226415	0.4443813226915737	0.4681422379750667
0.6800000000000002	0.5500947598673624	0.4470544478076891	0.46989735560840534
0.6900000000000002	0.546790074912677	0.44972648850573393	0.4716524027285544
0.7000000000000002	0.5434726276406684	0.45239731275292905	0.47340734157774433
0.7100000000000002	0.5401425912445955	0.4550667892482654	0.4751621344580587
0.7200000000000002	0.5368001438807245	0.4577347874495746	0.47691674373405385
0.7300000000000002	0.53344546871549	0.46040117760322985	0.4786711318353708
0.7400000000000002	0.5300787539716981	0.4630658307717145	0.48042526125932544
0.7500000000000002	0.5267001929737145	0.4657286188591441	0.4821790945734858
0.7600000000000002	0.5233099841915793	0.4683894146348254	0.48393259441823794
0.7700000000000001	0.5199083312839896	0.4710480917549411	0.4856857235093281
0.7800000000000001	0.5164954431400878	0.47370452477783676	0.4874384446403928
0.7900000000000001	0.5130715339199902	0.47635858914524365	0.48919072068547187
0.8000000000000002	0.5096368230939962	0.4790101611777986	0.49094251460150734
0.8100000000000002	0.5061915354804084	0.48165911809987444	0.4926937894308172
0.8200000000000002	0.5027359012818988	0.48430533806419085	0.4944445083035615
0.8300000000000002	0.4992701561203506	0.48694870017438696	0.4961946344401843
0.8400000000000002	0.4957945410701079	0.48958908450564187	0.4979441311538399
0.8500000000000002	0.4923093026895601	0.4922263721234212	0.4996929618528013
0.8600000000000002	0.48881469305098857	0.49486044510047866	0.5014410900428503
0.8700000000000002	0.4853109697686028	0.49749118653086194	0.5031884793296457
0.8800000000000002	0.48179839602468755	0.5001184805119905	0.5049350934210798
0.8900000000000002	0.4782772405937879	0.5027422121348047	0.5066808961296084
0.9000000000000001	0.4747477778648505	0.5053622675051346	0.5084258513745656
0.9100000000000001	0.4712102878612435	0.5079785337651265	0.5101699231844582
0.9200000000000002	0.46766505625857263	0.5105908991126371	0.5119130756992395
0.9300000000000002	0.46411237440021336	0.5131992528186754	0.5136552731725664
0.9400000000000002	0.46055253931047346	0.515803485242981	0.51539647997403
0.9500000000000002	0.45698585370530226	0.5184034878485464	0.5171366605913746
0.9600000000000002	0.4534126260004607	0.5209991532518512	0.5188757796326867
0.9700000000000002	0.4498331703170643	0.5235903752008724	0.5206138018285714
0.9800000000000002	0.44624780648441165	0.5261770484849241	0.5223506920343031
0.9900000000000002	0.44265686004000815	0.5287590689527317	0.5240864152319572
1.0000000000000002	0.43906066222669526	0.5313363335373903	0.5258209365325187
1.0100000000000002	0.43545954998679265	0.5339087402789634	0.5275542211779709
1.0200000000000002	0.4318538659531623	0.5364761883448225	0.529286234543364
1.0300000000000002	0.4282439584370995	0.5390385780478201	0.5310169421388572
1.0400000000000003	0.42463018141295705	0.5415958108623905	0.5327463096117425
1.0500000000000003	0.4210128944994085	0.5441477894386676	0.5344743027484475
1.0600000000000003	0.4173924629372525	0.5466944176147074	0.5362008874765116
1.0700000000000003	0.41376925756366373	0.5492356004268986	0.5379260298665451
1.0800000000000003	0.41014365478279113	0.5517712441186439	0.5396496961341588
1.09	0.40651603653260887	0.5543012561395945	0.5413718526418804
1.1	0.40288679024791735	0.5568255450693731	0.5430924659010388
1.11	0.39925630881940005	0.559344020625252	0.5448115025736312
1.12	0.39562499054863487	0.5618565937065098	0.546528929474167
1.1300000000000001	0.3919932390989609	0.5643631764018672	0.5482447135714831
1.1400000000000001	0.38836146344210315	0.5668636819948467	0.5499588219905438
1.1500000000000001	0.38473007780045404	0.56935802496764	0.5516712220142133
1.1600000000000001	0.38109950158491385	0.5718461210035558	0.5533818810850013
1.1700000000000002	0.37747015932819133	0.5743278869881184	0.5550907668067935
1.1800000000000002	0.373842480613465	0.5768032410088823	0.5567978469465497
1.1900000000000002	0.3702168999983083	0.5792721023540298	0.5585030894359844
1.2000000000000002	0.3665938569337805	0.5817343915098124	0.5602064623732197
1.2100000000000002	0.3629737956785869	0.5841900301568991	0.5619079340244175
1.2200000000000002	0.35935716520821215	0.5866389411656892	0.5636074728253846
1.2300000000000002	0.3557444191189327	0.589081048594804	0.5653050473831546
1.2400000000000002	0.35213601552661405	0.5915162777063548	0.5670006264775491
1.2500000000000002	0.34853241696020043	0.5939445549729045	0.5686941790627079
1.2600000000000002	0.3449340902498069	0.5963658080783663	0.5703856742686011
1.2700000000000002	0.34134150640932426	0.5987799659180444	0.5720750814025156
1.2800000000000002	0.3377551405134489	0.6011869585973365	0.5737623699505132
1.2900000000000003	0.334175471569054	0.6035867174291628	0.5754475095788697
1.3000000000000003	0.33060298238081653	0.60597917493019	0.577130470135487
1.3100000000000003	0.32703815941102254	0.6083642648159172	0.5788112216512791
1.3200000000000003	0.32348149263347	0.6107419219946798	0.580489734341538
1.3300000000000003	0.3199334753813951	0.613112082560636	0.5821659786072708
1.3400000000000003	0.31639460418935067	0.6154746837857915	0.5838399250365136
1.35	0.31286537862896646	0.6178296641111207	0.585511544405622
1.36	0.3093463011385264	0.6201769631386944	0.5871808076805355
1.37	0.30583787684630226	0.6225165216673405	0.5888476860180172
1.3800000000000001	0.30234061338758395	0.6248482816982708	0.590512150766872
1.3900000000000001	0.2988550207153553	0.6271721863962822	0.5921741734691339
1.4000000000000001	0.29538161090456416	0.6294881800899003	0.5938337258612347
1.4100000000000001	0.29192089794994497	0.6317962082720744	0.5954907798751453
1.4200000000000002	0.28847339755735235	0.634096217599398	0.5971453076394937
1.4300000000000002	0.28503962692857315	0.6363881558899293	0.5987972814806547
1.4400000000000002	0.2816201045395886	0.6386719721196852	0.600446673923821
1.4500000000000002	0.2782153499122627	0.6409476164178765	0.6020934576940443
1.4600000000000002	0.27482588337944325	0.6432150400609563	0.6037376057172551
1.4700000000000002	0.2714522258434614	0.6454741954655409	0.6053790911212565
1.4800000000000002	0.2680948985280315	0.6477250361802713	0.6070178872366935
1.4900000000000002	0.264754422723551	0.6499675168766752	0.6086539675979983
1.5000000000000002	0.2614313195258136	0.6522015933461703	0.6102873059443128
1.5100000000000002	0.25812610956815496	0.6544272225205572	0.6119178762203816
1.5200000000000002	0.25483931274705646	0.656644362434732	0.613545652577426
1.5300000000000002	0.25157144794124303	0.6588529722123431	0.6151706093739925
1.5400000000000003	0.2483230327243201	0.6610530120666644	0.6167927211767736
1.5500000000000003	0.24509458307100015	0.6632444432999511	0.6184119627614101
1.5600000000000003	0.2418866130569836	0.6654272283013324	0.6200283091132626
1.5700000000000003	0.2386996345525646	0.667601330543318	0.6216417354281665
1.5800000000000003	0.23553415691004417	0.6697667145769947	0.6232522171131554
1.5900000000000003	0.23239068664504284	0.6719233460259756	0.6248597297871656
1.6	0.22926972711181645	0.6740711915791818	0.6264642492817157
1.61	0.22617177817268785	0.6762102189825112	0.6280657516415612
1.62	0.223097335861722	0.6783403970294671	0.6296642131253258
1.6300000000000001	0.22004689204278016	0.6804616955509486	0.63125961020611
1.6400000000000001	0.21702093406210227	0.6825740854168441	0.6328519195720751
1.6500000000000001	0.21401994439558142	0.6846775385282884	0.6344411181270038
1.6600000000000001	0.2110444002909021	0.6867720277847192	0.6360271829908388
1.6700000000000002	0.20809477340473162	0.6888575270806614	0.6376100915001951
1.6800000000000002	0.20517152943516556	0.6909340113043363	0.6391898212088526
1.6900000000000002	0.20227512774964088	0.693001456334828	0.6407663498882231
1.7000000000000002	0.199406021008547	0.6950598390378824	0.6423396555277959
1.7100000000000002	0.19656465478477636	0.6971091372604107	0.6439097163355585
1.7200000000000002	0.19375146717947364	0.6991493298237709	0.645476510738397
1.7300000000000002	0.19096688843425547	0.7011803965158943	0.6470400173824721
1.7400000000000002	0.18821134054018865	0.7032023180823218	0.6486002151335731
1.7500000000000002	0.18548523684383092	0.7052150762162188	0.6501570830774485
1.7600000000000002	0.18278898165065255	0.7072186535474247	0.6517106005201166
1.7700000000000002	0.18012296982617418	0.7092130336327733	0.6532607469881506
1.7800000000000002	0.17748758639517268	0.7111982009636333	0.6548075022289457
1.7900000000000003	0.1748832061393216	0.7131741409369035	0.6563508462109585
1.8000000000000003	0.17231019319365184	0.7151408398332323	0.6578907591239317
1.8100000000000003	0.16976890064223188	0.7170982848153994	0.6594272213790903
1.8200000000000003	0.16725967011348727	0.719046463925592	0.6609602136093203
1.8300000000000003	0.16478283137559233	0.7209853660813091	0.6624897166693254
1.8400000000000003	0.16233870193238747	0.7229149810699682	0.664015711635761
1.8500000000000003	0.15992758662029022	0.7248352995422902	0.6655381798073473
1.86	0.15754977720668664	0.7267463130045252	0.6670571027049633
1.87	0.15520555199030645	0.7286480138095925	0.668572462071718
1.8800000000000001	0.15289517540410252	0.7305403951471954	0.670084239873
1.8900000000000001	0.1506188976211721	0.7324234510329717	0.671592418296509
1.9000000000000001	0.14837695416427474	0.7342971762967482	0.6730969797522655
1.9100000000000001	0.1461695655195184	0.7361615665779203	0.6745979068725995
1.9200000000000002	0.14399693675480185	0.7380166183253664	0.6760951825121209
1.9300000000000002	0.1418592571436184	0.7398623287589253	0.6775887897476672
1.9400000000000002	0.139756699794841	0.7416986958608789	0.6790787118782343
1.9500000000000002	0.13768942128912673	0.7435257183737223	0.6805649324248854
1.9600000000000002	0.13565756132259232	0.7453433957965612	0.682047435130641
1.9700000000000002	0.13366124235842813	0.7471517283802057	0.6835262039603506
1.9800000000000002	0.13170056928713322	0.748950717121039	0.6850012231005418
1.9900000000000002	0.1297756290960677	0.7507403637537243	0.6864724769592562
2.	0.1278864905490325	0.7525206707428209	0.6879399501658595
2.0100000000000002	0.12603320387659894	0.7542916412733736	0.6894036275708377
2.02	0.12421580047792517	0.7560532792405382	0.6908634942455738
2.0300000000000002	0.1224342926348035	0.7578055892383032	0.6923195354821043
2.04	0.1206886732386997	0.759548576548424	0.6937717367928598
2.0500000000000003	0.1189789155315484	0.7612822471547757	0.6952200839103845
2.06	0.11730497286108446	0.7630066077193257	0.696664562787042
2.0700000000000003	0.1156667784514911	0.7647216655362609	0.6981051595947004
2.08	0.11406424519015995	0.7664274285302974	0.6995418607243984
2.0900000000000003	0.11249726543135621	0.7681239052559258	0.7009746527859996
2.1	0.11096571081759349	0.7698111048952341	0.7024035226078229
2.1100000000000003	0.10946943211952048	0.7714890372543943	0.7038284572362613
2.12	0.10800825909512796	0.773157712758876	0.7052494439353802
2.1300000000000003	0.10658200036908057	0.7748171424474661	0.7066664701865012
2.14	0.10519044333298136	0.776467337965159	0.7080795236877676
2.1500000000000004	0.10383335406736893	0.7781083115549846	0.709488592353697
2.16	0.10251047728624821	0.7797400760488387	0.7108936643147116
2.1700000000000004	0.10122153630494388	0.781362644857378	0.7122947279166596
2.18	0.09996623303206245	0.7829760319590382	0.7136917717203157
2.1900000000000004	0.09874424798633452	0.7845802518885483	0.7150847845008693
2.2	0.09755524033910018	0.7861753197416751	0.7164737552473938
2.2100000000000004	0.09639884798318314	0.7877612511590208	0.7178586731623043
2.22	0.09527468762888597	0.7893380622831433	0.7192395276607979
2.2300000000000004	0.09418235492781646	0.7909057697559525	0.7206163083702807
2.24	0.09312142462523801	0.7924643907182204	0.721989005129778
2.25	0.09209145074160974	0.794013942807708	0.723357607989332
2.2600000000000002	0.09109196678395909	0.7955544441559852	0.7247221072093849
2.27	0.0901224859876994	0.797085913384017	0.7260824932601472
2.2800000000000002	0.08918250158947388	0.7986083695965839	0.7274387568209518
2.29	0.08827148713157497	0.8001218323756053	0.7287908887795961
2.3000000000000003	0.08738889679844888	0.8016263217724319	0.730138880231668
2.31	0.08653416578575895	0.8031218582991678	0.7314827224798605
2.3200000000000003	0.08570671070243521	0.8046084629190865	0.7328224070332741
2.33	0.08490593000609649	0.8060861570361949	0.7341579256067009
2.3400000000000003	0.08413120447217895	0.8075549624840928	0.7354892701199042
2.35	0.08338189769705737	0.8090149015301108	0.7368164326968766
2.3600000000000003	0.08265735663538794	0.8104659968708432	0.7381394056650931
2.37	0.0819569121718467	0.8119082715820766	0.7394581815547475
2.3800000000000003	0.0812798797273747	0.8133417491142297	0.7407727530979785
2.39	0.08062555989997966	0.8147664532929393	0.742083113228083
2.4000000000000004	0.07999323914007465	0.8161824083182619	0.7433892550787186
2.41	0.07938219046026715	0.8175896387625676	0.7446911719830946
2.4200000000000004	0.07879167417943639	0.8189881695671969	0.7459888574731504
2.43	0.07822093870086229	0.8203780260379495	0.7472823052787253
2.4400000000000004	0.07766922132408972	0.8217592338394757	0.7485715093267136
2.45	0.07713574909013006	0.8231318189886306	0.7498564637402132
2.4600000000000004	0.07661973965951611	0.8244958078468605	0.7511371628376607
2.47	0.07612040222263997	0.8258512271116752	0.7524136011319572
2.4800000000000004	0.07563693844171113	0.8271981038072714	0.7536857733295836
2.49	0.07516854342358059	0.828536465274364	0.754953674329706
2.5	0.0747144067225789	0.8298663391706325	0.756217299223272
2.5100000000000002	0.07427371337241943	0.8311877534733275	0.757476643292096
2.52	0.07384564494611673	0.8325007364296311	0.7587317020079355
2.5300000000000002	0.07342938064276655	0.8338053165498702	0.75998247103156
2.54	0.0730240983999312	0.8351015226090923	0.7612289462118069
2.5500000000000003	0.07262897603026507	0.8363893836472637	0.7624711235846333
2.56	0.07224319238090945	0.8376689289681609	0.7637089993721549
2.5700000000000003	0.07186592851407453	0.8389401881370282	0.7649425699816781
2.58	0.07149636890711766	0.8402031909770713	0.7661718320047253
2.5900000000000003	0.07113370267031444	0.8414579675648537	0.7673967822160486
2.6	0.07077712478040893	0.8427045482246617	0.7686174175726385
2.6100000000000003	0.07042583732791573	0.8439429635218988	0.7698337352127234
2.62	0.07007905077603671	0.8451732442555707	0.7710457324547618
2.6300000000000003	0.0697359852289423	0.8463954214499223	0.7722534067964267
2.64	0.06939587170705803	0.8476095263452763	0.7734567559135836
2.6500000000000004	0.06905795342688713	0.8488155903963945	0.77465577765926
2.66	0.06872148708279234	0.8500136452824945	0.7758504700626093
2.6700000000000004	0.06838574412805544	0.8512037228584327	0.7770408313278674
2.68	0.06805001205242886	0.8523858551441574	0.7782268598333026
2.6900000000000004	0.06771359565329452	0.8535600743274507	0.7794085541301593
2.7	0.06737581829744824	0.8547264127652826	0.7805859129415952
2.7100000000000004	0.06703602317043543	0.8558849029838538	0.781758935161613
2.72	0.06669357451027567	0.857035577677396	0.7829276198539856
2.7300000000000004	0.06634785882233074	0.8581784697058028	0.784091966251176
2.74	0.06599828607199315	0.8593136120911526	0.7852519737532511
2.7500000000000004	0.06564429085180072	0.8604410380131962	0.7864076419267909
2.7600000000000002	0.06528533351951817	0.8615607808038623	0.7875589705037916
2.77	0.06492090130366925	0.8626728739408522	0.7887059593805648
2.7800000000000002	0.06455050937295356	0.8637773510403705	0.78984860861663
2.79	0.0641737018659412	0.864874245849058	0.790986918433605
2.8000000000000003	0.06379005287740606	0.8659635922406398	0.7921208892140882
2.81	0.06339916739763782	0.8670454242298226	0.7932505215005409
2.8200000000000003	0.06300068220105887	0.8681197759282748	0.794375815994161
2.83	0.06259426668047383	0.869186681529591	0.7954967735537547
2.8400000000000003	0.06217962362328808	0.870246175313077	0.7966133951946063
2.85	0.06175648992605671	0.8712982916461977	0.7977256820873392
2.8600000000000003	0.06132463724375878	0.8723430649857019	0.7988336355567779
2.87	0.06088387257024355	0.873380529877501	0.7999372570808042
2.8800000000000003	0.06043403874635567	0.8744107209553649	0.8010365482892112
2.89	0.059975014892326456	0.8754336729385073	0.8021315109625532
2.9000000000000004	0.05950671676110861	0.8764494206281244	0.8032221470309927
2.91	0.059029097009441776	0.8774579989029462	0.804308458573146
2.9200000000000004	0.05854214538355868	0.878459442713866	0.8053904478149241
2.93	0.058045888816583346	0.879453787077701	0.8064681171283719
2.9400000000000004	0.05754039143482861	0.8804410670701459	0.8075414690305056
2.95	0.057025754470375806	0.8814213178214695	0.808610506182147
2.9600000000000004	0.056502116077509684	0.8823945745331474	0.8096752313867558
2.97	0.055969651050792046	0.8833608724402444	0.8107356475892601
2.9800000000000004	0.05542857044278307	0.8843202467906872	0.8117917578748851
2.99	0.054879121079666006	0.8852727328499443	0.8128435654679803
3.0000000000000004	0.0543215849732911	0.8862183659045767	0.8138910737308443
3.0100000000000002	0.05375627862843763	0.887157181264455	0.8149342861625498
3.02	0.053183552244389094	0.8880892142637149	0.8159732063977644
3.0300000000000002	0.05260378881023331	0.8890145002605183	0.8170078382055745
3.04	0.05201740309363207	0.88993307463569	0.8180381854883039
3.0500000000000003	0.05142484052315346	0.8908449727902954	0.8190642522803349
3.06	0.050826575964627224	0.8917502301422151	0.8200860427469262
3.0700000000000003	0.05022311239236381	0.8926488821217902	0.8211035611830314
3.08	0.049614979456474584	0.8935409641665812	0.8221168120121174
3.0900000000000003	0.04900273194794066	0.8944265117153098	0.823125799784981
3.1	0.048386948163501774	0.8953055602030355	0.8241305291785672
3.1100000000000003	0.04776822817287084	0.8961781450780038	0.8251310049947848
3.12	0.04714719199122728	0.8970443017724612	0.8261272321593247
3.1300000000000003	0.0465244776603963	0.8979040656762494	0.8271192157204772
3.14	0.045900739242586	0.8987574721419654	0.8281069608479488
3.1500000000000004	0.04527664473102213	0.8996045564895145	0.8290904728316805
3.16	0.04465287388229669	0.9004453540093159	0.8300697570806661
3.1700000000000004	0.044030115975720936	0.9012798999642323	0.8310448191217717
3.18	0.04340906750545313	0.9021082295902935	0.8320156645985547
3.1900000000000004	0.04279042981164498	0.9029303780962796	0.8329822992700844
3.2	0.04217490665732524	0.903746380662234	0.8339447290097645
3.2100000000000004	0.04156320175820227	0.9045562724369602	0.8349029598041544
3.22	0.04095601627302685	0.9053600885345752	0.8358569977517941
3.2300000000000004	0.04035404626259982	0.9061578640301656	0.8368068490620292
3.24	0.03975798012594299	0.9069496339546128	0.8377525200538358
3.2500000000000004	0.03916849602256386	0.9077354332896529	0.8386940171546509
3.2600000000000002	0.03858625929014093	0.9085152969837578	0.8396313468991997
3.27	0.03801191986732629	0.9092892599324043	0.8405645159283286
3.2800000000000002	0.0374461097317082	0.9100573569458733	0.8414935309878377
3.29	0.03688944036329138	0.9108196227543536	0.8424183989273153
3.3000000000000003	0.036342500244135933	0.9115760920134219	0.8433391266989755
3.31	0.03580585240504366	0.912326799308159	0.8442557213564973
3.3200000000000003	0.035280032030386925	0.913071779155972	0.8451681900538655
3.33	0.034765544132342965	0.9138110660081986	0.846076540044215
3.3400000000000003	0.03426286130591409	0.9145446942505564	0.8469807786786769
3.35	0.03377242157618739	0.9152726982025027	0.8478809134052255
3.3600000000000003	0.03329462634930489	0.9159951121155723	0.8487769517675315
3.37	0.03282983847858034	0.9167119701707479	0.8496689014038146
3.3800000000000003	0.032378380457104006	0.9174233064749282	0.8505567700456994
3.39	0.03194053274802316	0.9181291550565458	0.851440565517077
3.4000000000000004	0.031516532263467005	0.9188295498608058	0.8523202957329648
3.41	0.03110657100280284	0.9195245247633445	0.8531959686983734
3.4200000000000004	0.03071079486055713	0.9202141135603517	0.8540675925071748
3.43	0.03032930261391642	0.9208983499312955	0.8549351753409732
3.4400000000000004	0.029962145099229044	0.9215772674432621	0.8557987254679807
3.45	0.029609324586365785	0.92225089955726	0.8566582512418954
3.4600000000000004	0.02927079435915829	0.9229192796331426	0.857513761100783
3.47	0.0289464585094242	0.9235824409332262	0.8583652635659613
3.4800000000000004	0.028636171951300946	0.9242404166246705	0.85921276724089
3.49	0.02833974066175282	0.9248932397806895	0.860056280810062
3.5000000000000004	0.028056922152183673	0.9255409433806636	0.8608958130379006
3.5100000000000002	0.027787426175086033	0.9261835603092069	0.8617313727676579
3.5200000000000005	0.027530915668585624	0.9268211233542616	0.8625629689203201
3.5300000000000002	0.027287007940602747	0.9274536652042695	0.863390610493514
3.54	0.027055276093150463	0.9280812184444842	0.8642143065604188
3.5500000000000003	0.02683525068602922	0.9287038155525885	0.865034066268683
3.56	0.026626421637861254	0.9293214889094286	0.8658498988393425
3.5700000000000003	0.026428240361042403	0.929934270798703	0.8666618135657459
3.58	0.026240122125778875	0.9305421933657684	0.8674698198124821
3.5900000000000003	0.026061448646928248	0.9311452886203366	0.8682739270143133
3.6	0.025891570885885402	0.931743588443504	0.8690741446751122
3.6100000000000003	0.02572981205825224	0.9323371245933867	0.8698704823668032
3.62	0.025575470836514003	0.9329259287094324	0.8706629497283077
3.6300000000000003	0.025427824735423158	0.9335100323154824	0.8714515564644958
3.64	0.02528613366627505	0.9340894668216493	0.8722363123451412
3.6500000000000004	0.02514964364475653	0.9346642635250773	0.8730172272038793
3.66	0.025017590635572438	0.9352344536096509	0.8737943109371743
3.6700000000000004	0.02488920451561472	0.9358000681447093	0.8745675735032865
3.68	0.02476371313604856	0.9363611380828303	0.8753370249212474
3.6900000000000004	0.024640346462360362	0.9369176942567388	0.8761026752698381
3.7	0.02451834077015742	0.9374697673754031	0.8768645346865731
3.7100000000000004	0.024396942873340835	0.9380173880315817	0.8776226133666897
3.72	0.024275414360205295	0.9385605867099924	0.8783769215621418
3.7300000000000004	0.024153035812065054	0.9390993937439982	0.879127469580598
3.74	0.024029110978177733	0.9396338393156045	0.8798742677844459
3.7500000000000004	0.023902970880049855	0.9401639534631243	0.880617326589803
3.7600000000000002	0.023773977817673334	0.9406897660874297	0.881356656465528
3.7700000000000005	0.02364152924987261	0.9412113069568675	0.8820922679322422
3.7800000000000002	0.023505061520750537	0.9417286057109099	0.8828241715613544
3.79	0.023364053404218026	0.9422416918626065	0.8835523779740905
3.8000000000000003	0.02321802943878971	0.9427505947999052	0.8842768978405292
3.81	0.023066563025233994	0.943255343785906	0.8849977418786422
3.8200000000000003	0.02290927926029059	0.9437559679581106	0.8857149208533416
3.83	0.02274585748051887	0.9442524963267248	0.8864284455755312
3.8400000000000003	0.022576033491422325	0.9447449577720746	0.8871383269011628
3.85	0.022399601458312844	0.9452333810411886	0.8878445757303
3.8600000000000003	0.022216415436935612	0.9457177947523702	0.888547203006186
3.87	0.022026390523673493	0.9461982274099522	0.8892462197143178
3.8800000000000003	0.021829503607185746	0.9466747073613085	0.8899416368815247
3.89	0.021625793705609124	0.9471472627929213	0.8906334655750542
3.9000000000000004	0.021415361875951777	0.9476159217385912	0.8913217169016627
3.91	0.021198370685036886	0.9480807120862226	0.8920064020067112
3.9200000000000004	0.020975043234290284	0.948541661583259	0.8926875320732682
3.93	0.02074566173380456	0.9489987978408354	0.8933651183212167
3.9400000000000004	0.020510565624432948	0.9494521483367219	0.8940391720063687
3.95	0.02027014925015416	0.9499017404171217	0.8947097044195836
3.9600000000000004	0.02002485908658025	0.9503476012973889	0.8953767268858946
3.97	0.01977519053523312	0.9507897580617289	0.8960402507636384
3.9800000000000004	0.019521684297061817	0.9512282376619392	0.8967002874435922
3.99	0.01926492234258627	0.9516630669152527	0.8973568483481178
4.	0.019005523499999094	0.9520942725013349	0.8980099449303081
4.010000000000001	0.018744138686504472	0.9525218809644656	0.898659588673143
4.0200000000000005	0.018481445812083212	0.952945918732445	0.8993057910886493
4.03	0.018218144388708855	0.9533664120767306	0.8999485637170666
4.04	0.017954949881761786	0.9537833871033151	0.9005879181260205
4.05	0.017692587843952903	0.9541968697613737	0.9012238659096995
4.0600000000000005	0.017431787875435503	0.9546068858505075	0.9018564186880401
4.07	0.017173277456907977	0.9550134610266193	0.9024855881059161
4.08	0.016917775705347853	0.9554166208064996	0.9031113858323359
4.09	0.016665987104525822	0.955816390571184	0.9037338235596429
4.1000000000000005	0.016418595264582437	0.9562127955681567	0.9043529130027254
4.11	0.016176256766668562	0.9566058609124595	0.9049686658982287
4.12	0.01593959514991251	0.9569956115867714	0.905581094003777
4.13	0.015709195098743703	0.9573820724405181	0.9061902090971989
4.140000000000001	0.015485596888837902	0.9577652681880697	0.906796022975759
4.15	0.015269291149621687	0.9581452234060842	0.9073985474553964
4.16	0.015060714000353623	0.958521962533874	0.9079977943699697
4.17	0.014860242615264996	0.9588955098942343	0.9085937755705066
4.180000000000001	0.01466819127107251	0.9592658896590985	0.9091865029244601
4.19	0.014484807927359624	0.9596331258343462	0.909775988314971
4.2	0.014310271386852856	0.9599972422686713	0.9103622436401366
4.21	0.014144689078498265	0.960358262661215	0.9109452808122854
4.220000000000001	0.01398809550147688	0.9607162105678217	0.9115251117572569
4.23	0.013840451362905055	0.9610711094059898	0.9121017484136884
4.24	0.013701643435969213	0.9614229824585827	0.9126752027323084
4.25	0.013571485158680018	0.961771852876373	0.9132454866752343
4.260000000000001	0.013449717986338738	0.9621177436794809	0.913812612215278
4.2700000000000005	0.013336013503242442	0.9624606777577716	0.914376591335256
4.28	0.013229976291173768	0.9628006778702711	0.9149374360273063
4.29	0.013131147543896946	0.963137766643661	0.9154951582922116
4.3	0.013039009408291445	0.9634719665699057	0.9160497701387287
4.3100000000000005	0.012952990023987207	0.9638033000053191	0.9166012835829215
4.32	0.012872469224515296	0.9641317891914191	0.9171497106475045
4.33	0.012796784854157462	0.9644574562279504	0.9176950633611877
4.34	0.012725239645977895	0.9647803230511899	0.9182373537580303
4.3500000000000005	0.012657108598063937	0.9651004114426944	0.9187765938768001
4.36	0.012591646776909694	0.9654177430372711	0.9193127957603376
4.37	0.012528097469269748	0.9657323393295562	0.9198459714549273
4.38	0.012465700596813296	0.9660442216792761	0.9203761330096748
4.390000000000001	0.012403701301646235	0.9663534113152598	0.9209032924758892
4.4	0.012341358605362897	0.9666599293382707	0.9214274619064722
4.41	0.012277954039858568	0.9669637967227214	0.9219486533553128
4.42	0.01221280014479306	0.9672650343173376	0.9224668788766874
4.430000000000001	0.012145248724449513	0.9675636628448299	0.9229821505246675
4.44	0.012074698755878157	0.9678597029006324	0.9234944803525303
4.45	0.012000603840736673	0.968153174950767	0.9240038804121797
4.46	0.011922479095206903	0.9684440993300554	0.9245103627535676
4.470000000000001	0.011839907375837693	0.9687324962614636	0.9250139394241261
4.48	0.011752544744170992	0.9690183858377404	0.9255146224682027
4.49	0.011660125079570139	0.9693017879932807	0.9260124239265013
4.5	0.011562463757780488	0.9695827225122788	0.9265073558355309
4.510000000000001	0.011459460322383418	0.9698612090369874	0.9269994302270584
4.5200000000000005	0.011351100087403547	0.9701372670745755	0.9274886591275678
4.53	0.011237454621815121	0.9704109160026558	0.9279750545577248
4.54	0.011118681080463115	0.9706821750735535	0.9284586285318477
4.55	0.010995020360833723	0.9709510634173802	0.9289393930573838
4.5600000000000005	0.010866794081020453	0.9712176000439862	0.9294173601343912
4.57	0.01073440039094989	0.9714818038438444	0.9298925417550267
4.58	0.010598308646245745	0.9717436935879378	0.9303649499030392
4.59	0.0104590529917883	0.9720032879267021	0.9308345965532684
4.6000000000000005	0.010317224919812604	0.9722606053880835	0.9313014936711502
4.61	0.010173464885011092	0.9725156643752663	0.9317656532122268
4.62	0.01002845307627406	0.9727684831833637	0.9322270871216617
4.63	0.009882899461115877	0.97301907999027	0.9326858073337622
4.640000000000001	0.009737533234185965	0.9732674728226698	0.933141825771506
4.65	0.009593091815243043	0.9735136795629722	0.9335951543460735
4.66	0.00945030955426908	0.9737577179578243	0.9340458049563869
4.67	0.00930990631171873	0.9739996056252098	0.934493789488652
4.680000000000001	0.009172576089952986	0.974239360060208	0.9349391198159083
4.69	0.00903897589743086	0.9744769986394796	0.9353818077975835
4.7	0.008909715029990377	0.9747125386245541	0.9358218652790526
4.71	0.008785344953338098	0.9749459971639762	0.9362593040912038
4.720000000000001	0.008666349967519076	0.9751773912943839	0.9366941360500086
4.73	0.008553138827539854	0.9754067379405728	0.9371263729560981
4.74	0.008446037484398214	0.9756340539146102	0.9375560265943438
4.75	0.008345283097526267	0.9758593559140545	0.9379831087334441
4.760000000000001	0.008251019453128797	0.9760826605194863	0.9384076311255173
4.7700000000000005	0.008163293903214235	0.9763039842078136	0.9388296055056969
4.78	0.008082055917455075	0.9765233433522409	0.939249043591735
4.79	0.008007157314632437	0.976740754183573	0.9396659570836089
4.800000000000001	0.007938354212638034	0.9769562327951508	0.9400803576631355
4.8100000000000005	0.007875310706218724	0.9771697951515886	0.9404922569935863
4.82	0.007817604250310209	0.9773814570960865	0.9409016667193129
4.83	0.007764732694436282	0.9775912343563886	0.9413085984653733
4.84	0.007716122880821127	0.9777991425494631	0.9417130638371656
4.8500000000000005	0.007671140686195904	0.9780051971849686	0.9421150744200661
4.86	0.007629102355435688	0.9782094136675742	0.9425146417790723
4.87	0.00758928694482462	0.9784118072981989	0.9429117774584503
4.88	0.007550949664615786	0.9786123932742298	0.9433064929813891
4.890000000000001	0.007513335885328008	0.9788111866887806	0.9436987998496577
4.9	0.007475695550589622	0.9790082025290471	0.9440887095432677
4.91	0.007437297721953125	0.9792034556738337	0.9444762335201415
4.92	0.007397444968570213	0.9793969609031989	0.9448613832157852
4.930000000000001	0.007355487307473983	0.979588732906685	0.9452441700429649
4.94	0.007310835398922147	0.9797787862416639	0.9456246053913897
4.95	0.007262972706169235	0.9799671353353302	0.9460027006273984
4.96	0.007211466340400722	0.9801537944936372	0.946378467093651
4.970000000000001	0.007155976329490032	0.9803387779088004	0.946751916108825
4.98	0.00709626307370171	0.9805220996654341	0.9471230589673174
4.99	0.007032192782278672	0.9807037737454022	0.9474919069389485
5.	0.006963740721676827	0.9808838140314435	0.9478584712686732
5.010000000000001	0.006890992148540752	0.981062234309644	0.9482227631762967
5.0200000000000005	0.006814140847680087	0.9812390482708159	0.9485847938561927
5.03	0.006733485246477859	0.9814142695108508	0.948944574477027
5.04	0.006649422131357291	0.9815879115301016	0.9493021161814875
5.050000000000001	0.006562438048031745	0.981759987731854	0.9496574300860162
5.0600000000000005	0.006473098524021217	0.9819305114199454	0.9500105272805468
5.07	0.0063820353079964065	0.982099495804948	0.9503614188282448
5.08	0.006289931874494997	0.9822669540189995	0.9507101157652567
5.09	0.006197507492988476	0.9824328990735788	0.9510566291004582
5.1000000000000005	0.006105500205701913	0.9825973438574255	0.95140096981521
5.11	0.006014649097573842	0.9827603011456615	0.9517431488631161
5.12	0.005925676272932362	0.9829217836074631	0.9520831771697877
5.13	0.005839268975615376	0.9830818038123644	0.9524210656326111
5.140000000000001	0.005756062301291401	0.9832403742352595	0.9527568251205186
5.15	0.00567662295175768	0.983397507260171	0.9530904664737649
5.16	0.005601434470355525	0.9835532151828593	0.9534220005037078
5.17	0.0055308843749771	0.9837075102123266	0.9537514379925909
5.180000000000001	0.005465253570375809	0.983860404471288	0.9540787896933334
5.19	0.005404708374900446	0.984011909995662	0.9544040663293212
5.2	0.005349295438965639	0.9841620387331474	0.9547272785942045
5.21	0.005298939764522276	0.9843108025409313	0.9550484371516971
5.220000000000001	0.005253445957832395	0.984458213189038	0.9553675526353806
5.23	0.005212502763661375	0.9846042823794172	0.9556846356485139
5.24	0.005175690839575479	0.984749021706026	0.9559996967638437
5.25	0.0051424936366622955	0.9848924426474522	0.9563127465234215
5.260000000000001	0.005112311160201535	0.9850345565761858	0.9566237954384229
5.2700000000000005	0.005084476293311873	0.9851753747664513	0.9569328539889713
5.28	0.005058273281204322	0.9853149084006623	0.957239932623966
5.29	0.005032957896234262	0.9854531685745638	0.9575450417609124
5.300000000000001	0.0050077787372570385	0.985590166301136	0.9578481917857568
5.3100000000000005	0.004981999063501878	0.9857259125133236	0.9581493930527258
5.32	0.004954918525686374	0.9858604180656574	0.9584486558841677
5.33	0.004925894137458369	0.9859936937348309	0.9587459905703989
5.34	0.004894359830097738	0.9861257502192925	0.9590414073695528
5.3500000000000005	0.0048598439538398725	0.9862565981379083	0.9593349165074326
5.36	0.004821984130698945	0.9863862480277598	0.9596265281773689
5.37	0.004780538926114235	0.9865147103453017	0.9599162525400784
5.38	0.004735395889252059	0.9866419954874857	0.9602040997235282
5.390000000000001	0.004686575612771865	0.9867681137566999	0.9604900798228023
5.4	0.004634231579978679	0.9868930753471936	0.9607742028999721
5.41	0.004578645697497783	0.9870168903543608	0.9610564789839703
5.42	0.004520219551228938	0.9871395687827261	0.9613369180704675
5.430000000000001	0.004459461568099815	0.9872611205525423	0.9616155301217532
5.44	0.004396970411309929	0.9873815555050648	0.9618923250666186
5.45	0.004333415077275353	0.9875008834065797	0.9621673128002446
5.46	0.004269512293120037	0.9876191139512499	0.9624405031840912
5.470000000000001	0.0042060019290894625	0.9877362567628446	0.9627119060457916
5.48	0.004143621235671556	0.9878523213954137	0.962981531179048
5.49	0.0040830787858912535	0.9879673173329723	0.9632493883435314
5.5	0.004025029045209288	0.9880812539882494	0.9635154872647852
5.510000000000001	0.003970048501528059	0.9881941407005606	0.9637798376341302
5.5200000000000005	0.003918614263816246	0.9883059867353605	0.9640424491085744
5.53	0.003871085978799807	0.9884168013054982	0.9643033313107243
5.54	0.003827691821314741	0.9885265935430186	0.9645624938287003
5.550000000000001	0.003788519186940239	0.988635372478923	0.9648199462160544
5.5600000000000005	0.0037535105585149936	0.9887431470522031	0.9650756979916918
5.57	0.0037224648355721	0.988849926117975	0.9653297586397934
5.58	0.0036950442134264933	0.9889557184542105	0.9655821376097445
5.59	0.0036707864836190043	0.9890605327671428	0.9658328443160619
5.6000000000000005	0.003649122407658969	0.9891643776954137	0.966081888138329
5.61	0.003629397600236511	0.9892672618130284	0.9663292784211289
5.62	0.0036108981554339352	0.9893691936311899	0.9665750244739827
5.63	0.0035928790691438944	0.9894701815990682	0.966819135571292
5.640000000000001	0.003574594361750286	0.9895702341035707	0.9670616209522799
5.65	0.0035553276952425606	0.989669359468172	0.9673024898209386
5.66	0.0035344222152420344	0.9897675659508595	0.9675417513459779
5.67	0.0035113083362791515	0.989864861742585	0.9677794146607763
5.680000000000001	0.0034855282315029673	0.9899612549870984	0.9680154888633361
5.69	0.003456755887024391	0.9900567537610164	0.9682499830162379
5.7	0.00342481173502903	0.9901513660469347	0.9684829061466016
5.71	0.0033896710847890633	0.990245099741806	0.9687142672460484
5.720000000000001	0.003351465820292041	0.9903379626652177	0.9689440752706625
5.73	0.0033104791184183926	0.9904299625662579	0.9691723391409605
5.74	0.0032671332511984056	0.990521107129047	0.969399067741859
5.75	0.0032219708565188426	0.9906114039769993	0.9696242699226466
5.760000000000001	0.003175630379171093	0.9907008606758898	0.9698479544969569
5.7700000000000005	0.0031288166829712	0.9907894847357848	0.9700701302427461
5.78	0.0030822680993610923	0.9908772836119062	0.970290805902271
5.79	0.003036721393598884	0.9909642647044872	0.9705099901820695
5.800000000000001	0.002992876282994922	0.9910504353576781	0.9707276917529439
5.8100000000000005	0.002951361221525468	0.9911358028575634	0.9709439192499475
5.82	0.002912702163421776	0.9912203744299389	0.97115868127237
5.83	0.0028772959304949083	0.9913041572575413	0.9713719863837296
5.84	0.002845389633677157	0.9913871584691518	0.9715838431117639
5.8500000000000005	0.0028170673426952246	0.9914693851065784	0.9717942599484242
5.86	0.002792244867710565	0.9915508441318277	0.9720032453498719
5.87	0.0027706731264398768	0.9916315424355222	0.9722108077364775
5.88	0.002751950137097877	0.9917114868439019	0.9724169554928197
5.890000000000001	0.00273554122236215	0.9917906841244774	0.9726216969676897
5.9	0.0027208065559167333	0.99186914099041	0.9728250404740947
5.91	0.002707034755934667	0.9919468641036842	0.9730269942892646
5.92	0.002693480854238307	0.9920238600771392	0.9732275666546606
5.930000000000001	0.0026794066697167257	0.9921001354754236	0.9734267657759866
5.94	0.002664121411056563	0.9921756968149363	0.9736245998232003
5.95	0.002647020243976185	0.99225055056281	0.9738210769305281
5.96	0.0026276185934899846	0.9923247031349961	0.9740162051964821
5.970000000000001	0.002605580117237712	0.9923981608937061	0.9742099926838771
5.98	0.002580736579178445	0.9924709301612621	0.974402447419851
5.99	0.0025530982637520273	0.9925430172182995	0.9745935773958868
6.	0.002522854080955177	0.9926144282656991	0.9747833905678361
6.010000000000001	0.002490361097399758	0.9926851694298275	0.9749718948559437
6.0200000000000005	0.0024561238557985316	0.992755246771101	0.9751590981448756
6.03	0.0024207644791869255	0.9928246662911183	0.9753450082837469
6.04	0.00238498515744923	0.9928934339384402	0.9755296330861537
6.050000000000001	0.0023495251427555056	0.9929615556130843	0.9757129803302029
6.0600000000000005	0.0023151147997057682	0.9930290371698066	0.9758950577585488
6.07	0.00228242953229741	0.9930958844202317	0.9760758730784258
6.08	0.0022520465173914727	0.9931621031339025	0.9762554339616876
6.09	0.0022244070966692246	0.9932276990383032	0.9764337480448445
6.1000000000000005	0.0021997874108953827	0.9932926778179219	0.976610822929104
6.11	0.0021782794088457563	0.9933570451124075	0.9767866661804129
6.12	0.0021597837486411284	0.9934208065139083	0.9769612853294994
6.13	0.0021440153641000947	0.9934839675772119	0.9771346878719191
6.140000000000001	0.002130521636924282	0.9935465338263642	0.9773068812681008
6.15	0.002118712249870343	0.9936085107132053	0.9774778729433933
6.16	0.0021078989552489632	0.9936699036197986	0.9776476702881157
6.17	0.0020973427379530588	0.9937307178671351	0.9778162806576077
6.180000000000001	0.002086305241459226	0.9937909587224019	0.9779837113722805
6.19	0.002074100910978921	0.9938506314048883	0.978149969717671
6.2	0.002060146131312017	0.9939097410905989	0.9783150629444968
6.21	0.002044001724255103	0.9939682929156431	0.9784789982687105
6.220000000000001	0.002025405529920856	0.9940262919784687	0.9786417828715589
6.23	0.0020042924163023446	0.9940837433410036	0.9788034238996399
6.24	0.0019807999094910533	0.9941406520287662	0.9789639284649636
6.25	0.001955258661038189	0.9941970230300088	0.9791233036450125
6.260000000000001	0.0019281680998003267	0.9942528612939437	0.9792815564828043
6.2700000000000005	0.0019001587710214404	0.9943081717281208	0.9794386939869552
6.28	0.0018719439557631221	0.9943629592049856	0.9795947231317448
6.29	0.00184426409876112	0.9944172285754235	0.9797496508571812
6.300000000000001	0.0018178282685926274	0.9944709846261967	0.9799034840690691
6.3100000000000005	0.0017932572608950125	0.9945242320784796	0.980056229639078
6.32	0.0017710329843406856	0.9945769755967108	0.98020789440481
6.33	0.0017514584177581866	0.9946292197959974	0.9803584851698719
6.34	0.0017346317032986495	0.9946809692481505	0.9805080087039454
6.3500000000000005	0.0017204368851177086	0.9947322284864176	0.9806564717428605
6.36	0.0017085524870371072	0.9947830020089843	0.9808038809886692
6.37	0.0016984776447160476	0.9948332942813113	0.9809502431097186
6.38	0.0016895739873383465	0.994883109737372	0.9810955647407281
6.390000000000001	0.0016811200317101496	0.9949324527798523	0.9812398524828657
6.4	0.0016723736397615623	0.9949813277793749	0.9813831129038249
6.41	0.0016626372194557064	0.9950297390728012	0.9815253525379035
6.42	0.0016513199167358381	0.9950776909606748	0.9816665778860834
6.430000000000001	0.0016379911162980186	0.9951251877107894	0.9818067954161112
6.44	0.0016224201632278692	0.9951722335764088	0.9819460115625777
6.45	0.0016045983098220934	0.9952188327554569	0.982084232727003
6.46	0.001584740407368911	0.9952649893839439	0.9822214652779171
6.470000000000001	0.0015632656810837735	0.9953107075449572	0.9823577155509449
6.48	0.0015407588904324525	0.9953559912762068	0.9824929898488908
6.49	0.0015179151047856295	0.9954008445761893	0.9826272944418234
6.5	0.0014954730253358274	0.9954452714090444	0.982760635567164
6.510000000000001	0.0014741430779749314	0.9954892757081704	0.9828930194297714
6.5200000000000005	0.0014545372367593017	0.9955328613786681	0.9830244522020307
6.53	0.0014371076085889676	0.9955760322986775	0.9831549400239434
6.54	0.00142210017260851	0.9956187923196678	0.9832844890032139
6.550000000000001	0.0014095287485640141	0.9956611452657459	0.9834131052153425
6.5600000000000005	0.001399172365689619	0.9957030949320381	0.9835407947037148
6.57	0.0013905968843324413	0.995744645082202	0.9836675634796939
6.58	0.0013831992084342457	0.9957857994496759	0.9837934175227109
6.590000000000001	0.0013762699757110808	0.9958265617583134	0.9839183627803615
6.6000000000000005	0.001369068491653198	0.9958669356859804	0.984042405168496
6.61	0.0013609021325653636	0.9959069248519097	0.9841655505713147
6.62	0.0013512016834330823	0.9959465328257262	0.9842878048414642
6.63	0.0013395842262016637	0.9959857631351369	0.9844091738001303
6.640000000000001	0.0013258962868458876	0.9960246192722291	0.9845296632371358
6.65	0.0013102319140734294	0.9960631046984519	0.9846492789110373
6.66	0.0012929230224681	0.9961012228483491	0.984768026549221
6.67	0.0012745024198393634	0.9961389771321131	0.9848859118480018
6.680000000000001	0.0012556431162569091	0.9961763709370218	0.9850029404727209
6.69	0.0012370804115491131	0.9962134076278254	0.9851191180578447
6.7	0.0012195255186827293	0.9962500905461401	0.9852344502070648
6.71	0.00120358079546818	0.9962864230089103	0.9853489424933968
6.720000000000001	0.0011896668144712615	0.9963224083059949	0.9854626004592817
6.73	0.0011779704173270201	0.9963580496997045	0.9855754296166854
6.74	0.0011684206400062983	0.9963933504458894	0.9856874354472019
6.75	0.0011606961769736576	0.9964283137640706	0.9857986234021536
6.760000000000001	0.001154264227382957	0.9964629428181773	0.9859089989026931
6.7700000000000005	0.0011484465890647068	0.9964972407253823	0.9860185673399078
6.78	0.0011425052392396683	0.9965312105639361	0.9861273340749207
6.79	0.0011357368552192067	0.9965648553796033	0.9862353044389951
6.800000000000001	0.0011275641958840448	0.9965981781907729	0.9863424837336383
6.8100000000000005	0.0011176122579333173	0.996631181992312	0.9864488772307054
6.82	0.001105758725199231	0.9966638697582308	0.986554490172504
6.83	0.0010921513172193397	0.996696244443227	0.9866593277718994
6.840000000000001	0.0010771888756042167	0.9967283089831668	0.9867633952124194
6.8500000000000005	0.0010614678837560234	0.9967600662945719	0.9868666976483607
6.86	0.00104570095595373	0.9967915192731629	0.9869692402048937
6.87	0.0010306179746641805	0.9968226707915232	0.9870710279781696
6.88	0.0010168633737076475	0.9968535236974515	0.9871720660354262
6.890000000000001	0.0010049040824402532	0.9968840808338921	0.987272359415096
6.9	0.0009949616155520782	0.9969143450171261	0.9873719131269115
6.91	0.0009869787517784866	0.9969443190108216	0.9874707321520142
6.92	0.0009806265304536878	0.9969740055343077	0.9875688214430609
6.930000000000001	0.0009753515175177741	0.997003407270558	0.987666185924333
6.94	0.0009704572630677784	0.9970325268727669	0.987762830491843
6.95	0.0009652084932627301	0.997061366969592	0.9878587600134443
6.96	0.0009589427118681107	0.9970899301691317	0.9879539793289386
6.970000000000001	0.0009511722138553221	0.9971182190617067	0.9880484932501858
6.98	0.000941660418232567	0.9971462362215118	0.9881423065612116
6.99	0.0009304599089139891	0.9971739842071968	0.9882354240183177
7.	0.0009179052173747729	0.997201465561448	0.9883278503501906
7.010000000000001	0.0009045603985092102	0.9972286828096173	0.9884195902580112
7.0200000000000005	0.0008911287748898552	0.9972556384574666	0.9885106484155655
7.03	0.0008783386675135095	0.9972823349887813	0.9886010294693518
7.04	0.0008668233750563803	0.9973087748828964	0.9886907380386935
7.050000000000001	0.0008570152535564916	0.9973349606018386	0.9887797787158474
7.0600000000000005	0.0008490720579414523	0.9973608945581249	0.9888681560661143
7.07	0.0008428488442656095	0.9973865791219495	0.9889558746279505
7.08	0.0008379213617130066	0.9974120166293197	0.9890429389130754
7.090000000000001	0.0008336581331560506	0.997437209388779	0.9891293534065854
7.1000000000000005	0.0008293297944184385	0.9974621596867823	0.9892151225670619
7.11	0.0008242372749638089	0.9974868697918018	0.9893002508266834
7.12	0.0008178364012201687	0.9975113419572261	0.9893847425913357
7.13	0.000809836377765625	0.9975355784231246	0.9894686022407232
7.140000000000001	0.0008002535872089841	0.9975595814169326	0.989551834128479
7.15	0.0007894097358486497	0.9975833531531264	0.9896344425822764
7.16	0.000777873340520138	0.9976068958319464	0.9897164319039395
7.17	0.0007663541538768035	0.9976302116372188	0.9897978063695554
7.180000000000001	0.0007555693770003027	0.9976533027335925	0.989878570229583
7.19	0.0007461065568865578	0.9976761712808099	0.9899587277089664
7.2	0.0007383095619320937	0.9976988194300046	0.9900382830072442
7.21	0.0007322104281256262	0.997721249286219	0.9901172402986613
7.220000000000001	0.000727521605667191	0.9977434629138221	0.9901956037322804
7.23	0.0007236916066723633	0.9977654623448033	0.9902733774320925
7.24	0.0007200144081916578	0.9977872495856406	0.9903505654971273
7.25	0.0007157717181318689	0.9978088266228154	0.9904271720015655
7.260000000000001	0.0007103797569382604	0.9978301954270492	0.9905032009948492
7.2700000000000005	0.0007035103025147909	0.9978513579563247	0.9905786565017928
7.28	0.0006951600935048798	0.9978723161577626	0.9906535425226937
7.29	0.0006856527070337108	0.9978930719684158	0.9907278630334431
7.300000000000001	0.000675570886164979	0.997913627315044	0.9908016219856383
7.3100000000000005	0.0006656322032301642	0.9979339841129266	0.9908748233066906
7.32	0.0006565337100746464	0.9979541442637736	0.990947470899938
7.33	0.0006487989138209989	0.9979741096528391	0.9910195686447563
7.340000000000001	0.0006426610383393303	0.9979938821595213	0.9910911203966672
7.3500000000000005	0.0006380095618101878	0.9980134636622798	0.9911621299874507
7.36	0.0006344136275442028	0.99803285599742	0.9912326012252549
7.37	0.0006312188284036717	0.9980520609618896	0.9913025378947061
7.38	0.0006276968204214356	0.9980710803217314	0.9913719437570186
7.390000000000001	0.000623214215602084	0.9980899158191017	0.9914408225501052
7.4	0.0006173815273622241	0.998108569177928	0.9915091779886873
7.41	0.0006101463468107893	0.9981270421082764	0.991577013764403
7.42	0.0006018070889837846	0.9981453363095011	0.9916443335459195
7.430000000000001	0.0005929420860251019	0.9981634534722361	0.9917111409790401
7.44	0.0005842693353748952	0.9981813952793004	0.9917774396868145
7.45	0.0005764698607994994	0.9981991634055747	0.991843233269649
7.46	0.0005700178389056124	0.9982167595169092	0.9919085253054131
7.470000000000001	0.0005650604022406159	0.9982341852681251	0.9919733193495511
7.48	0.0005613788470401267	0.9982514423001587	0.9920376189351889
7.49	0.0005584431368446675	0.9982685322470422	0.9921014275732438
7.5	0.0005555477946101207	0.9982854567480984	0.9921647487525324
7.510000000000001	0.0005519955537645026	0.9983022174051691	0.9922275859398783
7.5200000000000005	0.0005472813688076416	0.9983188157817493	0.992289942580222
7.53	0.0005412276886076101	0.998335253411603	0.9923518220967262
7.54	0.0005340333836863291	0.9983515318059344	0.9924132278908857
7.550000000000001	0.0005262209681380107	0.9983676524591909	0.9924741633426337
7.5600000000000005	0.0005184942123674091	0.9983836168535676	0.9925346318104498
7.57	0.0005115435386669901	0.9983994264622826	0.9925946366314666
7.58	0.0005058524962000932	0.9984150827516914	0.992654181121577
7.590000000000001	0.0005015601006010331	0.9984305871823033	0.9927132685755401
7.6000000000000005	0.0004984196904669432	0.9984459412087635	0.992771902267089
7.61	0.0004958684476715435	0.9984611462788602	0.9928300854490366
7.62	0.0004931899333606667	0.9984762038316153	0.9928878213533805
7.63	0.000489724009243041	0.9984911152945151	0.9929451131914107
7.640000000000001	0.00048506289264946945	0.9985058820873844	0.9930019641538145
7.65	0.0004791742026917163	0.9985205056397215	0.9930583774107801
7.66	0.0004724120076355305	0.9985349873491549	0.9931143561121053
7.67	0.000465409865835583	0.9985493285757066	0.9931699033872994
7.680000000000001	0.0004588861320570943	0.9985635306505684	0.9932250223456891
7.69	0.0004534202010134875	0.9985775948834313	0.9932797160765231
7.7	0.00044926948228587896	0.9985915225684339	0.9933339876490754
7.71	0.00044628626824867355	0.9986053149888064	0.9933878401127502
7.720000000000001	0.0004439635267996033	0.9986189734202782	0.993441276497185
7.73	0.000441597779332505	0.9986324991333143	0.9934942998123543
7.74	0.0004385184613626121	0.9986458933942468	0.9935469130486722
7.75	0.0004343094788441894	0.9986591574653662	0.9935991191770961
7.760000000000001	0.0004289488076552065	0.9986722926040277	0.9936509211492293
7.7700000000000005	0.00042281716694216623	0.998685300060837	0.9937023218974218
7.78	0.00041656977053089467	0.9986981810769683	0.993753324334875
7.79	0.00041091205969139905	0.9987109368856159	0.9938039313557413
7.800000000000001	0.00040635502825610395	0.9987235687321581	0.9938541458352266
7.8100000000000005	0.0004030354161292668	0.9987360778365844	0.9939039706296915
7.82	0.00040066590219762485	0.998748465381852	0.993953408576752
7.83	0.0003986361011339906	0.9987607325227428	0.9940024624953805
7.840000000000001	0.00039623141017321547	0.9987728803933517	0.994051135186006
7.8500000000000005	0.00039289269962428065	0.9987849101131862	0.9940994294306144
7.86	0.00038842226223088265	0.9987968227919534	0.9941473479928481
7.87	0.000383058288173302	0.9988086195330982	0.9941948936181053
7.88	0.0003773869084923248	0.9988203014361683	0.9942420690336408
7.890000000000001	0.0003721213789712844	0.9988318695980622	0.9942888769486613
7.9	0.00036782978285625103	0.9988433251132304	0.994335320054429
7.91	0.00036471519633118524	0.9988546690728874	0.9943814010243558
7.92	0.000362535214071882	0.9988659025632913	0.994427122514103
7.930000000000001	0.000360695700417841	0.9988770266631531	0.9944724871616789
7.94	0.0003584854933147187	0.9988880424432852	0.9945174975875368
7.95	0.00035536110288925837	0.9988989509875746	0.9945621563946706
7.96	0.0003511671988939336	0.9989097533616094	0.9946064661687127
7.970000000000001	0.00034620122652299657	0.998920450594501	0.9946504294780303
7.98	0.0003410919123625752	0.9989310436876195	0.994694048873821
7.99	0.0003365380950016822	0.9989415336222444	0.9947373268902092
8.	0.00033301467828886666	0.998951921365815	0.9947802660443421