-8.	0.0006698033926905613	0.9100212549813	0.9700070849937666	0.00033508838607047104
-7.99	0.0006765236286013262	0.9100214757245961	0.9700071585748653	0.0003384522936535421
-7.98	0.0006833113844176485	0.9100216964678921	0.970007232155964	0.00034184992652956626
-7.97	0.000690166998405883	0.9100219172111882	0.9700073057370627	0.00034528163224371405
-7.96	0.0006970911800988031	0.9100221379544842	0.9700073793181614	0.00034874774749774117
-7.95	0.0007040846964447586	0.9100223586977803	0.97000745289926	0.0003522486149261071
-7.94	0.0007111481939558908	0.9100225907376913	0.9700075302458971	0.0003557845870676832
-7.93	0.0007182826048050925	0.9100228227776024	0.9700076075925341	0.0003593560071825051
-7.92	0.0007254887136941496	0.9100230548175134	0.9700076849391712	0.00036296323766987223
-7.91	0.000732766443529714	0.9100232868574244	0.9700077622858082	0.0003666066332310946
-7.9	0.0007401172988055703	0.9100235188973355	0.9700078396324452	0.000370286559150062
-7.89	0.0007475418241617504	0.9100237628108616	0.9700079209369539	0.00037400336835718745
-7.88	0.0007550404662017561	0.9100240067243879	0.9700080022414627	0.0003777574465034257
-7.87	0.0007626143257867356	0.910024250637914	0.9700080835459713	0.0003815491560666498
-7.86	0.0007702641911504779	0.9100244945514403	0.9700081648504801	0.00038537887941864443
-7.85	0.0007779903674686051	0.9100247384649665	0.9700082461549888	0.00038924698727740663
-7.84	0.000785794056799518	0.9100249948584094	0.9700083316194698	0.0003931538715921622
-7.83	0.0007936756825847195	0.9100252512518522	0.9700084170839507	0.0003970999204158204
-7.82	0.0008016365347421631	0.9100255076452951	0.9700085025484317	0.00040108552135575054
-7.81	0.0008096766545503727	0.9100257640387379	0.9700085880129127	0.00040511106867521253
-7.8	0.0008177975116467189	0.9100260204321808	0.9700086734773936	0.00040917696560742244
-7.79	0.0008259996940144931	0.9100262899426307	0.9700087633142102	0.0004132836131960053
-7.78	0.0008342836770078953	0.9100265594530805	0.9700088531510268	0.0004174314239350896
-7.77	0.0008426510486544775	0.9100268289635304	0.9700089429878435	0.0004216208011949584
-7.76	0.0008511015771961005	0.9100270984739802	0.97000903282466	0.00042585216169358615
-7.75	0.0008596370637942395	0.9100273679844301	0.9700091226614767	0.00043012592914508455
-7.74	0.0008682579077027946	0.9100276512815592	0.970009217093853	0.0004344425294528678
-7.73	0.0008769650102635229	0.9100279345786881	0.9700093115262294	0.00043880238287789586
-7.72	0.0008857593436148984	0.9100282178758171	0.9700094059586056	0.00044320592600685215
-7.71	0.0008946414919399679	0.9100285011729462	0.970009500390982	0.000447653595776044
-7.7	0.0009036124937721676	0.9100287844700752	0.9700095948233584	0.0004521458311386895
-7.69	0.0009126732700107576	0.9100290822573486	0.9700096940857829	0.000456683075304526
-7.68	0.0009218247672903173	0.910029380044622	0.9700097933482074	0.000461265783169976
-7.67	0.0009310678058044403	0.9100296778318954	0.9700098926106319	0.00046589440685170945
-7.66	0.000940403077947573	0.9100299756191688	0.9700099918730563	0.00047056940365183857
-7.65	0.0009498320145856977	0.9100302734064422	0.9700100911354808	0.0004752912374074403
-7.64	0.0009593552562074626	0.9100305864231314	0.9700101954743772	0.0004800603789646641
-7.63	0.0009689736410988658	0.9100308994398205	0.9700102998132735	0.0004848772954695336
-7.62	0.0009786883892825278	0.9100312124565098	0.9700104041521699	0.0004897424636543968
-7.61	0.000988500210574104	0.9100315254731989	0.9700105084910663	0.00049465637178759
-7.6	0.0009984100750426528	0.9100318384898881	0.9700106128299627	0.0004996195028312293
-7.59	0.001008418912811972	0.9100321675128551	0.970010722504285	0.0005046323443458693
-7.58	0.0010185280473731055	0.9100324965358221	0.9700108321786073	0.0005096954000161385
-7.57	0.001028738269788442	0.910032825558789	0.9700109418529296	0.0005148091648830435
-7.56	0.0010390505731226209	0.9100331545817559	0.970011051527252	0.0005199741497331447
-7.55	0.0010494658425194863	0.9100334836047229	0.9700111612015743	0.0005251908641941941
-7.54	0.001059985396383076	0.9100338294501691	0.9700112764833897	0.0005304598240277359
-7.53	0.001070609919218177	0.9100341752956153	0.9700113917652051	0.0005357815472765224
-7.52	0.0010813408050551992	0.9100345211410614	0.9700115070470205	0.0005411565666426354
-7.51	0.0010921789153347204	0.9100348669865076	0.9700116223288359	0.0005465854116837261
-7.5	0.0011031253741090536	0.9100352128319538	0.9700117376106513	0.0005520686176051509
-7.49	0.0011141811799036047	0.9100355763574434	0.9700118587858145	0.0005576067282400433
-7.48	0.0011253476370716505	0.910035939882933	0.9700119799609777	0.0005632002917401946
-7.47	0.001136625558809428	0.9100363034084225	0.9700121011361409	0.0005688498601760055
-7.46	0.001148016201880726	0.910036666933912	0.970012222311304	0.0005745559897812816
-7.45	0.0011595206539856103	0.9100370304594017	0.9700123434864673	0.0005803192532932934
-7.44	0.0011711401295621024	0.9100374125660231	0.970012470855341	0.000586140210852193
-7.43	0.0011828755943362513	0.9100377946726446	0.9700125982242148	0.0005920194431533137
-7.42	0.001194728396671425	0.910038176779266	0.9700127255930886	0.0005979575294593885
-7.41	0.0012066995345970544	0.9100385588858875	0.9700128529619625	0.0006039550558519464
-7.4	0.0012187903525327452	0.9100389409925089	0.9700129803308363	0.0006100126191651211
-7.39	0.0012310018615616218	0.9100393426269114	0.9700131142089704	0.0006161308135764254
-7.38	0.0012433354309978914	0.910039744261314	0.9700132480871047	0.0006223102421190877
-7.37	0.0012557920658470396	0.9100401458957164	0.9700133819652388	0.0006285515201405933
-7.36	0.001268373298212028	0.9100405475301189	0.9700135158433729	0.0006348552612678613
-7.35	0.001281080004919941	0.9100409491645213	0.970013649721507	0.0006412220881176875
-7.34	0.0012939136744111995	0.9100413713213844	0.9700137904404614	0.0006476526309699712
-7.33	0.0013068754437024518	0.9100417934782475	0.9700139311594158	0.000654147521639005
-7.32	0.0013199666324804	0.9100422156351108	0.9700140718783703	0.0006607074041205907
-7.31	0.0013331885936935242	0.9100426377919739	0.9700142125973247	0.0006673329232185562
-7.3	0.0013465425659222486	0.9100430599488372	0.970014353316279	0.0006740247354339425
-7.29	0.0013600297627026595	0.9100435036729723	0.9700145012243241	0.0006807835001436157
-7.28	0.0013736515811569809	0.9100439473971075	0.9700146491323692	0.0006876098829749342
-7.27	0.0013874094104351304	0.9100443911212426	0.9700147970404143	0.0006945045581489217
-7.26	0.0014013045838264294	0.9100448348453778	0.9700149449484593	0.0007014682074683059
-7.25	0.0014153383254394292	0.9100452785695129	0.9700150928565043	0.0007085015183553325
-7.24	0.0014295123168720722	0.9100457449587066	0.9700152483195689	0.000715605177736395
-7.23	0.001443827568357181	0.9100462113479003	0.9700154037826335	0.0007227798930128321
-7.22	0.0014582856709921068	0.9100466777370941	0.970015559245698	0.000730026368090211
-7.21	0.0014728880633444693	0.9100471441262878	0.9700157147087627	0.0007373453183969477
-7.2	0.0014876361239631716	0.9100476105154816	0.9700158701718272	0.0007447374641855459
-7.19	0.0015025313025888493	0.9100481007228343	0.970016033574278	0.0007522035361416353
-7.18	0.0015175750555824954	0.910048590930187	0.9700161969767289	0.0007597442671646356
-7.17	0.0015327688945055576	0.9100490811375397	0.9700163603791798	0.000767360400717299
-7.16	0.0015481142334719175	0.9100495713448924	0.9700165237816307	0.0007750526878227195
-7.15	0.001563612666898115	0.9100500615522451	0.9700166871840816	0.0007828218860290795
-7.14	0.0015792655794849312	0.9100505767891542	0.9700168589297181	0.0007906687590485296
-7.13	0.0015950746071924013	0.9100510920260634	0.9700170306753545	0.0007985940807054982
-7.12	0.001611041246613726	0.9100516072629726	0.9700172024209909	0.0008065986317097331
-7.11	0.001627167112683703	0.9100521224998818	0.9700173741666273	0.0008146831965265429
-7.1	0.0016434536583955185	0.9100526377367909	0.9700175459122636	0.0008228485753073661
-7.09	0.0016599026271839205	0.9100531792756744	0.9700177264252248	0.0008310955681604937
-7.08	0.0016765154480109848	0.9100537208145578	0.9700179069381859	0.0008394249872437699
-7.07	0.0016932939470482998	0.9100542623534413	0.970018087451147	0.0008478376531185259
-7.06	0.0017102395626820688	0.9100548038923248	0.9700182679641083	0.0008563343901470162
-7.05	0.0017273540682705944	0.9100553454312084	0.9700184484770694	0.0008649160349158868
-7.04	0.00174463909759703	0.9100559146086534	0.9700186382028845	0.000873583433084679
-7.03	0.0017620963287210047	0.9100564837860986	0.9700188279286995	0.0008823374344824082
-7.02	0.0017797275749340355	0.9100570529635438	0.9700190176545146	0.000891178898905777
-7.01	0.001797534292367011	0.9100576221409888	0.9700192073803297	0.000900108697237523
-7.	0.0018155184867920094	0.910058191318434	0.9700193971061447	0.0009091277057060403
-6.99	0.0018336817236875704	0.9100587895382597	0.9700195965127533	0.0009182368088545827
-6.9799999999999995	0.001852025894460029	0.9100593877580854	0.9700197959193617	0.0009274369046369077
-6.97	0.0018705526956114718	0.910059985977911	0.9700199953259703	0.0009367288919633608
-6.96	0.0018892639857703752	0.9100605841977365	0.9700201947325788	0.0009461136852957342
-6.95	0.0019081615712055488	0.9100611824175622	0.9700203941391874	0.0009555922058085002
-6.94	0.0019272473002007158	0.9100618111541693	0.9700206037180564	0.0009651653836717966
-6.93	0.0019465229322354351	0.9100624398907764	0.9700208132969255	0.0009748341580608715
-6.92	0.0019659904744014248	0.9100630686273835	0.9700210228757945	0.000984599477304893
-6.91	0.0019856517557877173	0.9100636973639905	0.9700212324546635	0.0009944622992531615
-6.9	0.0020055086617938684	0.9100643261005976	0.9700214420335326	0.0010044235900212417
-6.89	0.002025563163277655	0.9100649869025134	0.9700216623008378	0.0010144843275132385
-6.88	0.002045817188008824	0.9100656477044292	0.970021882568143	0.0010246454970859154
-6.87	0.0020662727239928315	0.910066308506345	0.9700221028354483	0.001034908094566984
-6.86	0.002086931745907523	0.9100669693082607	0.9700223231027535	0.0010452731258927814
-6.85	0.0021077961509487577	0.9100676301101764	0.9700225433700588	0.0010557416063493286
-6.84	0.0021288681788800426	0.9100683246036577	0.9700227748678859	0.001066314561413802
-6.83	0.0021501496609232676	0.910069019097139	0.970023006365713	0.001076993024724876
-6.82	0.0021716428021195692	0.9100697135906204	0.9700232378635402	0.0010877780446339883
-6.81	0.002193349605676702	0.9100704080841017	0.9700234693613672	0.0010986706730948868
-6.8	0.0022152721824827025	0.910071102577583	0.9700237008591943	0.0011096719808149796
-6.79	0.0022374126660518814	0.9100718324703795	0.9700239441567932	0.0011207830395328204
-6.78	0.002259773205516896	0.910072562363176	0.970024187454392	0.001132004937516366
-6.77	0.002282355981652162	0.9100732922559726	0.9700244307519909	0.0011433387724320866
-6.76	0.002305163123910477	0.9100740221487692	0.9700246740495897	0.0011547856525168606
-6.75	0.0023281969022024155	0.9100747520415657	0.9700249173471885	0.0011663466971008247
-6.74	0.0023514595027938766	0.9100755191269939	0.9700251730423313	0.001178023036216408
-6.7299999999999995	0.0023749531333568407	0.910076286212422	0.970025428737474	0.0011898158078919214
-6.72	0.0023986801214920537	0.91007705329785	0.9700256844326167	0.0012017261680659626
-6.71	0.0024226427338500047	0.9100778203832781	0.9700259401277593	0.0012137552773483595
-6.7	0.0024468433174602965	0.9100785874687062	0.9700261958229021	0.0012259043101247613
-6.69	0.002471284136127593	0.9100793936297158	0.9700264645432386	0.001238174454045199
-6.68	0.002495967568260121	0.9100801997907255	0.9700267332635751	0.0012505669052010973
-6.67	0.0025208960918151214	0.9100810059517351	0.9700270019839117	0.0012630828730958537
-6.66	0.002546071984456113	0.9100818121127447	0.9700272707042482	0.0012757235785605704
-6.65	0.0025714976825202576	0.9100826182737544	0.9700275394245848	0.0012884902529891344
-6.64	0.002597175713511346	0.9100834654874597	0.9700278218291533	0.0013013841445710863
-6.63	0.002623108474118161	0.9100843127011649	0.9700281042337217	0.0013144065066770427
-6.62	0.0026492984963025104	0.9100851599148702	0.97002838663829	0.0013275586082573784
-6.61	0.0026757482975745487	0.9100860071285755	0.9700286690428586	0.0013408417322339802
-6.6	0.0027024603677085566	0.9100868543422808	0.970028951447427	0.0013542571727676426
-6.59	0.002729437345629055	0.9100877446843445	0.9700292482281148	0.0013678062343662615
-6.58	0.002756681798822339	0.9100886350264084	0.9700295450088028	0.0013814902367835348
-6.57	0.0027841963019530815	0.9100895253684721	0.9700298417894907	0.0013953105112067092
-6.56	0.0028119835633993047	0.910090415710536	0.9700301385701786	0.0014092684030909874
-6.55	0.002840046202574026	0.9100913060525997	0.9700304353508665	0.0014233652692301846
-6.54	0.00286838692239316	0.9100922417021672	0.9700307472340557	0.0014376024805478845
-6.53	0.0028970084383388595	0.9100931773517347	0.9700310591172449	0.0014519814223022181
-6.52	0.0029259135128467447	0.9100941130013022	0.970031371000434	0.001466503488782036
-6.51	0.002955104886934295	0.9100950486508697	0.9700316828836232	0.0014811700941193434
-6.5	0.0029845853180725367	0.9100959843004371	0.9700319947668123	0.001495982662182141
-6.49	0.003014357748141149	0.9100969675450106	0.9700323225150036	0.0015109426298018588
-6.4799999999999995	0.0030444249169084086	0.9100979507895841	0.9700326502631947	0.0015260514505673357
-6.47	0.0030747896832958974	0.9100989340341575	0.9700329780113859	0.0015413105893444718
-6.46	0.0031054550589553766	0.910099917278731	0.970033305759577	0.0015567215284957117
-6.45	0.003136423882391167	0.9101009005233044	0.9700336335077682	0.0015722857604097815
-6.44	0.0031676991536360543	0.9101019337640448	0.9700339779213483	0.00158800479587105
-6.43	0.003199283835323927	0.9101029670047853	0.9700343223349285	0.0016038801583206593
-6.42	0.0032311809548940334	0.9101040002455257	0.9700346667485086	0.001619913384821493
-6.41	0.0032633935476419924	0.9101050334862663	0.9700350111620888	0.0016361060294242627
-6.4	0.0032959246521657385	0.9101060667270067	0.9700353555756689	0.0016524596604987425
-6.39	0.0033287774075815577	0.9101071524841804	0.9700357174947268	0.0016689758600799043
-6.38	0.003361954968257817	0.9101082382413539	0.9700360794137847	0.0016856562270986736
-6.37	0.003395460403163119	0.9101093239985275	0.9700364413328425	0.001702502374903578
-6.36	0.003429296996723938	0.9101104097557011	0.9700368032519004	0.001719515933921083
-6.35	0.0034634678744475665	0.9101114955128747	0.9700371651709583	0.0017366985464578719
-6.34	0.003497976360498027	0.9101126364314628	0.9700375454771543	0.0017540518768764737
-6.33	0.003532825682827114	0.9101137773500508	0.9700379257833502	0.0017715775987605048
-6.32	0.003568019165236008	0.9101149182686389	0.9700383060895462	0.0017892774057114889
-6.31	0.0036035601644967673	0.9101160591872269	0.9700386863957423	0.0018071530057410185
-6.3	0.003639452002544967	0.910117200105815	0.9700390667019383	0.0018252061263199309
-6.29	0.0036756981560573357	0.9101183989615825	0.9700394663205275	0.0018434385069820178
-6.28	0.0037123019645159136	0.9101195978173502	0.9700398659391167	0.0018618519077492188
-6.27	0.003749266988413575	0.9101207966731177	0.9700402655577058	0.0018804481031694151
-6.26	0.0037865966698619486	0.9101219955288854	0.9700406651762951	0.001899228885845601
-6.25	0.0038242945193173667	0.910123194384653	0.9700410647948843	0.0019181960642048604
-6.24	0.003862364159715926	0.9101244540902685	0.9700414846967562	0.001937351466405072
-6.2299999999999995	0.0039008091533991513	0.910125713795884	0.970041904598628	0.001956696935560852
-6.22	0.003939633140047529	0.9101269735014995	0.9700423245004999	0.001976234334205583
-6.21	0.003978839773281595	0.9101282332071151	0.9700427444023717	0.001995965541650813
-6.2	0.004018432759964814	0.9101294929127306	0.9700431643042435	0.002015892454441429
-6.19	0.004058415823407634	0.9101308165242713	0.9700436055080904	0.0020360169891166058
-6.18	0.004098792738781224	0.910132140135812	0.9700440467119373	0.002056341078804205
-6.17	0.004139567279887003	0.9101334637473527	0.9700444879157842	0.0020768666761177453
-6.16	0.0041807433256072085	0.9101347873588935	0.9700449291196311	0.002097595751218554
-6.15	0.0042223247456808395	0.9101361109704342	0.970045370323478	0.002118530294151076
-6.14	0.004264315393087185	0.910137501694133	0.9700458338980443	0.002139672312439215
-6.13	0.004306719283933322	0.9101388924178317	0.9700462974726106	0.0021610238350743658
-6.12	0.004349540345116092	0.9101402831415305	0.9700467610471769	0.0021825869073313453
-6.11	0.004392782613156838	0.9101416738652293	0.9700472246217431	0.002204363595639303
-6.1	0.00443645014181327	0.910143064588928	0.9700476881963094	0.0022263559856425977
-6.09	0.004480547016963359	0.9101445257882178	0.9700481752627392	0.0022485661840471126
-6.08	0.00452507737379553	0.9101459869875076	0.9700486623291692	0.002270996314569113
-6.07	0.0045700453790227455	0.9101474481867975	0.9700491493955992	0.0022936485235015834
-6.06	0.004615455237145314	0.9101489093860873	0.970049636462029	0.0023165249767527984
-6.05	0.004661311172266569	0.9101503705853771	0.970050123528459	0.002339627860793728
-6.04	0.004707617504270952	0.9101519057882187	0.9700506352627396	0.0023629593822849146
-6.03	0.004754378496448506	0.9101534409910603	0.9700511469970201	0.00238652176893138
-6.02	0.004801598583664844	0.910154976193902	0.9700516587313007	0.0024103172703320666
-6.01	0.004849282100665304	0.9101565113967435	0.9700521704655812	0.0024343481553552693
-6.	0.004897433528120198	0.9101580465995851	0.9700526821998617	0.0024586167165139197
-5.99	0.004946057328096636	0.9101596595061106	0.9700532198353702	0.0024831252660304053
-5.9799999999999995	0.004995158031799811	0.9101612724126358	0.9700537574708785	0.0025078761392002135
-5.97	0.005044740199901785	0.9101628853191612	0.9700542951063871	0.0025328716931767117
-5.96	0.005094808434855225	0.9101644982256867	0.9700548327418956	0.002558114306081686
-5.95	0.005145367382017737	0.9101661111322121	0.970055370377404	0.0025836063798143974
-5.94	0.0051964217266475595	0.910167805622684	0.9700559352075613	0.002609350338036205
-5.93	0.005247976203385691	0.9101695001131558	0.9700565000377186	0.0026353486271330265
-5.92	0.005300035588605588	0.9101711946036277	0.9700570648678759	0.002661603716643191
-5.91	0.005352604696478144	0.9101728890940995	0.9700576296980331	0.0026881180993311563
-5.9	0.005405688395880576	0.9101745835845714	0.9700581945281904	0.002714894291303468
-5.89	0.005459291562159677	0.910176363727632	0.9700587879092106	0.002741934831708827
-5.88	0.005513419174975332	0.9101781438706926	0.9700593812902308	0.002769242284420971
-5.87	0.005568076203252554	0.9101799240137532	0.970059974671251	0.0027968192357965345
-5.86	0.005623267698203106	0.9101817041568139	0.9700605680522713	0.002824668297601014
-5.85	0.005678998745654282	0.9101834842998745	0.9700611614332915	0.002852792106596971
-5.84	0.005735274463775496	0.9101853543611886	0.970061784787063	0.0028811933214508492
-5.83	0.005792100031261344	0.9101872244225027	0.9700624081408342	0.0029098746284566654
-5.82	0.005849480664699351	0.9101890944838168	0.9700630314946056	0.0029388387372827223
-5.81	0.0059074216317029915	0.9101909645451308	0.970063654848377	0.002968088383281009
-5.8	0.005965928249952408	0.910192834606445	0.9700642782021484	0.0029976263269739715
-5.79	0.006025005895599636	0.9101947990576129	0.9700649330192043	0.0030274553546649676
-5.78	0.006084659931885491	0.9101967635087809	0.9700655878362603	0.0030575782792417756
-5.77	0.006144895861631524	0.9101987279599489	0.9700662426533163	0.0030879979384089433
-5.76	0.006205719184786754	0.9102006924111169	0.9700668974703722	0.003118717197168436
-5.75	0.006267135427778951	0.9102026568622849	0.9700675522874282	0.003149738946271072
-5.74	0.0063291502083204585	0.9102047203901577	0.9700682401300526	0.003181066103541285
-5.7299999999999995	0.006391769199274989	0.9102067839180303	0.9700689279726767	0.0032127016147929476
-5.72	0.006454998073186499	0.9102088474459031	0.970069615815301	0.0032446484503849383
-5.71	0.006518842605900148	0.9102109109737758	0.9700703036579252	0.0032769096117506668
-5.7	0.006583308588116689	0.9102129745016486	0.9700709915005495	0.003309488124201781
-5.69	0.006648401879196311	0.9102151420179553	0.9700717140059851	0.003342387044071804
-5.68	0.00671412839112509	0.9102173095342618	0.9700724365114206	0.0033756094532725166
-5.67	0.006780494069981578	0.9102194770505685	0.9700731590168562	0.003409158464672023
-5.66	0.006847504944547191	0.910221644566875	0.9700738815222917	0.003443037216961075
-5.65	0.006915167058669382	0.9102238120831817	0.9700746040277273	0.0034772488801217702
-5.64	0.006983486538287304	0.9102260887345354	0.9700753629115118	0.003511796651587442
-5.63	0.007052469561602617	0.910228365385889	0.9700761217952963	0.0035466837585898243
-5.62	0.007122122335336215	0.9102306420372427	0.9700768806790808	0.003581913458113885
-5.61	0.007192451153151975	0.9102329186885965	0.9700776395628654	0.003617489036752096
-5.6	0.007263462326709385	0.9102351953399501	0.97007839844665	0.003653413810856892
-5.59	0.007335162271735115	0.9102375865182337	0.9700791955060779	0.0036896911280594772
-5.58	0.007407557403051797	0.9102399776965172	0.9700799925655057	0.0037263243649295163
-5.57	0.00748065422742521	0.9102423688748008	0.9700807896249336	0.003763316929513458
-5.56	0.007554459308381041	0.9102447600530844	0.9700815866843615	0.0038006722622098005
-5.55	0.007628979249670309	0.9102471512313679	0.9700823837437893	0.0038383938324669077
-5.54	0.007704220719920078	0.9102496625844788	0.970083220861493	0.0038764851431273765
-5.53	0.00778019044353158	0.9102521739375897	0.9700840579791966	0.003914949727483146
-5.52	0.007856895204930462	0.9102546852907006	0.9700848950969002	0.003953791151448388
-5.51	0.007934341845739868	0.9102571966438116	0.9700857322146039	0.003993013013203455
-5.5	0.008012537262363058	0.9102597079969225	0.9700865693323075	0.004032618943674229
-5.49	0.008091488415910864	0.9102623454398813	0.9700874484799604	0.004072612606220884
-5.4799999999999995	0.008171202317970269	0.91026498288284	0.9700883276276133	0.004112997697625213
-5.47	0.008251686047832552	0.9102676203257989	0.9700892067752662	0.004153777947645135
-5.46	0.008332946757851099	0.9102702577687576	0.9700900859229192	0.00419495711989516
-5.45	0.00841499163011464	0.9102728952117165	0.9700909650705721	0.004236539011859778
-5.4399999999999995	0.00849782793225717	0.9102756649381976	0.9700918883127325	0.004278527455178705
-5.43	0.008581462981486706	0.9102784346646787	0.9700928115548929	0.00432092631592046
-5.42	0.008665904160829987	0.9102812043911598	0.9700937347970533	0.0043637394946232245
-5.41	0.008751158916366996	0.910283974117641	0.9700946580392137	0.004406970927259677
-5.4	0.008837234747923401	0.9102867438441221	0.9700955812813741	0.0044506245838415795
-5.39	0.008924139235106666	0.9102896523383175	0.9700965507794392	0.00449470447152679
-5.38	0.009011880008733665	0.9102925608325129	0.9700975202775043	0.0045392146324203814
-5.37	0.00910046476639937	0.9102954693267082	0.9700984897755695	0.004584159144550936
-5.36	0.009189901269577258	0.9102983778209035	0.9700994592736345	0.004629542122547694
-5.35	0.009280197341530122	0.9103012863150989	0.9701004287716997	0.004675367717644025
-5.34	0.009371360882165843	0.9103043403640126	0.9701014467880041	0.004721640117376688
-5.33	0.009463399844262426	0.9103073944129264	0.9701024648043087	0.004768363547436845
-5.32	0.009556322254767689	0.9103104484618401	0.9701034828206133	0.004815542270315675
-5.31	0.009650136194040872	0.9103135025107538	0.9701045008369179	0.004863180586759598
-5.3	0.009744849818982186	0.9103165565596676	0.9701055188532225	0.004911282835055577
-5.29	0.009840471364798617	0.910319763265768	0.970106587755256	0.004959853391895375
-5.28	0.009937009117071962	0.9103229699718687	0.9701076566572895	0.005008896672793579
-5.27	0.010034471429184627	0.9103261766779691	0.970108725559323	0.005058417131989077
-5.26	0.01013286674288749	0.9103293833840695	0.9701097944613565	0.0051084192633171896
-5.25	0.010232203533720055	0.9103325900901702	0.97011086336339	0.005158907599144118
-5.24	0.010332490383155134	0.9103359568844536	0.9701119856281512	0.005209886712714672
-5.2299999999999995	0.010433735924616657	0.910339323678737	0.9701131078929123	0.005261361216909894
-5.22	0.010535948860255133	0.9103426904730205	0.9701142301576735	0.005313335764940271
-5.21	0.010639137965386687	0.9103460572673039	0.9701153524224346	0.005365815050383356
-5.2	0.01074331208898272	0.9103494240615874	0.9701164746871958	0.005418803808181826
-5.1899999999999995	0.010848480149160575	0.9103529587169983	0.9701176529056661	0.005472306814780922
-5.18	0.010954651136438714	0.9103564933724092	0.9701188311241364	0.005526328887623993
-5.17	0.01106183410910386	0.9103600280278201	0.9701200093426068	0.005580874886746117
-5.16	0.011170038204704582	0.910363562683231	0.970121187561077	0.005635949713438783
-5.15	0.011279272637607094	0.910367097338642	0.9701223657795474	0.005691558311695132
-5.14	0.011389546678616781	0.9103708079838713	0.9701236026612904	0.005747705669167535
-5.13	0.011500869685287485	0.9103745186291006	0.9701248395430335	0.005804396815816736
-5.12	0.011613251086738668	0.9103782292743299	0.9701260764247767	0.0058616368250813495
-5.11	0.011726700393102512	0.9103819399195592	0.9701273133065197	0.005919430814147991
-5.1	0.011841227170090788	0.9103856505647885	0.9701285501882628	0.005977783944374755
-5.09	0.011956841086768135	0.9103895456984885	0.9701298485661628	0.006036701421338583
-5.08	0.012073551864369439	0.9103934408321885	0.9701311469440628	0.006096188495272438
-5.07	0.012191369307756775	0.9103973359658886	0.9701324453219629	0.006156250461214429
-5.06	0.012310303306325612	0.9104012310995884	0.9701337436998628	0.0062168926598823015
-5.05	0.012430363817500636	0.9104051262332884	0.9701350420777628	0.006278120477262094
-5.04	0.012551560874752888	0.9104092147385776	0.9701364049128592	0.00633993934495703
-5.03	0.012673904599761473	0.9104133032438667	0.9701377677479556	0.006402354741756702
-5.02	0.012797405180065969	0.9104173917491559	0.970139130583052	0.006465372191637312
-5.01	0.01292207289010361	0.910421480254445	0.9701404934181483	0.0065289972665154156
-5.	0.013047918080059718	0.9104255687597342	0.9701418562532448	0.0065932355847765816
-4.99	0.013174951181800384	0.9104298599191225	0.9701432866397075	0.006658092812959816
-4.9799999999999995	0.013303182705378933	0.9104341510785108	0.9701447170261702	0.0067235746646309505
-4.97	0.013432623237854926	0.910438442237899	0.970146147412633	0.006789686902503568
-4.96	0.013563283455198657	0.9104427333972872	0.9701475777990958	0.006856435336316618
-4.95	0.013695174103000977	0.9104470245566755	0.9701490081855585	0.006923825826089319
-4.9399999999999995	0.013828306019667006	0.9104515280672837	0.9701505093557612	0.006991864279680191
-4.93	0.013962690115352863	0.9104560315778919	0.970152010525964	0.007060556655141991
-4.92	0.014098337390032047	0.9104605350885002	0.9701535116961667	0.007129908959800617
-4.91	0.014235258923148034	0.9104650385991085	0.9701550128663694	0.007199927251285857
-4.9	0.014373465874147062	0.9104695421097168	0.9701565140365722	0.007270617637611879
-4.89	0.014512969485911662	0.9104742680988356	0.9701580893662785	0.0073419862773692335
-4.88	0.014653781092372318	0.9104789940879544	0.9701596646959848	0.007414039380236255
-4.87	0.01479591210055977	0.9104837200770731	0.970161240025691	0.007486783207192323
-4.86	0.014939374011135462	0.910488446066192	0.9701628153553973	0.007560224071023159
-4.85	0.015084178401623906	0.9104931720553107	0.9701643906851035	0.007634368336339393
-4.84	0.015230336937935917	0.9104981310962564	0.9701660436987521	0.007709222420145998
-4.83	0.015377861370337703	0.9105030901372021	0.9701676967124007	0.007784792792025479
-4.82	0.015526763536784317	0.9105080491781479	0.9701693497260493	0.007861085974767593
-4.81	0.015677055358099694	0.9105130082190935	0.9701710027396978	0.007938108544201293
-4.8	0.015828748842645898	0.9105179672600393	0.9701726557533464	0.008015867129703811
-4.79	0.01598185608673552	0.9105231703882922	0.9701743901294307	0.008094368415116418
-4.78	0.016136389270903457	0.9105283735165453	0.970176124505515	0.008173619138240901
-4.77	0.01629236066392874	0.9105335766447983	0.9701778588815994	0.008253626091167702
-4.76	0.016449782621711498	0.9105387797730513	0.9701795932576838	0.008334396121253194
-4.75	0.016608667588453332	0.9105439829013043	0.9701813276337681	0.008415936131180255
-4.74	0.01676902809514692	0.9105494416308969	0.970183147210299	0.008498253079131424
-4.7299999999999995	0.016930876763006857	0.9105549003604895	0.9701849667868299	0.008581353978916736
-4.72	0.017094226299594707	0.9105603590900821	0.9701867863633608	0.008665245901021523
-4.71	0.017259089505524478	0.9105658178196747	0.9701886059398915	0.008749935971970504
-4.7	0.01742547926339096	0.9105712765492673	0.9701904255164224	0.008835431375710892
-4.6899999999999995	0.01759340855470931	0.9105770028893923	0.970192334296464	0.008921739352872186
-4.68	0.01776289043726902	0.9105827292295172	0.9701942430765057	0.00900886720213159
-4.67	0.0179339380762684	0.9105884555696422	0.9701961518565474	0.009096822279389323
-4.66	0.018106564709646823	0.9105941819097672	0.970198060636589	0.009185611999212867
-4.65	0.018280783682004923	0.9105999082498921	0.9701999694166307	0.009275243834372318
-4.64	0.018456608414079836	0.9106059147217046	0.9702019715739015	0.009365725316539415
-4.63	0.01863405242408344	0.9106119211935171	0.9702039737311723	0.009457064036430762
-4.62	0.018813129323738662	0.9106179276653295	0.9702059758884432	0.009549267644261453
-4.61	0.01899385281276447	0.9106239341371419	0.9702079780457139	0.00964234384996367
-4.6	0.019176236682516223	0.9106299406089544	0.9702099802029848	0.009736300423474632
-4.59	0.01936029481967912	0.9106362402625182	0.9702120800875061	0.009831145195348234
-4.58	0.019546041197259084	0.9106425399160819	0.9702141799720273	0.009926886056540019
-4.57	0.01973348988335128	0.9106488395696457	0.9702162798565486	0.010023530959064832
-4.56	0.01992265503924479	0.9106551392232094	0.9702183797410698	0.010121087916358367
-4.55	0.020113550917283455	0.9106614388767732	0.9702204796255911	0.01021956500356355
-4.54	0.020306191862571352	0.9106680453081233	0.9702226817693744	0.010318970357345041
-4.53	0.020500592313969796	0.9106746517394735	0.9702248839131578	0.01041931217719652
-4.52	0.020696766802388248	0.9106812581708237	0.9702270860569413	0.010520598724368925
-4.51	0.02089472995159302	0.9106878646021739	0.9702292882007246	0.010622838324045343
-4.5	0.021094496480671365	0.9106944710335241	0.970231490344508	0.010726039363387533
-4.49	0.021296081198676188	0.910701398401774	0.9702337994672581	0.010830210293935499
-4.4799999999999995	0.021499499011472547	0.9107083257700239	0.970236108590008	0.010935359630427906
-4.47	0.02170476491491479	0.910715253138274	0.970238417712758	0.011041495952044256
-4.46	0.021911894003344718	0.9107221805065239	0.970240726835508	0.011148627901651732
-4.45	0.022120901460946134	0.9107291078747739	0.970243035958258	0.011256764187447322
-4.4399999999999995	0.022331802567589567	0.910736370919241	0.9702454569730804	0.01136591358218182
-4.43	0.022544612692993533	0.9107436339637079	0.9702478779879027	0.011476084924087764
-4.42	0.022759347310231312	0.9107508970081749	0.970250299002725	0.01158728711640619
-4.41	0.022976021973820333	0.9107581600526419	0.9702527200175474	0.01169952912868951
-4.4	0.023194652343726814	0.9107654230971088	0.9702551410323697	0.011812819996179731
-4.39	0.023415254167460448	0.9107730371543891	0.9702576790514631	0.011927168820619106
-4.38	0.02363784328702274	0.9107806512116693	0.9702602170705564	0.012042584770343036
-4.37	0.023862435640742828	0.9107882652689496	0.9702627550896499	0.01215907708052032
-4.36	0.024089047260433035	0.9107958793262299	0.9702652931087433	0.012276655053563587
-4.35	0.02431769427067463	0.9108034933835102	0.9702678311278368	0.012395328059204874
-4.34	0.024548392891030935	0.9108114744044299	0.9702704914681433	0.01251510553495276
-4.33	0.024781159432454663	0.9108194554253497	0.9702731518084499	0.012635996986092222
-4.32	0.025016010305654965	0.9108274364462694	0.9702758121487565	0.012758011986438084
-4.31	0.025252962010103845	0.9108354174671891	0.970278472489063	0.01288116017800435
-4.3	0.025492031140256347	0.9108433984881088	0.9702811328293696	0.013005451271588383
-4.29	0.025733234383239115	0.9108517630545027	0.9702839210181675	0.013130895046736644
-4.28	0.02597658852339192	0.9108601276208965	0.9702867092069655	0.013257501352765442
-4.27	0.026222110434684767	0.9108684921872904	0.9702894973957634	0.013385280107884636
-4.26	0.026469817086164128	0.9108768567536841	0.9702922855845614	0.013514241300374031
-4.25	0.02671972553901773	0.910885221320078	0.9702950737733593	0.013644394987949202
-4.24	0.026971852947839162	0.9108939866613044	0.9702979955537681	0.013775751299176816
-4.2299999999999995	0.02722621656079239	0.9109027520025308	0.9703009173341769	0.01390832043230584
-4.22	0.027482833717759385	0.9109115173437572	0.9703038391145857	0.014042112656583948
-4.21	0.027741721851244718	0.9109202826849836	0.9703067608949945	0.014177138312011598
-4.2	0.028002898486126023	0.91092904802621	0.9703096826754033	0.014313407809579579
-4.1899999999999995	0.02826638123878949	0.9109382320353361	0.9703127440117787	0.014450931631496251
-4.18	0.02853218781839528	0.9109474160444624	0.9703158053481541	0.014589720331504838
-4.17	0.02880033602465459	0.9109566000535885	0.9703188666845295	0.014729784534904816
-4.16	0.029070843747252044	0.9109657840627148	0.9703219280209049	0.014871134939064175
-4.15	0.029343728971501264	0.9109749680718409	0.9703249893572803	0.015013782312856428
-4.14	0.029619009766918523	0.9109845893213893	0.9703281964404631	0.015157737498023698
-4.13	0.02989670429738121	0.9109942105709377	0.9703314035236459	0.0153030114083021
-4.12	0.03017683081694296	0.911003831820486	0.9703346106068287	0.015449615030068671
-4.11	0.03045940766525931	0.9110134530700343	0.9703378176900115	0.01559755942258603
-4.1	0.03074445327798394	0.9110230743195827	0.9703410247731943	0.015746855717821483
-4.09	0.031031986173466815	0.91103315207678	0.9703443840255933	0.01589751512101384
-4.08	0.031322024959076794	0.9110432298339773	0.9703477432779924	0.016049548910535658
-4.07	0.03161458833540558	0.9110533075911746	0.9703511025303916	0.016202968438163403
-4.06	0.03190969508402736	0.911063385348372	0.9703544617827906	0.016357785129174147
-4.05	0.032207364078041326	0.9110734631055692	0.9703578210351897	0.016514010482534713
-4.04	0.032507614276797034	0.9110840173469653	0.970361339115655	0.016671656071020894
-4.03	0.03281046472213165	0.9110945715883613	0.9703648571961204	0.016830733541201452
-4.02	0.03311593454572847	0.9111051258297572	0.9703683752765857	0.016991254613841378
-4.01	0.03342404296353549	0.9111156800711533	0.9703718933570511	0.01715323108381957
-4.	0.03373480927422444	0.9111262343125492	0.9703754114375164	0.017316674820167535
-3.9899999999999998	0.03404825286332419	0.9111372857379229	0.9703790952459743	0.01748159776646491
-3.98	0.034364393196493453	0.9111483371632965	0.9703827790544322	0.017648011940489317
-3.9699999999999998	0.034683249825787556	0.9111593885886701	0.97038646286289	0.017815929434856513
-3.96	0.03500484238253713	0.9111704400140437	0.9703901466713479	0.01798536241645924
-3.9499999999999997	0.03532919058172986	0.9111814914394173	0.9703938304798058	0.018156323127276268
-3.94	0.03565631421759697	0.9111930614848535	0.9703976871616178	0.018328823883562252
-3.9299999999999997	0.035986233166017345	0.9112046315302895	0.9704015438434298	0.01850287707675073
-3.92	0.03631896738243321	0.9112162015757257	0.9704054005252418	0.018678495173197664
-3.9099999999999997	0.03665453690048631	0.9112277716211619	0.970409257207054	0.018855690713919904
-3.9	0.03699296183161631	0.911239341666598	0.970413113888866	0.019034476314804788
-3.89	0.03733426236619948	0.9112514525166102	0.97041715083887	0.01921486466698318
-3.88	0.03767845876989274	0.9112635633666224	0.9704211877888741	0.019396868536620898
-3.87	0.038025571384414085	0.9112756742166346	0.9704252247388782	0.01958050076455997
-3.86	0.038375620626993234	0.9112877850666468	0.9704292616888822	0.0197657742668316
-3.85	0.038728626988442455	0.9112998959166589	0.9704332986388863	0.019952702034644648
-3.84	0.039084611033932994	0.9113125705152463	0.9704375235050821	0.020141297133748827
-3.83	0.039443593399059756	0.9113252451138334	0.9704417483712778	0.020331572705423236
-3.82	0.039805594792810324	0.9113379197124207	0.9704459732374735	0.02052354196549495
-3.81	0.0401706359946869	0.9113505943110081	0.9704501981036693	0.020717218204772066
-3.8	0.04053873785373061	0.9113632689095952	0.9704544229698651	0.02091261478894058
-3.79	0.04090992128614935	0.911376530970101	0.9704588436567003	0.021109745158628075
-3.78	0.041284207277262626	0.9113897930306069	0.9704632643435356	0.021308622829036384
-3.77	0.041661616879801515	0.9114030550911126	0.9704676850303708	0.02150926139001615
-3.76	0.04204217121108337	0.9114163171516184	0.9704721057172061	0.021711674506064694
-3.75	0.0424258914523634	0.9114295792121242	0.9704765264040414	0.021915875916180737
-3.7399999999999998	0.04281279885126374	0.9114434532257577	0.9704811510752526	0.022121879433650557
-3.73	0.04320291471566574	0.9114573272393911	0.9704857757464637	0.022329698946104183
-3.7199999999999998	0.04359626041372754	0.9114712012530245	0.9704904004176748	0.022539348415291812
-3.71	0.04399285737745389	0.9114850752666579	0.970495025088886	0.0227508418769856
-3.6999999999999997	0.04439272709469644	0.9114989492802913	0.9704996497600971	0.022964193440806153
-3.69	0.04479589111186497	0.9115134605231763	0.9705044868410588	0.02317941729011096
-3.6799999999999997	0.04520237103307848	0.9115279717660613	0.9705093239220205	0.023396527681771986
-3.67	0.04561218851753155	0.9115424830089462	0.9705141610029822	0.023615538946113446
-3.6599999999999997	0.046025365277632936	0.9115569942518313	0.9705189980839438	0.023836465486535532
-3.65	0.046441923079523925	0.9115715054947163	0.9705238351649055	0.024059321779548032
-3.64	0.04686188374112588	0.9115866800333327	0.9705288933444441	0.024284122374397407
-3.63	0.04728526912996286	0.911601854571949	0.9705339515239829	0.02451088189291327
-3.62	0.0477121011627407	0.9116170291105652	0.9705390097035217	0.02473961502927624
-3.61	0.0481424018027288	0.9116322036491815	0.9705440678830605	0.024970336549639097
-3.6	0.048576193061515414	0.9116473781877978	0.9705491260625992	0.025203061292289844
-3.59	0.04901349699369453	0.9116632428826468	0.9705544142942156	0.025437804166830773
-3.58	0.04945433569764698	0.9116791075774957	0.9705597025258319	0.02567458015440423
-3.57	0.04989873131271206	0.9116949722723446	0.9705649907574482	0.02591340430689778
-3.56	0.050346706019755695	0.9117108369671936	0.9705702789890646	0.026154291747162613
-3.55	0.050798282037880685	0.9117267016620425	0.9705755672206808	0.02639725766841985
-3.54	0.0512534816232571	0.9117432841694034	0.9705810947231345	0.026642317334005433
-3.53	0.051712327067435206	0.9117598666767643	0.9705866222255881	0.026889486076845166
-3.52	0.05217484069668188	0.9117764491841251	0.9705921497280418	0.027138779299498008
-3.51	0.052641044869278494	0.9117930316914861	0.9705976772304954	0.027390212473401104
-3.5	0.05311096197449491	0.911809614198847	0.970603204732949	0.027643801138886433
-3.4899999999999998	0.05358461443042078	0.9118269429704633	0.9706089809901544	0.02789956090428221
-3.48	0.054062024682818954	0.9118442717420796	0.9706147572473598	0.02815750744610616
-3.4699999999999998	0.05454321520305293	0.9118616005136959	0.9706205335045652	0.028417656508212992
-3.46	0.05502820848629692	0.9118789292853122	0.9706263097617707	0.0286800239015017
-3.4499999999999997	0.05551702705056329	0.9118962580569285	0.9706320860189761	0.028944625503445145
-3.44	0.05600969343308938	0.911914362337463	0.9706381207791543	0.029211477257952152
-3.4299999999999997	0.056506230190782436	0.9119324666179977	0.9706441555393326	0.02948059517436739
-3.42	0.05700665989692698	0.9119505708985322	0.9706501902995107	0.029751995327342733
-3.4099999999999997	0.05751100513951407	0.9119686751790668	0.970656225059689	0.030025693856315965
-3.4	0.058019288519845266	0.9119867794596013	0.9706622598198671	0.030301706964866643
-3.39	0.05853153264990928	0.9120056892817106	0.9706685630939035	0.030580050920420758
-3.38	0.05904776015107679	0.9120245991038198	0.97067486636794	0.030860742053458328
-3.37	0.05956799365237314	0.9120435089259292	0.9706811696419764	0.03114379675710889
-3.36	0.06009225578622486	0.9120624187480385	0.9706874729160129	0.03142923148671926
-3.35	0.060620569190827076	0.9120813285701478	0.9706937761900493	0.03171706275887887
-3.34	0.061152956503143986	0.9121010747470057	0.9707003582490019	0.032007307151313384
-3.33	0.06168944036092558	0.9121208209238637	0.9707069403079546	0.032299981301886396
-3.32	0.062230043397873934	0.9121405671007218	0.9707135223669073	0.032595101908238035
-3.31	0.06277478824281121	0.9121603132775797	0.97072010442586	0.03289268572700471
-3.3	0.0633236975173217	0.9121800594544378	0.9707266864848126	0.033192749573236875
-3.29	0.06387679383399533	0.9122006735695637	0.9707335578565213	0.033495310319696985
-3.28	0.06443409979312541	0.9122212876846895	0.9707404292282298	0.0338003848962333
-3.27	0.06499563798128291	0.9122419017998153	0.9707473005999384	0.03410799028902529
-3.26	0.06556143096989853	0.9122625159149411	0.970754171971647	0.03441814353989303
-3.25	0.06613150131076634	0.912283130030067	0.9707610433433557	0.034730861745619415
-3.2399999999999998	0.06670587153631927	0.912304644424286	0.9707682148080954	0.0350461620571341
-3.23	0.06728456415542018	0.9123261588185051	0.970775386272835	0.03536406167882665
-3.2199999999999998	0.06786760165166164	0.912347673212724	0.9707825577375747	0.035684577867716706
-3.21	0.06845500648181013	0.9123691876069431	0.9707897292023143	0.03600772793271339
-3.1999999999999997	0.0690468010715891	0.9123907020011621	0.970796900667054	0.03633352923377761
-3.19	0.06964300781556039	0.9124131497565551	0.9708043832521851	0.036661999181152344
-3.1799999999999997	0.07024364907316032	0.912435597511948	0.970811865837316	0.03699315523449054
-3.17	0.07084874716669004	0.912458045267341	0.970819348422447	0.03732701490202922
-3.1599999999999997	0.07145832437860383	0.9124804930227339	0.970826831007578	0.03766359573965796
-3.15	0.0720724029492646	0.9125029407781269	0.970834313592709	0.03800291535011473
-3.1399999999999997	0.07269100507478461	0.9125263556988165	0.9708421185662722	0.03834499138207438
-3.13	0.0733141529039969	0.912549770619506	0.9708499235398353	0.038689841529257016
-3.12	0.07394186853627062	0.9125731855401956	0.9708577285133986	0.039037483529407134
-3.11	0.07457417401831398	0.9125966004608851	0.9708655334869617	0.03938793516346774
-3.1	0.07521109134244676	0.9126200153815747	0.9708733384605249	0.039741214254464
-3.09	0.07585264244317651	0.9126444319711956	0.9708814773237319	0.04009733866672279
-3.08	0.076498849195522	0.9126688485608166	0.9708896161869389	0.040456326304793525
-3.07	0.07714973341094455	0.9126932651504376	0.9708977550501459	0.04081819511220129
-3.06	0.07780531683652847	0.9127176817400586	0.9709058939133529	0.04118296307095177
-3.05	0.078465621150549	0.9127420983296796	0.9709140327765599	0.041550648199943675
-3.04	0.07913066796088562	0.9127675517654039	0.9709225172551347	0.04192126855423129
-3.03	0.07980047880178442	0.9127930052011283	0.9709310017337095	0.04229484222379144
-3.02	0.08047507513136437	0.9128184586368526	0.9709394862122842	0.04267138733262432
-3.01	0.08115447832868129	0.9128439120725771	0.970947970690859	0.04305092203737889
-3.	0.08183870969107473	0.9128693655083014	0.9709564551694339	0.0434334645264075
-2.9899999999999998	0.08252779043113606	0.9128958916112819	0.9709652972037606	0.043819033018563595
-2.98	0.08322174167421757	0.9129224177142624	0.9709741392380874	0.04420764576213737
-2.9699999999999998	0.08392058445537588	0.9129489438172429	0.9709829812724142	0.044599321033552776
-2.96	0.08462433971668458	0.9129754699202233	0.970991823306741	0.044994077136125236
-2.9499999999999997	0.08533302830419726	0.9130019960232038	0.9710006653410679	0.045391932399032144
-2.94	0.08604667096505007	0.913029631225309	0.971009877075103	0.04579290517607038
-2.9299999999999997	0.08676528834474788	0.9130572664274142	0.9710190888091381	0.046197013844271516
-2.92	0.08748890098413502	0.9130849016295195	0.9710283005431732	0.04660427680265725
-2.9099999999999997	0.08821752931647385	0.9131125368316247	0.9710375122772082	0.047014712471184966
-2.9	0.08895119366462924	0.91314017203373	0.9710467240112434	0.04742833928913534
-2.8899999999999997	0.0896899142376587	0.9131689533404751	0.9710563177801583	0.04784517571409873
-2.88	0.09043371112843346	0.9131977346472202	0.9710659115490734	0.04826524022041995
-2.87	0.09118260431039057	0.9132265159539653	0.9710755053179884	0.04868855129799604
-2.86	0.09193661363432998	0.9132552972607105	0.9710850990869034	0.04911512745092176
-2.85	0.09269575882596008	0.9132840785674556	0.9710946928558185	0.049544987195943524
-2.84	0.09346005948208885	0.9133140435170095	0.9711046811723365	0.04997814906134044
-2.83	0.09422953506825761	0.9133440084665634	0.9711146694888545	0.0504146315852962
-2.82	0.09500420491569224	0.9133739734161173	0.9711246578053725	0.05085445331453178
-2.81	0.09578408821736653	0.9134039383656711	0.9711346461218904	0.051297632802963435
-2.8	0.09656920402594647	0.913433903315225	0.9711446344384084	0.05174418861013587
-2.79	0.09735957125066969	0.913465089933426	0.9711550299778087	0.052194139299749774
-2.78	0.09815520865336928	0.9134962765516271	0.971165425517209	0.05264750343826907
-2.77	0.09895613484639788	0.9135274631698282	0.9711758210566094	0.0531042995933101
-2.76	0.0997623682884878	0.9135586497880293	0.9711862165960097	0.053564546332225724
-2.75	0.10057392728307543	0.9135898364062304	0.9711966121354101	0.05402826222046169
-2.7399999999999998	0.1013908299733641	0.9136222831575288	0.9712074277191763	0.05449546582010323
-2.73	0.10221309434106633	0.9136547299088272	0.9712182433029425	0.054966175688244225
-2.7199999999999998	0.1030407382014145	0.9136871766601256	0.9712290588867085	0.05544041037543263
-2.71	0.10387377920216732	0.9137196234114239	0.9712398744704747	0.05591818842404896
-2.6999999999999997	0.1047122348179991	0.9137520701627223	0.9712506900542408	0.05639952836674027
-2.69	0.10555612234973127	0.9137858158970011	0.9712619386323337	0.056884448724759944
-2.6799999999999997	0.10640545891907802	0.9138195616312801	0.9712731872104267	0.05737296800630786
-2.67	0.1072602614867518	0.913853307365559	0.9712844357885196	0.05786510470845825
-2.6599999999999997	0.10812054675742624	0.913887053099838	0.9712956843666126	0.05836087729620441
-2.65	0.10898633134239162	0.9139207988341169	0.9713069329447056	0.05886030424258689
-2.6399999999999997	0.10985763161967672	0.9139558827293692	0.9713186275764565	0.059363403981296026
-2.63	0.11073446373338175	0.9139909666246218	0.9713303222082073	0.05987019492933949
-2.62	0.11161684374356547	0.9140260505198741	0.971342016839958	0.060380695488215126
-2.61	0.11250478738145896	0.9140611344151264	0.9713537114717088	0.06089492401693181
-2.6	0.11339831022938617	0.9140962183103789	0.9713654061034596	0.06141289886315134
-2.59	0.11429742768300892	0.9141326798111622	0.971377559937054	0.06193463834441459
-2.58	0.11520215491421446	0.9141691413119456	0.9713897137706485	0.06246016073623362
-2.57	0.11611250687946499	0.9142056028127289	0.971401867604243	0.0629894843057512
-2.56	0.11702849827936003	0.9142420643135123	0.9714140214378374	0.0635226272561773
-2.55	0.11795014366898957	0.9142785258142956	0.9714261752714318	0.06405960778102536
-2.54	0.11887745734023758	0.9143164045660765	0.9714388015220256	0.06460044401821131
-2.53	0.1198104533641589	0.9143542833178575	0.9714514277726192	0.06514515407703014
-2.52	0.12074914557690157	0.9143921620696385	0.9714640540232128	0.06569375601777305
-2.51	0.12169354758766095	0.9144300408214194	0.9714766802738065	0.06624626786552942
-2.5	0.12264367278305682	0.9144679195732004	0.9714893065244001	0.06680270759542203
-2.4899999999999998	0.12359953428789969	0.9145072553525884	0.9715024184508628	0.06736309313886403
-2.48	0.1245611450106504	0.9145465911319763	0.9715155303773254	0.06792744237161487
-2.4699999999999998	0.12552851760269548	0.9145859269113645	0.9715286423037881	0.06849577312470885
-2.46	0.12650166445779334	0.9146252626907525	0.9715417542302508	0.06906810317798673
-2.4499999999999997	0.1274805977410454	0.9146645984701405	0.9715548661567135	0.06964445024842124
-2.44	0.12846532935082286	0.9147054311108272	0.9715684770369425	0.07022483200493893
-2.4299999999999997	0.12945587093585653	0.9147462637515139	0.9715820879171714	0.07080926605444102
-2.42	0.1304522338726113	0.9147870963922006	0.9715956987974003	0.0713977699414259
-2.4099999999999997	0.13145442929498058	0.9148279290328873	0.9716093096776292	0.07199036115199663
-2.4	0.13246246805497797	0.914868761673574	0.971622920557858	0.07258705710153014
-2.3899999999999997	0.1334763607402689	0.9149111309885969	0.9716370436628656	0.07318787514253756
-2.38	0.13449611766489683	0.9149535003036198	0.9716511667678732	0.07379283256240822
-2.3699999999999997	0.13552174886995155	0.9149958696186425	0.9716652898728808	0.07440194657073138
-2.36	0.13655326412954927	0.9150382389336654	0.9716794129778885	0.07501523430900167
-2.35	0.13759067292020466	0.9150806082486883	0.9716935360828961	0.0756327128428638
-2.34	0.13863398444381916	0.9151245539484183	0.9717081846494727	0.07625439916002184
-2.33	0.13968320761374187	0.9151684996481482	0.9717228332160494	0.07688031017159043
-2.32	0.14073835105274168	0.915212445347878	0.971737481782626	0.07751046270594056
-2.31	0.1417994230955726	0.9152563910476079	0.9717521303492026	0.07814487350669573
-2.3	0.14286643177914507	0.9153003367473378	0.9717667789157792	0.07878355923618396
-2.29	0.1439393848427637	0.9153458983538875	0.9717819661179624	0.07942653646601376
-2.28	0.14501828972966394	0.9153914599604371	0.9717971533201457	0.08007382168253113
-2.27	0.14610315356878473	0.9154370215669868	0.9718123405223289	0.08072543127618353
-2.26	0.14719398318892735	0.9154825831735366	0.9718275277245122	0.08138138154623357
-2.25	0.1482907851169426	0.9155281447800863	0.9718427149266954	0.08204168869374075
-2.2399999999999998	0.14939356555583613	0.9155753615381143	0.9718584538460381	0.08270636882636222
-2.23	0.15050233040401367	0.9156225782961421	0.9718741927653807	0.08337543794702693
-2.2199999999999998	0.15161708523459208	0.91566979505417	0.9718899316847233	0.08404891195854744
-2.21	0.15273783530277202	0.9157170118121979	0.971905670604066	0.08472680666087472
-2.1999999999999997	0.15386458555252397	0.9157642285702258	0.9719214095234086	0.08540913774438437
-2.19	0.1549973405866541	0.9158131393540511	0.971937713118017	0.0860959207928569
-2.1799999999999997	0.15613610468902173	0.9158620501378766	0.9719540167126255	0.08678717127922067
-2.17	0.15728088181662575	0.915910960921702	0.971970320307234	0.08748290456192866
-2.1599999999999997	0.1584316755827374	0.9159598717055274	0.9719866239018424	0.08818313588597766
-2.15	0.15958848927448682	0.9160087824893528	0.9720029274964509	0.08888788037827001
-2.1399999999999997	0.16075132584044433	0.916059425707043	0.9720198085690143	0.08959715304658657
-2.13	0.16192018788878995	0.9161100689247331	0.9720366896415776	0.0903109687758993
-2.1199999999999997	0.16309507768604248	0.9161607121424233	0.9720535707141411	0.09102934232841028
-2.11	0.16427599715280058	0.9162113553601134	0.9720704517867045	0.09175228834020437
-2.1	0.1654629478595556	0.9162619985778037	0.9720873328592678	0.09247982131893544
-2.09	0.16665593103421988	0.9163144120720722	0.972104804024024	0.09321195564160384
-2.08	0.16785494755024022	0.9163668255663406	0.9721222751887801	0.09394870555267211
-2.07	0.1690599979278508	0.9164192390606092	0.9721397463535364	0.09469008516234581
-2.06	0.1702710823303433	0.9164716525548776	0.9721572175182925	0.0954361084425669
-2.05	0.17148820056398825	0.9165240660491462	0.9721746886830487	0.09618678922755922
-2.04	0.17271135207372434	0.9165782869956407	0.9721927623318802	0.0969421412096756
-2.03	0.17394053594719075	0.9166325079421352	0.9722108359807118	0.09770217793693703
-2.02	0.17517575090101328	0.9166867288886298	0.9722289096295433	0.09846691281301405
-2.01	0.17641699528974977	0.9167409498351243	0.9722469832783748	0.09923635909245902
-1.9999999999999998	0.17766426710048164	0.9167951707816189	0.9722650569272063	0.10001052987983428
-1.9899999999999998	0.1789175639476939	0.9168512355845329	0.9722837451948443	0.10078943812852778
-1.98	0.18017688307672244	0.9169073003874468	0.9723024334624824	0.10157309663655234
-1.97	0.1814422213559954	0.9169633651903608	0.9723211217301203	0.10236151804495104
-1.96	0.18271357528150514	0.9170194299932749	0.9723398099977584	0.10315471483686756
-1.95	0.18399094097132535	0.9170754947961889	0.9723584982653963	0.10395269933407601
-1.94	0.1852743141658796	0.9171334389818819	0.9723778129939606	0.10475548369517224
-1.93	0.1865636902206861	0.9171913831675749	0.972397127722525	0.10556307991360335
-1.92	0.18785906411390063	0.9172493273532678	0.9724164424510893	0.10637549981517902
-1.91	0.18916043043930164	0.9173072715389607	0.9724357571796536	0.10719275505636672
-1.9	0.19046778340242213	0.9173652157246537	0.9724550719082179	0.10801485712220849
-1.89	0.1917811168252969	0.9174250738333195	0.9724750246111066	0.10884181732322186
-1.88	0.19310042414051504	0.9174849319419853	0.9724949773139951	0.1096736467943164
-1.8699999999999999	0.1944256983919598	0.9175447900506511	0.9725149300168837	0.11051035649245963
-1.8599999999999999	0.19575693223135054	0.917604648159317	0.9725348827197724	0.11135195719434553
-1.8499999999999999	0.19709411791961456	0.9176645062679828	0.972554835422661	0.1121984594941331
-1.8399999999999999	0.19843724732414533	0.9177263117438448	0.9725754372479483	0.11304987380184084
-1.8299999999999998	0.19978631191720717	0.9177881172197068	0.9725960390732356	0.11390621034105147
-1.8199999999999998	0.20114130277703565	0.9178499226955688	0.9726166408985228	0.11476747914667496
-1.8099999999999998	0.20250221058322315	0.9179117281714307	0.9726372427238102	0.11563369006320565
-1.7999999999999998	0.20386902561844358	0.9179735336472927	0.9726578445490975	0.11650485274202028
-1.7899999999999998	0.20524173776671553	0.9180373187277583	0.9726791062425861	0.11738097664043369
-1.7799999999999998	0.2066203365119444	0.9181011038082239	0.9727003679360746	0.11826207101834371
-1.7699999999999998	0.2080048109382867	0.9181648888886894	0.9727216296295631	0.11914814493734707
-1.7599999999999998	0.20939514972794676	0.918228673969155	0.9727428913230517	0.1200392072582369
-1.7499999999999998	0.21079134116091963	0.9182924590496205	0.9727641530165402	0.12093526663875762
-1.7399999999999998	0.2121933731143984	0.9183582546536846	0.9727860848845615	0.1218363315321188
-1.7299999999999998	0.21360123306190879	0.9184240502577485	0.9728080167525828	0.12274241018452889
-1.72	0.2150149080727236	0.9184898458618126	0.9728299486206041	0.1236535106339232
-1.71	0.21643438481172572	0.9185556414658765	0.9728518804886255	0.12456964070699886
-1.7	0.2178596495380906	0.9186214370699406	0.9728738123566468	0.12549080801850787
-1.69	0.21929068810535535	0.9186892726863163	0.9728964242287721	0.12641701996815682
-1.68	0.22072748596056066	0.9187571083026922	0.9729190361008974	0.12734828373947057
-1.67	0.22217002814529802	0.918824943919068	0.9729416479730226	0.1282846062976823
-1.66	0.22361829929306357	0.9188927795354438	0.9729642598451479	0.12922599438786397
-1.65	0.22507228363102083	0.9189606151518196	0.9729868717172732	0.1301724545329706
-1.64	0.22653196497858868	0.9190305187272438	0.9730101729090812	0.131123993032035
-1.63	0.22799732674839637	0.919100422302668	0.9730334741008893	0.13208061595855677
-1.6199999999999999	0.22946835194534124	0.9191703258780922	0.9730567752926974	0.13304232915834913
-1.6099999999999999	0.23094502316634502	0.9192402294535164	0.9730800764845055	0.13400913824804958
-1.5999999999999999	0.2324273226018095	0.9193101330289406	0.9731033776763135	0.13498104861321747
-1.5899999999999999	0.2339152320340057	0.9193821308570581	0.9731273769523526	0.13595806540638922
-1.5799999999999998	0.2354087328386973	0.9194541286851756	0.9731513762283919	0.13694019354588688
-1.5699999999999998	0.23690780598395572	0.9195261265132932	0.973175375504431	0.13792743771335367
-1.5599999999999998	0.2384124320312678	0.9195981243414107	0.9731993747804702	0.1389198023527318
-1.5499999999999998	0.2399225911361611	0.9196701221695283	0.9732233740565094	0.1399172916681955
-1.5399999999999998	0.24143826304761518	0.919744238780861	0.9732480795936203	0.14091990962263268
-1.5299999999999998	0.2429594271092607	0.9198183553921937	0.9732727851307312	0.14192765993599527
-1.5199999999999998	0.24448606225955447	0.9198924720035265	0.9732974906678421	0.14294054608366144
-1.5099999999999998	0.2460181470324263	0.9199665886148592	0.9733221962049531	0.14395857129476636
-1.4999999999999998	0.24755565955772274	0.920040705226192	0.973346901742064	0.14498173855075758
-1.4899999999999998	0.24909857756228249	0.9201169632796653	0.9733723210932217	0.14601005058394445
-1.4799999999999998	0.2506468783699495	0.9201932213331385	0.9733977404443795	0.14704350987554932
-1.47	0.25220053890323435	0.9202694793866117	0.9734231597955373	0.14808211865466356
-1.46	0.25375953568342785	0.920345737440085	0.973448579146695	0.14912587889645365
-1.45	0.2553238448319213	0.9204219954935584	0.9734739984978528	0.15017479232097417
-1.44	0.2568934420707906	0.9205004156699935	0.9735001385566645	0.1512288603915261
-1.43	0.2584683027242503	0.9205788358464286	0.9735262786154762	0.15228808431317628
-1.42	0.2600484017195736	0.9206572560228637	0.973552418674288	0.15335246503153152
-1.41	0.2616337135879662	0.9207356761992989	0.9735785587330996	0.15442200323153873
-1.4	0.2632242124658619	0.920814096375734	0.9736046987919114	0.15549669933571794
-1.39	0.26481987209655233	0.9208946972739025	0.9736315657579675	0.15657655350314595
-1.38	0.26642066583081986	0.9209752981720709	0.9736584327240236	0.15766156562810899
-1.3699999999999999	0.2680265666290822	0.9210558990702394	0.9736852996900799	0.15875173533879872
-1.3599999999999999	0.26963754706198867	0.9211364999684079	0.973712166656136	0.15984706199620552
-1.3499999999999999	0.2712535793125164	0.9212171008665764	0.9737390336221922	0.16094754469274822
-1.3399999999999999	0.27287463517720345	0.921299898902228	0.9737666329674093	0.1620531822511317
-1.3299999999999998	0.2745006860678119	0.9213826969378797	0.9737942323126265	0.1631639732233043
-1.3199999999999998	0.2761317030130245	0.9214654949735313	0.9738218316578438	0.1642799158892245
-1.3099999999999998	0.2777676566598944	0.9215482930091828	0.9738494310030609	0.1654010082558072
-1.2999999999999998	0.27940851727611327	0.9216310910448344	0.9738770303482781	0.16652724805578262
-1.2899999999999998	0.2810542547513492	0.9217161003531564	0.9739053667843854	0.16765863274677395
-1.2799999999999998	0.28270483859908274	0.9218011096614785	0.9739337032204928	0.16879515951020915
-1.2699999999999998	0.28436023795904686	0.9218861189698007	0.9739620396566002	0.1699368252503518
-1.2599999999999998	0.286020421598762	0.9219711282781227	0.9739903760927076	0.1710836265933006
-1.2499999999999998	0.2876853579155417	0.9220561375864448	0.9740187125288149	0.1722355598862461
-1.2399999999999998	0.28935501493908033	0.9221433699285293	0.9740477899761764	0.17339262119621462
-1.2299999999999998	0.2910293603329781	0.9222306022706139	0.974076867423538	0.17455480630964962
-1.2199999999999998	0.2927083613973155	0.9223178346126986	0.9741059448708995	0.17572211073123853
-1.21	0.29439198507078307	0.9224050669547832	0.974135022318261	0.1768945296832544
-1.2	0.29608019793310214	0.9224922992968678	0.9741640997656227	0.17807205810473042
-1.19	0.2977729662071693	0.9225817639705404	0.9741939213235135	0.1792546906507852
-1.18	0.2994702557617662	0.9226712286442129	0.9742237428814043	0.18044242169180078
-1.17	0.3011720321137738	0.9227606933178853	0.9742535644392951	0.18163524531290737
-1.16	0.30287826043077015	0.9228501579915579	0.974283385997186	0.18283315531310668
-1.15	0.30458890553362306	0.9229396226652303	0.9743132075550768	0.18403614520489686
-1.14	0.3063039318992218	0.9230313264207991	0.9743437754735996	0.18524420821351445
-1.13	0.3080233036628608	0.9231230301763679	0.9743743433921226	0.18645733727643876
-1.1199999999999999	0.3097469846212925	0.9232147339319366	0.9744049113106455	0.18767552504288673
-1.1099999999999999	0.31147493823530403	0.9233064376875054	0.9744354792291684	0.18889876387330762
-1.0999999999999999	0.3132071276325157	0.9233981414430742	0.9744660471476914	0.19012704583896078
-1.0899999999999999	0.3149435156104247	0.9234920884043719	0.9744973628014573	0.19136036272140788
-1.0799999999999998	0.3166840646392602	0.9235860353656696	0.9745286784552232	0.192598706012221
-1.0699999999999998	0.31842873686475837	0.9236799823269675	0.9745599941089892	0.19384206691258943
-1.0599999999999998	0.3201774941116083	0.9237739292882652	0.9745913097627551	0.1950904363329399
-1.0499999999999998	0.32193029788605376	0.923867876249563	0.974622625416521	0.19634380489277162
-1.0399999999999998	0.32368710937927525	0.9239640678407492	0.9746546892802497	0.19760216292030106
-1.0299999999999998	0.325447889470525	0.9240602594319354	0.9746867531439785	0.19886550045227697
-1.0199999999999998	0.3272125987303025	0.9241564510231215	0.9747188170077071	0.20013380723374397
-1.0099999999999998	0.3289811974236435	0.9242526426143077	0.9747508808714359	0.20140707271798158
-0.9999999999999999	0.33075364551326053	0.9243488342054939	0.9747829447351646	0.20268528606630457
-0.9899999999999999	0.3325299026630909	0.9244473278133801	0.9748157759377933	0.2039684361480014
-0.9799999999999999	0.33430992824162503	0.9245458214212664	0.9748486071404221	0.20525651154032135
-0.9699999999999999	0.33609368132521983	0.9246443150291526	0.9748814383430509	0.20654950052840057
-0.9599999999999999	0.3378811207016841	0.9247428086370388	0.9749142695456796	0.20784739110527187
-0.9499999999999998	0.3396722048738043	0.9248413022449251	0.9749471007483084	0.209150170972008
-0.9399999999999998	0.3414668920627642	0.924941976054177	0.9749806586847257	0.21045782753770148
-0.9299999999999998	0.34326514021190974	0.925042649863429	0.975014216621143	0.21177034791965316
-0.9199999999999998	0.34506690699024284	0.925143323672681	0.9750477745575603	0.2130877189435007
-0.9099999999999998	0.3468721497961902	0.925243997481933	0.9750813324939777	0.21440992714342264
-0.8999999999999998	0.3486808257612392	0.925344671291185	0.975114890430395	0.215736958762352
-0.8899999999999999	0.35049289175374804	0.9254475771353224	0.9751491923784408	0.21706879975225138
-0.8799999999999999	0.35230830438269556	0.9255504829794599	0.9751834943264867	0.21840543577438967
-0.8699999999999999	0.3541270200015528	0.9256533888235974	0.9752177962745324	0.21974685219970017
-0.8599999999999999	0.35594899471205144	0.9257562946677348	0.9752520982225783	0.2210930341091172
-0.8499999999999999	0.3577741843681812	0.9258592005118722	0.9752864001706241	0.22244396629398855
-0.8399999999999999	0.3596025445800418	0.9259643284101308	0.9753214428033768	0.22379963325652122
-0.8299999999999998	0.36143403071786834	0.9260694563083894	0.9753564854361297	0.22516001921024242
-0.8199999999999998	0.36326859791597305	0.9261745842066481	0.9753915280688826	0.22652510808048118
-0.8099999999999998	0.36510620107681796	0.9262797121049067	0.9754265707016355	0.22789488350496792
-0.7999999999999998	0.3669467948750538	0.9263848400031653	0.9754616133343884	0.2292693288343547
-0.7899999999999998	0.36879033376160325	0.9264921770085843	0.9754973923361947	0.2306484271328372
-0.7799999999999998	0.3706367719678224	0.9265995140140033	0.9755331713380011	0.23203216117883074
-0.7699999999999998	0.3724860635095918	0.9267068510194222	0.9755689503398074	0.23342051346559525
-0.7599999999999999	0.3743381621915658	0.9268141880248412	0.9756047293416137	0.23481346620200144
-0.7499999999999999	0.3761930216113286	0.92692152503026	0.97564050834342	0.23621100131325312
-0.7399999999999999	0.3780505951636406	0.9270310551986359	0.9756770183995453	0.2376131004416717
-0.7299999999999999	0.3799108360447459	0.9271405853670118	0.9757135284556706	0.23901974494751888
-0.7199999999999999	0.3817736972565895	0.9272501155353876	0.9757500385117959	0.24043091590985266
-0.7099999999999999	0.3836391316111776	0.9273596457037635	0.9757865485679212	0.24184659412740467
-0.6999999999999998	0.3855070917348886	0.9274691758721394	0.9758230586240465	0.24326676011949927
-0.6899999999999998	0.3873775300728821	0.9275808802390191	0.9758602934130063	0.24469139412703056
-0.6799999999999998	0.3892503988934321	0.9276925846058987	0.9758975282019662	0.24612047611341814
-0.6699999999999998	0.3911256502923284	0.9278042889727783	0.9759347629909261	0.24755398576565837
-0.6599999999999998	0.39300323619735783	0.927915993339658	0.975971997779886	0.24899190249536754
-0.6499999999999998	0.3948831083726955	0.9280276977065377	0.9760092325688459	0.2504342054398711
-0.6399999999999999	0.39676521842340895	0.9281415542724415	0.9760471847574805	0.251880873463331
-0.6299999999999999	0.3986495177999058	0.9282554108383454	0.9760851369461151	0.25333188515790817
-0.6199999999999999	0.4005359578024774	0.9283692674042493	0.9761230891347498	0.2547872188449374
-0.6099999999999999	0.4024244895857902	0.9284831239701531	0.9761610413233843	0.25624685257616625
-0.5999999999999999	0.4043150641634336	0.928596980536057	0.976198993512019	0.2577107641350058
-0.5899999999999999	0.4062076324124709	0.9287129642600915	0.9762376547533638	0.2591789310378111
-0.5799999999999998	0.4081021450780026	0.928828947984126	0.9762763159947087	0.2606513305352231
-0.5699999999999998	0.409998552777736	0.9289449317081604	0.9763149772360534	0.2621279396134948
-0.5599999999999998	0.41189680600660833	0.9290609154321949	0.9763536384773983	0.26360873499591014
-0.5499999999999998	0.41379685514136627	0.9291768991562294	0.9763922997187431	0.26509369314416
-0.5399999999999998	0.41569865044517	0.929294981958215	0.9764316606527383	0.2665827902598439
-0.5299999999999998	0.4176021420722738	0.9294130647602007	0.9764710215867336	0.26807600228589445
-0.5199999999999998	0.4195072800725959	0.9295311475621865	0.9765103825207289	0.26957330490814263
-0.5099999999999999	0.4214140143964271	0.9296492303641721	0.976549743454724	0.2710746735568196
-0.49999999999999983	0.42332229489901674	0.9297673131661578	0.9765891043887193	0.27258008340817064
-0.4899999999999998	0.42523207134530944	0.9298874639373508	0.9766291546457836	0.2740895093860113
-0.47999999999999987	0.427143293414553	0.9300076147085438	0.9766692049028479	0.2756029261634154
-0.46999999999999986	0.42905591070498744	0.9301277654797366	0.9767092551599122	0.27712030816434113
-0.45999999999999985	0.4309698727385546	0.9302479162509296	0.9767493054169766	0.27864162956534805
-0.44999999999999984	0.4328851289655287	0.9303680670221226	0.9767893556740409	0.2801668642973258
-0.43999999999999984	0.4348016287692332	0.9304902516445739	0.9768300838815246	0.28169598604722557
-0.4299999999999998	0.43671932147072734	0.9306124362670252	0.9768708120890084	0.2832289682598642
-0.4199999999999998	0.43863815633348013	0.9307346208894766	0.9769115402964922	0.28476578413973574
-0.40999999999999986	0.4405580825680794	0.9308568055119278	0.9769522685039759	0.2863064066528458
-0.39999999999999986	0.44247904933691357	0.9309789901343791	0.9769929967114597	0.2878508085285899
-0.38999999999999985	0.4444010057588477	0.9311031715089306	0.9770343905029768	0.289398962261644
-0.37999999999999984	0.4463239009139272	0.9312273528834821	0.9770757842944939	0.2909508401138939
-0.36999999999999983	0.44824768384806296	0.9313515342580336	0.9771171780860113	0.2925064141163849
-0.3599999999999998	0.45017230357770527	0.931475715632585	0.9771585718775284	0.2940656560713154
-0.34999999999999987	0.45209770909452435	0.9315998970071365	0.9771999656690455	0.29562853755402263
-0.33999999999999986	0.4540238493700773	0.9317260350900163	0.9772420116966721	0.29719502991503677
-0.32999999999999985	0.4559506733604913	0.9318521731728961	0.9772840577242987	0.29876510428212655
-0.31999999999999984	0.45787813001110794	0.931978311255776	0.9773261037519254	0.3003387315624012
-0.30999999999999983	0.4598061682611408	0.9321044493386558	0.977368149779552	0.3019158824444036
-0.2999999999999998	0.4617347370483308	0.9322305874215356	0.9774101958071786	0.30349652740025695
-0.2899999999999998	0.46366378531357855	0.932358639269468	0.9774528797564893	0.3050806366878299
-0.27999999999999986	0.46559326200555823	0.9324866911174006	0.9774955637058002	0.3066681803529108
-0.26999999999999985	0.46752311608536157	0.9326147429653331	0.977538247655111	0.3082591282314374
-0.25999999999999984	0.4694532965310766	0.9327427948132656	0.9775809316044218	0.30985344995171227
-0.24999999999999983	0.4713837523424003	0.9328708466611981	0.9776236155537328	0.311451114936669
-0.23999999999999982	0.47331443254522243	0.9330007664849154	0.9776669221616385	0.3130520924061586
-0.22999999999999984	0.4752452861961781	0.9331306863086328	0.9777102287695443	0.3146563513792393
-0.21999999999999983	0.4771762623872159	0.9332606061323503	0.97775353537745	0.3162638606765237
-0.20999999999999983	0.47910731025014575	0.9333905259560678	0.977796841985356	0.3178745889225033
-0.19999999999999984	0.4810383789611418	0.933520445779785	0.9778401485932617	0.3194885045479455
-0.18999999999999984	0.4829694177452698	0.9336521850057751	0.9778840616685918	0.32110557579225507
-0.17999999999999983	0.48490037588097523	0.9337839242317652	0.9779279747439217	0.32272577070591735
-0.16999999999999985	0.4868312027045502	0.9339156634577552	0.9779718878192517	0.3243490571529108
-0.15999999999999984	0.48876184761460023	0.9340474026837451	0.9780158008945817	0.3259754028131673
-0.14999999999999983	0.49069226007648	0.9341791419097352	0.9780597139699118	0.32760477518504666
-0.13999999999999985	0.4926223896267069	0.9343126492500309	0.978104216416677	0.3292371415878267
-0.12999999999999984	0.4945521858773637	0.9344461565903266	0.9781487188634422	0.33087246916421853
-0.11999999999999983	0.4964815985204752	0.9345796639306223	0.9781932213102075	0.3325107248828959
-0.10999999999999983	0.4984105773323533	0.934713171270918	0.9782377237569727	0.3341518755410389
-0.09999999999999984	0.5003390721779487	0.9348466786112137	0.978282226203738	0.33579588776691205
-0.08999999999999983	0.5022670330151463	0.93498190014099	0.9783273000469966	0.3374427280224378
-0.07999999999999984	0.5041944098990652	0.9351171216707663	0.9783723738902554	0.3390923626058
-0.06999999999999984	0.5061211529863036	0.9352523432005426	0.9784174477335141	0.3407447576540683
-0.05999999999999983	0.5080472125391909	0.935387564730319	0.9784625215767729	0.3423998791458227
-0.049999999999999836	0.50997253893	0.9355227862600953	0.9785075954200317	0.34405769290381155
-0.039999999999999834	0.511897082645126	0.9356596655028036	0.9785532218342679	0.3457181645976111
-0.029999999999999832	0.5138207942892549	0.9357965447455117	0.978598848248504	0.34738125974631306
-0.019999999999999834	0.515743624589483	0.9359334239882198	0.97864447466274	0.349046943721207
-0.009999999999999834	0.517665524399442	0.936070303230928	0.9786901010769761	0.35071518174850486
1.6653345369377348e-16	0.5195864447033604	0.9362071824736361	0.978735727491212	0.35238593891205333
0.010000000000000167	0.5215063366201169	0.936345660493372	0.978781886831124	0.354059180156075
0.020000000000000167	0.5234251514072567	0.9364841385131079	0.9788280461710359	0.35573487028791284
0.030000000000000165	0.5253428404649857	0.9366226165328437	0.9788742055109478	0.3574129739807961
0.04000000000000017	0.5272593553401187	0.9367610945525796	0.9789203648508599	0.3590934557766133
0.05000000000000017	0.5291746477300158	0.9368995725723155	0.9789665241907718	0.3607762800886963
0.060000000000000164	0.5310886694864747	0.9370395880730876	0.9790131960243625	0.3624614112046179
0.07000000000000017	0.5330013726195928	0.9371796035738599	0.9790598678579533	0.3641488132889972
0.08000000000000017	0.5349127093015972	0.9373196190746321	0.979106539691544	0.36583845038631796
0.09000000000000016	0.5368226318706445	0.9374596345754043	0.9791532115251348	0.36753028642376084
0.10000000000000017	0.5387310928345868	0.9375996500761765	0.9791998833587255	0.36922428521403017
0.11000000000000017	0.5406380448746965	0.9377411395077097	0.9792470465025699	0.3709204104582137
0.12000000000000016	0.5425434408493639	0.9378826289392428	0.9792942096464143	0.3726186257486227
0.13000000000000017	0.5444472337977614	0.9380241183707759	0.9793413727902587	0.37431889457166684
0.14000000000000018	0.5463493769434651	0.9381656078023092	0.9793885359341031	0.3760211803107179
0.15000000000000016	0.5482498236980438	0.9383070972338423	0.9794356990779475	0.3777254462489895
0.16000000000000017	0.5501485276646176	0.9384499949035243	0.9794833316345081	0.3794316555724228
0.17000000000000018	0.552045442641364	0.9385928925732063	0.9795309641910688	0.3811397713725791
0.18000000000000016	0.5539405226250083	0.9387357902428883	0.9795785967476295	0.38284975664953286
0.19000000000000017	0.5558337218142615	0.9388786879125703	0.9796262293041901	0.3845615743147799
0.20000000000000018	0.5577249946132178	0.9390215855822523	0.9796738618607508	0.38627518719414206
0.21000000000000016	0.5596142956347365	0.9391658237728084	0.9797219412576028	0.38799055803067983
0.22000000000000017	0.5615015797037538	0.9393100619633645	0.9797700206544548	0.38970764948761366
0.23000000000000018	0.5633868018605735	0.9394543001539207	0.9798181000513069	0.39142642415124096
0.24000000000000016	0.5652699173641279	0.9395985383444768	0.9798661794481589	0.39314684453386023
0.25000000000000017	0.567150881695171	0.9397427765350329	0.9799142588450109	0.3948688730767048
0.2600000000000002	0.5690296505594586	0.9398882856274889	0.9799627618758296	0.3965924721528637
0.2700000000000002	0.5709061798908767	0.940033794719945	0.9800112649066484	0.398317604070224
0.2800000000000002	0.5727804258545238	0.9401793038124011	0.9800597679374671	0.40004423107439646
0.29000000000000015	0.5746523448497667	0.9403248129048571	0.9801082709682857	0.40177231535165536
0.30000000000000016	0.5765218935132403	0.9404703219973132	0.9801567739991044	0.403501819031877
0.31000000000000016	0.578389028721816	0.9406170305987889	0.980205676866263	0.4052327041914691
0.3200000000000002	0.5802537075955247	0.9407637392002648	0.9802545797334217	0.40696493285631646
0.3300000000000002	0.5821158875004413	0.9409104478017405	0.9803034826005801	0.40869846700471285
0.3400000000000002	0.5839755260515161	0.9410571564032162	0.9803523854677387	0.4104332685702963
0.3500000000000002	0.5858325811153777	0.9412038650046919	0.9804012883348974	0.4121692994449829
0.36000000000000015	0.587687010813088	0.9413517012666275	0.9804505670888759	0.4139065214819102
0.37000000000000016	0.5895387735228479	0.9414995375285631	0.9804998458428544	0.41564489649834996
0.38000000000000017	0.5913878278826706	0.9416473737904987	0.980549124596833	0.417384386278654
0.3900000000000002	0.5932341327930031	0.9417952100524343	0.9805984033508115	0.41912495257717225
0.4000000000000002	0.5950776474193102	0.9419430463143699	0.98064768210479	0.4208665571211736
0.4100000000000002	0.596918331194611	0.9420919333352475	0.9806973111117492	0.42260916161377116
0.42000000000000015	0.5987561438219684	0.9422408203561252	0.9807469401187083	0.4243527277368299
0.43000000000000016	0.600591045276951	0.9423897073770028	0.9807965691256676	0.42609721715388676
0.44000000000000017	0.602422995810024	0.9425385943978805	0.9808461981326267	0.4278425915130462
0.4500000000000002	0.604251955948922	0.9426874814187581	0.980895827139586	0.42958881244988717
0.4600000000000002	0.6060778865009595	0.9428373444671723	0.9809457814890574	0.43133584159035887
0.4700000000000002	0.6079007485553084	0.9429872075155864	0.9809957358385287	0.43308364055366644
0.4800000000000002	0.60972050348522	0.9431370705640004	0.9810456901880001	0.43483217095515114
0.49000000000000016	0.6115371129502158	0.9432869336124146	0.9810956445374714	0.43658139440917765
0.5000000000000002	0.6133505388982197	0.9434367966608287	0.9811455988869429	0.438331272531988
0.5100000000000002	0.6151607435676543	0.9435875586058896	0.9811958528686299	0.4400817669445761
0.5200000000000001	0.6169676894894898	0.9437383205509505	0.9812461068503168	0.44183283927553163
0.5300000000000001	0.6187713394892462	0.9438890824960113	0.9812963608320038	0.4435844511638922
0.5400000000000001	0.6205716566889535	0.9440398444410723	0.9813466148136907	0.4453365642619751
0.5500000000000002	0.6223686045090635	0.9441906063861332	0.9813968687953777	0.4470891402382079
0.5600000000000002	0.6241621466703199	0.944342189017411	0.981447396339137	0.44884214077994616
0.5700000000000002	0.6259522471955812	0.9444937716486888	0.9814979238828963	0.45059552759628174
0.5800000000000002	0.6277388704115942	0.9446453542799664	0.9815484514266555	0.45234926242084256
0.5900000000000002	0.6295219809507374	0.9447969369112442	0.9815989789704148	0.45410330701458007
0.6000000000000002	0.6313015437526959	0.944948519542522	0.981649506514174	0.4558576231685443
0.6100000000000002	0.6330775240661121	0.9451008437164573	0.9817002812388191	0.457612172706656
0.6200000000000002	0.6348498874501826	0.9452531678903926	0.9817510559634642	0.4593669174884597
0.6300000000000002	0.6366185997762054	0.945405492064328	0.9818018306881093	0.4611218194118617
0.6400000000000001	0.6383836272290917	0.9455578162382633	0.9818526054127544	0.46287684041586985
0.6500000000000001	0.6401449363088278	0.9457101404121986	0.9819033801373995	0.4646319424833075
0.6600000000000001	0.6419024938318899	0.9458631261998236	0.9819543753999412	0.46638708764351916
0.6700000000000002	0.6436562669326157	0.9460161119874486	0.9820053706624828	0.4681422379750667
0.6800000000000002	0.645406223064535	0.9461690977750737	0.9820563659250245	0.46989735560840534
0.6900000000000002	0.6471523300016511	0.9463220835626988	0.9821073611875663	0.4716524027285544
0.7000000000000002	0.6488945558396778	0.9464750693503239	0.982158356450108	0.47340734157774433
0.7100000000000002	0.6506328689972334	0.9466286361857802	0.9822095453952601	0.4751621344580587
0.7200000000000002	0.6523672382169882	0.9467822030212365	0.9822607343404122	0.47691674373405385
0.7300000000000002	0.6540976325667714	0.9469357698566928	0.9823119232855643	0.4786711318353708
0.7400000000000002	0.6558240214406295	0.947089336692149	0.9823631122307164	0.48042526125932544
0.7500000000000002	0.6575463745598441	0.9472429035276053	0.9824143011758684	0.4821790945734858
0.7600000000000002	0.6592646619739019	0.947396970356949	0.9824656567856497	0.48393259441823794
0.7700000000000001	0.6609788540614234	0.9475510371862926	0.9825170123954309	0.4856857235093281
0.7800000000000001	0.662688921531051	0.9477051040156362	0.9825683680052121	0.4874384446403928
0.7900000000000001	0.6643948354222843	0.94785917084498	0.9826197236149933	0.48919072068547187
0.8000000000000002	0.6660965671062827	0.9480132376743236	0.9826710792247745	0.49094251460150734
0.8100000000000002	0.6677940882866178	0.9481677231041178	0.9827225743680392	0.4926937894308172
0.8200000000000002	0.6694873709999839	0.9483222085339121	0.982774069511304	0.4944445083035615
0.8300000000000002	0.6711763876168703	0.9484766939637065	0.9828255646545688	0.4961946344401843
0.8400000000000002	0.6728611108421834	0.9486311793935007	0.9828770597978336	0.4979441311538399
0.8500000000000002	0.6745415137158313	0.9487856648232951	0.9829285549410983	0.4996929618528013
0.8600000000000002	0.6762175696132674	0.9489404872684998	0.9829801624228333	0.5014410900428503
0.8700000000000002	0.6778892522459863	0.9490953097137045	0.9830317699045682	0.5031884793296457
0.8800000000000002	0.6795565356619843	0.9492501321589093	0.9830833773863031	0.5049350934210798
0.8900000000000002	0.6812193942461734	0.949404954604114	0.983134984868038	0.5066808961296084
0.9000000000000001	0.6828778027207559	0.9495597770493187	0.9831865923497729	0.5084258513745656
0.9100000000000001	0.6845317361455604	0.9497148548799975	0.9832382849599991	0.5101699231844582
0.9200000000000002	0.6861811699183298	0.9498699327106763	0.9832899775702254	0.5119130756992395
0.9300000000000002	0.6878260797749773	0.9500250105413551	0.9833416701804517	0.5136552731725664
0.9400000000000002	0.689466441789795	0.9501800883720339	0.9833933627906779	0.51539647997403
0.9500000000000002	0.6911022323756283	0.9503351662027127	0.9834450554009042	0.5171366605913746
0.9600000000000002	0.6927334282840046	0.950490417889096	0.983496805963032	0.5188757796326867
0.9700000000000002	0.6943600066052268	0.9506456695754795	0.9835485565251598	0.5206138018285714
0.9800000000000002	0.6959819447684267	0.9508009212618628	0.9836003070872875	0.5223506920343031
0.9900000000000002	0.6975992205415753	0.9509561729482462	0.9836520576494153	0.5240864152319572
1.0000000000000002	0.6992118120314614	0.9511114246346295	0.9837038082115431	0.5258209365325187
1.0100000000000002	0.700819697683627	0.9512667688900853	0.9837555896300284	0.5275542211779709
1.0200000000000002	0.7024228562822634	0.9514221131455411	0.9838073710485137	0.529286234543364
1.0300000000000002	0.7040212669500745	0.9515774574009969	0.983859152466999	0.5310169421388572
1.0400000000000003	0.7056149091480978	0.9517328016564527	0.9839109338854842	0.5327463096117425
1.0500000000000003	0.7072037626754906	0.9518881459119085	0.9839627153039695	0.5344743027484475
1.0600000000000003	0.7087878076692788	0.9520435018333926	0.9840145006111308	0.5362008874765116
1.0700000000000003	0.7103670246040686	0.9521988577548768	0.9840662859182923	0.5379260298665451
1.0800000000000003	0.7119413942917219	0.9523542136763609	0.9841180712254536	0.5396496961341588
1.09	0.7135108978809961	0.9525095695978449	0.984169856532615	0.5413718526418804
1.1	0.7150755168571491	0.952664925519329	0.9842216418397763	0.5430924659010388
1.11	0.7166352330415072	0.9528202127249066	0.9842734042416355	0.5448115025736312
1.12	0.7181900285909989	0.952975499930484	0.9843251666434947	0.546528929474167
1.1300000000000001	0.7197398859976537	0.9531307871360615	0.9843769290453538	0.5482447135714831
1.1400000000000001	0.7212847880880682	0.953286074341639	0.984428691447213	0.5499588219905438
1.1500000000000001	0.7228247180228355	0.9534413615472165	0.9844804538490721	0.5516712220142133
1.1600000000000001	0.7243596592959431	0.9535965003102669	0.984532166770089	0.5533818810850013
1.1700000000000002	0.7258895957341372	0.9537516390733173	0.9845838796911058	0.5550907668067935
1.1800000000000002	0.7274145114962539	0.9539067778363677	0.9846355926121226	0.5567978469465497
1.1900000000000002	0.7289343910725163	0.9540619165994182	0.9846873055331394	0.5585030894359844
1.2000000000000002	0.7304492192838037	0.9542170553624686	0.9847390184541562	0.5602064623732197
1.2100000000000002	0.7319589812808824	0.9543719667422106	0.9847906555807369	0.5619079340244175
1.2200000000000002	0.7334636625436128	0.9545268781219525	0.9848422927073175	0.5636074728253846
1.2300000000000002	0.7349632488801188	0.9546817895016945	0.9848939298338981	0.5653050473831546
1.2400000000000002	0.73645772642593	0.9548367008814365	0.9849455669604789	0.5670006264775491
1.2500000000000002	0.7379470816430936	0.9549916122611785	0.9849972040870595	0.5686941790627079
1.2600000000000002	0.7394313013192532	0.9551462182291732	0.9850487394097244	0.5703856742686011
1.2700000000000002	0.7409103725667032	0.9553008241971679	0.9851002747323893	0.5720750814025156
1.2800000000000002	0.7423842828214083	0.9554554301651625	0.9851518100550541	0.5737623699505132
1.2900000000000003	0.743853019841999	0.9556100361331572	0.985203345377719	0.5754475095788697
1.3000000000000003	0.7453165717087367	0.9557646421011519	0.9852548807003839	0.577130470135487
1.3100000000000003	0.7467749268224484	0.9559188656634695	0.9853062885544898	0.5788112216512791
1.3200000000000003	0.7482280739034386	0.956073089225787	0.9853576964085956	0.580489734341538
1.3300000000000003	0.7496760019903703	0.9562273127881047	0.9854091042627016	0.5821659786072708
1.3400000000000003	0.7511187004391195	0.9563815363504222	0.9854605121168074	0.5838399250365136
1.35	0.7525561589216055	0.9565357599127399	0.9855119199709134	0.585511544405622
1.36	0.753988367424592	0.9566895252274991	0.985563175075833	0.5871808076805355
1.37	0.7554153162484641	0.9568432905422584	0.9856144301807528	0.5888476860180172
1.3800000000000001	0.756836996005981	0.9569970558570177	0.9856656852856726	0.590512150766872
1.3900000000000001	0.7582533976210012	0.9571508211717769	0.9857169403905923	0.5921741734691339
1.4000000000000001	0.7596645123271851	0.9573045864865362	0.9857681954955121	0.5938337258612347
1.4100000000000001	0.7610703316666733	0.9574578189765524	0.9858192729921842	0.5954907798751453
1.4200000000000002	0.7624708474887398	0.9576110514665687	0.9858703504888563	0.5971453076394937
1.4300000000000002	0.7638660519484237	0.9577642839565849	0.9859214279855283	0.5987972814806547
1.4400000000000002	0.7652559375051369	0.9579175164466012	0.9859725054822004	0.600446673923821
1.4500000000000002	0.7666404969212491	0.9580707489366174	0.9860235829788725	0.6020934576940443
1.4600000000000002	0.7680197232606507	0.9582233753969217	0.9860744584656406	0.6037376057172551
1.4700000000000002	0.7693936098872959	0.958376001857226	0.9861253339524086	0.6053790911212565
1.4800000000000002	0.7707621504637199	0.9585286283175303	0.9861762094391767	0.6070178872366935
1.4900000000000002	0.7721253389495397	0.9586812547778346	0.9862270849259449	0.6086539675979983
1.5000000000000002	0.7734831695999337	0.958833881238139	0.986277960412713	0.6102873059443128
1.5100000000000002	0.7748356369640974	0.9589858299381577	0.9863286099793859	0.6119178762203816
1.5200000000000002	0.7761827358836836	0.9591377786381765	0.9863792595460588	0.613545652577426
1.5300000000000002	0.7775244614912206	0.9592897273381952	0.9864299091127317	0.6151706093739925
1.5400000000000003	0.7788608092085135	0.959441676038214	0.9864805586794047	0.6167927211767736
1.5500000000000003	0.7801917747450251	0.9595936247382327	0.9865312082460775	0.6184119627614101
1.5600000000000003	0.7815173540962393	0.9597448255184433	0.9865816085061478	0.6200283091132626
1.5700000000000003	0.7828375435420067	0.959896026298654	0.986632008766218	0.6216417354281665
1.5800000000000003	0.7841523396448719	0.9600472270788647	0.9866824090262882	0.6232522171131554
1.5900000000000003	0.7854617392483864	0.9601984278590754	0.9867328092863585	0.6248597297871656
1.6	0.7867657394754014	0.9603496286392861	0.9867832095464287	0.6264642492817157
1.61	0.7880643377263473	0.9605000130021922	0.9868333376673974	0.6280657516415612
1.62	0.789357531677495	0.9606503973650984	0.9868834657883662	0.6296642131253258
1.6300000000000001	0.7906453192792036	0.9608007817280045	0.9869335939093349	0.63125961020611
1.6400000000000001	0.7919276987541514	0.9609511660909108	0.9869837220303036	0.6328519195720751
1.6500000000000001	0.7932046685955538	0.961101550453817	0.9870338501512723	0.6344411181270038
1.6600000000000001	0.7944762275653661	0.9612510516491121	0.9870836838830374	0.6360271829908388
1.6700000000000002	0.7957423746924718	0.9614005528444071	0.9871335176148024	0.6376100915001951
1.6800000000000002	0.7970031092708583	0.9615500540397021	0.9871833513465674	0.6391898212088526
1.6900000000000002	0.7982584308577784	0.9616995552349971	0.9872331850783324	0.6407663498882231
1.7000000000000002	0.7995083392719012	0.9618490564302921	0.9872830188100974	0.6423396555277959
1.7100000000000002	0.8007528345914474	0.9619976095341067	0.987332536511369	0.6439097163355585
1.7200000000000002	0.8019919171523148	0.9621461626379215	0.9873820542126406	0.645476510738397
1.7300000000000002	0.8032255875461914	0.9622947157417362	0.9874315719139121	0.6470400173824721
1.7400000000000002	0.8044538466186573	0.962443268845551	0.9874810896151837	0.6486002151335731
1.7500000000000002	0.8056766954672762	0.9625918219493657	0.9875306073164553	0.6501570830774485
1.7600000000000002	0.8068941354396743	0.9627393639375221	0.987579787979174	0.6517106005201166
1.7700000000000002	0.8081061681316123	0.9628869059256786	0.9876289686418929	0.6532607469881506
1.7800000000000002	0.809312795385044	0.9630344479138351	0.9876781493046117	0.6548075022289457
1.7900000000000003	0.8105140192861685	0.9631819899019916	0.9877273299673305	0.6563508462109585
1.8000000000000003	0.8117098421634709	0.963329531890148	0.9877765106300493	0.6578907591239317
1.8100000000000003	0.8129002665857552	0.9634760017053652	0.9878253339017884	0.6594272213790903
1.8200000000000003	0.8140852953601698	0.9636224715205822	0.9878741571735273	0.6609602136093203
1.8300000000000003	0.8152649315302232	0.9637689413357994	0.9879229804452664	0.6624897166693254
1.8400000000000003	0.8164391783737921	0.9639154111510164	0.9879718037170054	0.664015711635761
1.8500000000000003	0.8176080394011234	0.9640618809662336	0.9880206269887445	0.6655381798073473
1.86	0.8187715183528288	0.9642072195792559	0.9880690731930853	0.6670571027049633
1.87	0.8199296191978712	0.9643525581922784	0.9881175193974261	0.668572462071718
1.8800000000000001	0.821082346131547	0.9644978968053008	0.988165965601767	0.670084239873
1.8900000000000001	0.8222297035734608	0.9646432354183232	0.9882144118061077	0.671592418296509
1.9000000000000001	0.8233716961654948	0.9647885740313457	0.9882628580104486	0.6730969797522655
1.9100000000000001	0.8245083287697729	0.9649327244959907	0.9883109081653302	0.6745979068725995
1.9200000000000002	0.8256396064666202	0.9650768749606358	0.9883589583202119	0.6760951825121209
1.9300000000000002	0.8267655345525166	0.9652210254252807	0.9884070084750936	0.6775887897476672
1.9400000000000002	0.827886118538048	0.9653651758899258	0.9884550586299753	0.6790787118782343
1.9500000000000002	0.8290013641458513	0.9655093263545707	0.9885031087848569	0.6805649324248854
1.9600000000000002	0.8301112773085562	0.9656522338567101	0.9885507446189034	0.682047435130641
1.9700000000000002	0.8312158641667253	0.9657951413588494	0.9885983804529498	0.6835262039603506
1.9800000000000002	0.8323151310667884	0.9659380488609887	0.9886460162869962	0.6850012231005418
1.9900000000000002	0.8334090845589759	0.9660809563631281	0.9886936521210427	0.6864724769592562
2.	0.8344977313952499	0.9662238638652674	0.9887412879550891	0.6879399501658595
2.0100000000000002	0.83558107852723	0.9663654757657832	0.9887884919219277	0.6894036275708377
2.02	0.8366591331041223	0.9665070876662991	0.9888356958887664	0.6908634942455738
2.0300000000000002	0.8377319024706414	0.966648699566815	0.988882899855605	0.6923195354821043
2.04	0.8387993941649351	0.966790311467331	0.9889301038224436	0.6937717367928598
2.0500000000000003	0.8398616159165072	0.9669319233678468	0.9889773077892823	0.6952200839103845
2.06	0.8409185756441363	0.9670721892396221	0.989024063079874	0.696664562787042
2.0700000000000003	0.8419702814537995	0.9672124551113974	0.9890708183704657	0.6981051595947004
2.08	0.8430167416365925	0.9673527209831727	0.9891175736610576	0.6995418607243984
2.0900000000000003	0.8440579646666491	0.9674929868549479	0.9891643289516493	0.7009746527859996
2.1	0.8450939591990648	0.9676332527267232	0.989211084242241	0.7024035226078229
2.1100000000000003	0.8461247340678163	0.9677721243857442	0.989257374795248	0.7038284572362613
2.12	0.8471502982836863	0.9679109960447653	0.9893036653482551	0.7052494439353802
2.1300000000000003	0.8481706610321861	0.9680498677037863	0.9893499559012621	0.7066664701865012
2.14	0.8491858316714818	0.9681887393628075	0.9893962464542692	0.7080795236877676
2.1500000000000004	0.8501958197303213	0.9683276110218285	0.9894425370072761	0.709488592353697
2.16	0.8512006349059631	0.9684650425524998	0.9894883475174999	0.7108936643147116
2.1700000000000004	0.8522002870621078	0.9686024740831709	0.9895341580277236	0.7122947279166596
2.18	0.8531947862268311	0.9687399056138422	0.9895799685379474	0.7136917717203157
2.1900000000000004	0.854184142590522	0.9688773371445133	0.9896257790481711	0.7150847845008693
2.2	0.8551683665038196	0.9690147686751845	0.9896715895583948	0.7164737552473938
2.2100000000000004	0.8561474684755579	0.9691507164499679	0.9897169054833226	0.7178586731623043
2.22	0.8571214591707104	0.9692866642247511	0.9897622214082503	0.7192395276607979
2.2300000000000004	0.8580903494083401	0.9694226119995344	0.9898075373331781	0.7206163083702807
2.24	0.8590541501595523	0.9695585597743177	0.9898528532581059	0.721989005129778
2.25	0.8600128725454534	0.969694507549101	0.9898981691830336	0.723357607989332
2.2600000000000002	0.8609665278351115	0.9698289302426125	0.9899429767475375	0.7247221072093849
2.27	0.8619151274435236	0.969963352936124	0.9899877843120413	0.7260824932601472
2.2800000000000002	0.8628586829295858	0.9700977756296356	0.9900325918765451	0.7274387568209518
2.29	0.8637972059940702	0.9702321983231471	0.990077399441049	0.7287908887795961
2.3000000000000003	0.8647307084776064	0.9703666210166587	0.9901222070055529	0.730138880231668
2.31	0.8656592023586667	0.9704994796143674	0.9901664932047891	0.7314827224798605
2.3200000000000003	0.86658269975156	0.9706323382120762	0.9902107794040254	0.7328224070332741
2.33	0.8675012129044283	0.9707651968097849	0.9902550656032616	0.7341579256067009
2.3400000000000003	0.8684147541972529	0.9708980554074936	0.9902993518024978	0.7354892701199042
2.35	0.8693233361398608	0.9710309140052024	0.9903436380017341	0.7368164326968766
2.3600000000000003	0.8702269713699451	0.9711621718068897	0.9903873906022965	0.7381394056650931
2.37	0.8711256726510865	0.971293429608577	0.990431143202859	0.7394581815547475
2.3800000000000003	0.8720194528707819	0.9714246874102643	0.9904748958034214	0.7407727530979785
2.39	0.8729083250384824	0.9715559452119517	0.9905186484039838	0.742083113228083
2.4000000000000004	0.8737923022836371	0.971687203013639	0.9905624010045463	0.7433892550787186
2.41	0.8746713978537437	0.9718168256317908	0.9906056085439302	0.7446911719830946
2.4200000000000004	0.8755456251124066	0.9719464482499425	0.9906488160833141	0.7459888574731504
2.43	0.8764149975374043	0.9720760708680942	0.990692023622698	0.7472823052787253
2.4400000000000004	0.8772795287187609	0.972205693486246	0.990735231162082	0.7485715093267136
2.45	0.8781392323568298	0.9723353161043977	0.9907784387014659	0.7498564637402132
2.4600000000000004	0.8789941222603828	0.9724632714577099	0.9908210904859033	0.7511371628376607
2.47	0.8798442123447077	0.9725912268110223	0.9908637422703407	0.7524136011319572
2.4800000000000004	0.8806895166297151	0.9727191821643345	0.9909063940547782	0.7536857733295836
2.49	0.8815300492380536	0.9728471375176468	0.9909490458392156	0.754953674329706
2.5	0.8823658243932322	0.9729750928709592	0.990991697623653	0.756217299223272
2.5100000000000002	0.8831968564177538	0.9731013511731504	0.9910337837243836	0.757476643292096
2.52	0.8840231597312559	0.9732276094753417	0.991075869825114	0.7587317020079355
2.5300000000000002	0.8848447488486613	0.9733538677775329	0.9911179559258443	0.75998247103156
2.54	0.8856616383783377	0.973480126079724	0.9911600420265747	0.7612289462118069
2.5500000000000003	0.886473843020266	0.9736063843819153	0.9912021281273051	0.7624711235846333
2.56	0.8872813775642201	0.9737309181260432	0.9912436393753477	0.7637089993721549
2.5700000000000003	0.8880842568879533	0.973855451870171	0.9912851506233903	0.7649425699816781
2.58	0.8888824959553966	0.9739799856142988	0.9913266618714329	0.7661718320047253
2.5900000000000003	0.889676109814867	0.9741045193584268	0.9913681731194756	0.7673967822160486
2.6	0.890465113597284	0.9742290531025546	0.9914096843675182	0.7686174175726385
2.6100000000000003	0.8912495225143975	0.9743518370410466	0.9914506123470155	0.7698337352127234
2.62	0.8920293518570255	0.9744746209795384	0.9914915403265128	0.7710457324547618
2.6300000000000003	0.8928046169933019	0.9745974049180304	0.9915324683060102	0.7722534067964267
2.64	0.8935753333669355	0.9747201888565222	0.9915733962855074	0.7734567559135836
2.6500000000000004	0.8943415164954772	0.9748429727950142	0.9916143242650047	0.77465577765926
2.66	0.8951031819686013	0.9749639839156228	0.9916546613052075	0.7758504700626093
2.6700000000000004	0.8958603454463939	0.9750849950362314	0.9916949983454104	0.7770408313278674
2.68	0.8966130226576553	0.9752060061568399	0.9917353353856133	0.7782268598333026
2.6900000000000004	0.8973612293982094	0.9753270172774485	0.9917756724258161	0.7794085541301593
2.7	0.8981049815292284	0.9754480283980571	0.991816009466019	0.7805859129415952
2.7100000000000004	0.8988442949755644	0.9755672458959597	0.9918557486319866	0.781758935161613
2.72	0.8995791857240959	0.9756864633938621	0.9918954877979541	0.7829276198539856
2.7300000000000004	0.9003096698220818	0.9758056808917646	0.9919352269639216	0.784091966251176
2.74	0.9010357633755295	0.9759248983896671	0.9919749661298891	0.7852519737532511
2.7500000000000004	0.901757482547573	0.9760441158875696	0.9920147052958566	0.7864076419267909
2.7600000000000002	0.9024748435568617	0.9761615211338318	0.992053840377944	0.7875589705037916
2.77	0.9031878626759627	0.9762789263800941	0.9920929754600314	0.7887059593805648
2.7800000000000002	0.9038965562297727	0.9763963316263563	0.9921321105421188	0.78984860861663
2.79	0.9046009405939421	0.9765137368726187	0.9921712456242062	0.790986918433605
2.8000000000000003	0.9053010321933116	0.9766311421188809	0.9922103807062936	0.7921208892140882
2.81	0.905996847500358	0.9767467186255108	0.9922489062085036	0.7932505215005409
2.8200000000000003	0.9066884030336558	0.9768622951321405	0.9922874317107134	0.794375815994161
2.83	0.907375715356346	0.9769778716387704	0.9923259572129234	0.7954967735537547
2.8400000000000003	0.9080588010746192	0.9770934481454001	0.9923644827151333	0.7966133951946063
2.85	0.9087376768362122	0.97720902465203	0.9924030082173433	0.7977256820873392
2.8600000000000003	0.9094123593289126	0.9773227580338443	0.9924409193446148	0.7988336355567779
2.87	0.9100828652790776	0.9774364914156587	0.9924788304718862	0.7999372570808042
2.8800000000000003	0.9107492114501657	0.9775502247974731	0.9925167415991577	0.8010365482892112
2.89	0.9114114146412784	0.9776639581792874	0.9925546527264292	0.8021315109625532
2.9000000000000004	0.9120694916857143	0.9777776915611018	0.9925925638537006	0.8032221470309927
2.91	0.9127234594495385	0.9778895694946353	0.9926298564982118	0.804308458573146
2.9200000000000004	0.9133733348301581	0.9780014474281689	0.992667149142723	0.8053904478149241
2.93	0.9140191347549163	0.9781133253617024	0.9927044417872342	0.8064681171283719
2.9400000000000004	0.9146608761796927	0.978225203295236	0.9927417344317454	0.8075414690305056
2.95	0.9152985760875225	0.9783370812287695	0.9927790270762565	0.808610506182147
2.9600000000000004	0.9159322514872212	0.9784470934084487	0.9928156978028163	0.8096752313867558
2.97	0.9165619194120255	0.978557105588128	0.9928523685293761	0.8107356475892601
2.9800000000000004	0.9171875969182464	0.9786671177678072	0.9928890392559357	0.8117917578748851
2.99	0.9178093010839322	0.9787771299474866	0.9929257099824955	0.8128435654679803
3.0000000000000004	0.9184270490075478	0.9788871421271658	0.9929623807090553	0.8138910737308443
3.0100000000000002	0.9190408578066611	0.9789952802189745	0.9929984267396582	0.8149342861625498
3.02	0.9196507446166458	0.9791034183107834	0.9930344727702611	0.8159732063977644
3.0300000000000002	0.9202567265893958	0.9792115564025923	0.993070518800864	0.8170078382055745
3.04	0.920858820892051	0.9793196944944011	0.9931065648314671	0.8180381854883039
3.0500000000000003	0.9214570447057349	0.97942783258621	0.99314261086207	0.8190642522803349
3.06	0.9220514152243068	0.9795340901790682	0.9931780300596894	0.8200860427469262
3.0700000000000003	0.9226419496531238	0.9796403477719263	0.9932134492573087	0.8211035611830314
3.08	0.9232286652078177	0.9797466053647845	0.9932488684549281	0.8221168120121174
3.0900000000000003	0.9238115791130809	0.9798528629576426	0.9932842876525475	0.823125799784981
3.1	0.9243907086014689	0.9799591205505008	0.9933197068501669	0.8241305291785672
3.1100000000000003	0.9249660709122106	0.9800634931055751	0.9933544977018584	0.8251310049947848
3.12	0.9255376832900357	0.9801678656606494	0.9933892885535498	0.8261272321593247
3.1300000000000003	0.9261055629840087	0.9802722382157236	0.9934240794052411	0.8271192157204772
3.14	0.9266697272463807	0.980376610770798	0.9934588702569326	0.8281069608479488
3.1500000000000004	0.9272301933314506	0.9804809833258722	0.993493661108624	0.8290904728316805
3.16	0.927786978494438	0.9805834681240366	0.9935278227080122	0.8300697570806661
3.1700000000000004	0.9283400999903708	0.9806859529222011	0.9935619843074004	0.8310448191217717
3.18	0.9288895750729825	0.9807884377203655	0.9935961459067885	0.8320156645985547
3.1900000000000004	0.9294354209936238	0.98089092251853	0.9936303075061766	0.8329822992700844
3.2	0.9299776550001846	0.9809934073166945	0.9936644691055648	0.8339447290097645
3.2100000000000004	0.9305162943360291	0.9810940034043512	0.9936980011347837	0.8349029598041544
3.22	0.9310513562389433	0.9811945994920078	0.9937315331640026	0.8358569977517941
3.2300000000000004	0.9315828579400942	0.9812951955796646	0.9937650651932215	0.8368068490620292
3.24	0.9321108166629998	0.9813957916673213	0.9937985972224405	0.8377525200538358
3.2500000000000004	0.9326352496225149	0.9814963877549779	0.9938321292516593	0.8386940171546509
3.2600000000000002	0.9331561740238234	0.9815950958884452	0.9938650319628151	0.8396313468991997
3.27	0.9336736070614486	0.9816938040219123	0.9938979346739707	0.8405645159283286
3.2800000000000002	0.9341875659182707	0.9817925121553795	0.9939308373851264	0.8414935309878377
3.29	0.934698067764558	0.9818912202888467	0.9939637400962822	0.8424183989273153
3.3000000000000003	0.9352051297570104	0.9819899284223139	0.9939966428074379	0.8433391266989755
3.31	0.9357087690378157	0.9820867510109837	0.9940289170036612	0.8442557213564973
3.3200000000000003	0.9362090027337132	0.9821835735996535	0.9940611911998846	0.8451681900538655
3.33	0.9367058479550755	0.9822803961883232	0.9940934653961078	0.846076540044215
3.3400000000000003	0.9371993217949968	0.982377218776993	0.9941257395923311	0.8469807786786769
3.35	0.9376894413283957	0.9824740413656627	0.9941580137885543	0.8478809134052255
3.3600000000000003	0.9381762236111276	0.982569098891325	0.9941896996304417	0.8487769517675315
3.37	0.9386596856791127	0.9826641564169876	0.9942213854723292	0.8496689014038146
3.3800000000000003	0.9391398445474693	0.98275921394265	0.9942530713142167	0.8505567700456994
3.39	0.9396167172096643	0.9828542714683124	0.9942847571561041	0.851440565517077
3.4000000000000004	0.9400903206366729	0.9829493289939748	0.9943164429979916	0.8523202957329648
3.41	0.9405606717761482	0.983042393458561	0.994347464486187	0.8531959686983734
3.4200000000000004	0.9410277875516062	0.9831354579231474	0.9943784859743825	0.8540675925071748
3.43	0.9414916848616173	0.9832285223877336	0.994409507462578	0.8549351753409732
3.4400000000000004	0.9419523805790129	0.9833215868523199	0.9944405289507733	0.8557987254679807
3.45	0.9424098915501015	0.9834146513169061	0.9944715504389687	0.8566582512418954
3.4600000000000004	0.942864234593896	0.9835058466733357	0.994501948891112	0.857513761100783
3.47	0.9433154265013522	0.9835970420297655	0.9945323473432552	0.8583652635659613
3.4800000000000004	0.9437634840346196	0.9836882373861952	0.9945627457953984	0.85921276724089
3.49	0.9442084239263011	0.9837794327426249	0.9945931442475416	0.860056280810062
3.5000000000000004	0.9446502628787243	0.9838706280990546	0.9946235426996849	0.8608958130379006
3.5100000000000002	0.9450890175632258	0.9839598484411576	0.9946532828137192	0.8617313727676579
3.5200000000000005	0.9455247046194428	0.9840490687832605	0.9946830229277535	0.8625629689203201
3.5300000000000002	0.9459573406546187	0.9841382891253635	0.9947127630417878	0.863390610493514
3.54	0.9463869422429175	0.9842275094674664	0.9947425031558221	0.8642143065604188
3.5500000000000003	0.9468135259247482	0.9843167298095694	0.9947722432698565	0.865034066268683
3.56	0.9472371082061042	0.9844042145790244	0.9948014048596747	0.8658498988393425
3.5700000000000003	0.9476577055579062	0.9844916993484794	0.9948305664494931	0.8666618135657459
3.58	0.9480753344153618	0.9845791841179343	0.9948597280393114	0.8674698198124821
3.5900000000000003	0.9484900111773333	0.9846666688873893	0.9948888896291297	0.8682739270143133
3.6	0.9489017522057146	0.9847541536568443	0.994918051218948	0.8690741446751122
3.6100000000000003	0.9493105738248198	0.984839798762142	0.9949465995873807	0.8698704823668032
3.62	0.9497164923207818	0.9849254438674397	0.9949751479558133	0.8706629497283077
3.6300000000000003	0.9501195239409618	0.9850110889727374	0.9950036963242458	0.8714515564644958
3.64	0.9505196848933667	0.985096734078035	0.9950322446926784	0.8722363123451412
3.6500000000000004	0.9509169913460794	0.9851823791833327	0.995060793061111	0.8730172272038793
3.66	0.9513114594266969	0.9852661969498829	0.9950887323166276	0.8737943109371743
3.6700000000000004	0.9517031052217788	0.9853500147164331	0.9951166715721445	0.8745675735032865
3.68	0.9520919447763065	0.9854338324829833	0.9951446108276611	0.8753370249212474
3.6900000000000004	0.9524779940931514	0.9855176502495336	0.995172550083178	0.8761026752698381
3.7	0.9528612691325526	0.9856014680160838	0.9952004893386946	0.8768645346865731
3.7100000000000004	0.9532417858116051	0.9856834719454243	0.9952278239818081	0.8776226133666897
3.72	0.9536195600037572	0.9857654758747647	0.9952551586249215	0.8783769215621418
3.7300000000000004	0.9539946075383169	0.9858474798041051	0.9952824932680351	0.879127469580598
3.74	0.9543669441999683	0.9859294837334455	0.9953098279111485	0.8798742677844459
3.7500000000000004	0.9547365857282974	0.9860114876627859	0.995337162554262	0.880617326589803
3.7600000000000002	0.9551035478173263	0.9860916923726576	0.9953638974575525	0.881356656465528
3.7700000000000005	0.955467846115059	0.9861718970825294	0.9953906323608431	0.8820922679322422
3.7800000000000002	0.9558294962230325	0.9862521017924011	0.9954173672641337	0.8828241715613544
3.79	0.9561885136958808	0.9863323065022728	0.9954441021674242	0.8835523779740905
3.8000000000000003	0.9565449140409065	0.9864125112121446	0.9954708370707148	0.8842768978405292
3.81	0.9568987127176591	0.9864909323769794	0.9954969774589931	0.8849977418786422
3.8200000000000003	0.9572499251375272	0.9865693535418142	0.9955231178472714	0.8857149208533416
3.83	0.9575985666633344	0.986647774706649	0.9955492582355497	0.8864284455755312
3.8400000000000003	0.9579446526089465	0.9867261958714838	0.9955753986238279	0.8871383269011628
3.85	0.9582881982388882	0.9868046170363186	0.9956015390121062	0.8878445757303
3.8600000000000003	0.958629218767965	0.9868812713282592	0.995627090442753	0.888547203006186
3.87	0.9589677293608982	0.9869579256201998	0.9956526418733999	0.8892462197143178
3.8800000000000003	0.9593037451319644	0.9870345799121403	0.9956781933040467	0.8899416368815247
3.89	0.9596372811446445	0.9871112342040809	0.9957037447346936	0.8906334655750542
3.9000000000000004	0.9599683524112836	0.9871878884960215	0.9957292961653404	0.8913217169016627
3.91	0.9602969738927551	0.9872627935265896	0.9957542645088633	0.8920064020067112
3.9200000000000004	0.9606231604981352	0.9873376985571577	0.9957792328523859	0.8926875320732682
3.93	0.9609469270843852	0.9874126035877259	0.9958042011959086	0.8933651183212167
3.9400000000000004	0.9612682884560425	0.9874875086182939	0.9958291695394313	0.8940391720063687
3.95	0.9615872593649177	0.9875624136488621	0.9958541378829541	0.8947097044195836
3.9600000000000004	0.9619038545098018	0.9876355879113807	0.9958785293037935	0.8953767268858946
3.97	0.9622180885361792	0.9877087621738995	0.9959029207246332	0.8960402507636384
3.9800000000000004	0.9625299760359493	0.9877819364364181	0.9959273121454727	0.8967002874435922
3.99	0.9628395315471568	0.9878551106989368	0.9959517035663122	0.8973568483481178
4.	0.9631467695537271	0.9879282849614555	0.9959760949871518	0.8980099449303081
4.010000000000001	0.963451704485213	0.9879997477743239	0.9959999159247747	0.898659588673143
4.0200000000000005	0.9637543507165435	0.9880712105871923	0.9960237368623974	0.8993057910886493
4.03	0.9640547225677855	0.9881426734000607	0.9960475578000202	0.8999485637170666
4.04	0.9643528343039095	0.9882141362129291	0.9960713787376431	0.9005879181260205
4.05	0.964648700134563	0.9882855990257975	0.9960951996752658	0.9012238659096995
4.0600000000000005	0.9649423342138517	0.9883553704767093	0.9961184568255698	0.9018564186880401
4.07	0.9652337506401275	0.9884251419276211	0.9961417139758737	0.9024855881059161
4.08	0.9655229634557845	0.9884949133785329	0.9961649711261776	0.9031113858323359
4.09	0.9658099866470583	0.9885646848294448	0.9961882282764816	0.9037338235596429
4.1000000000000005	0.9660948341438382	0.9886344562803566	0.9962114854267855	0.9043529130027254
4.11	0.9663775198194804	0.9887025571715456	0.9962341857238485	0.9049686658982287
4.12	0.966658057490631	0.9887706580627347	0.9962568860209116	0.905581094003777
4.13	0.9669364609170562	0.9888387589539236	0.9962795863179745	0.9061902090971989
4.140000000000001	0.9672127438014757	0.9889068598451126	0.9963022866150375	0.906796022975759
4.15	0.9674869197894067	0.9889749607363015	0.9963249869121005	0.9073985474553964
4.16	0.9677590024690119	0.9890414125308896	0.9963471375102965	0.9079977943699697
4.17	0.9680290053709545	0.9891078643254778	0.9963692881084926	0.9085937755705066
4.180000000000001	0.9682969419682593	0.989174316120066	0.9963914387066887	0.9091865029244601
4.19	0.9685628256761802	0.9892407679146542	0.9964135893048847	0.909775988314971
4.2	0.9688266698520742	0.9893072197092424	0.9964357399030808	0.9103622436401366
4.21	0.9690884877952807	0.9893720444787604	0.9964573481595868	0.9109452808122854
4.220000000000001	0.9693482927470087	0.9894368692482783	0.9964789564160927	0.9115251117572569
4.23	0.9696060978902264	0.9895016940177963	0.9965005646725987	0.9121017484136884
4.24	0.9698619163495598	0.9895665187873143	0.9965221729291047	0.9126752027323084
4.25	0.9701157611911976	0.9896313435568322	0.9965437811856107	0.9132454866752343
4.260000000000001	0.9703676454227983	0.9896945639299727	0.9965648546433242	0.913812612215278
4.2700000000000005	0.9706175819934069	0.9897577843031131	0.9965859281010377	0.914376591335256
4.28	0.9708655837933737	0.9898210046762536	0.9966070015587513	0.9149374360273063
4.29	0.9711116636542828	0.989884225049394	0.9966280750164647	0.9154951582922116
4.3	0.9713558343488804	0.9899474454225344	0.9966491484741782	0.9160497701387287
4.3100000000000005	0.9715981085910159	0.990009084535194	0.9966696948450647	0.9166012835829215
4.32	0.971838499035581	0.9900707236478536	0.9966902412159513	0.9171497106475045
4.33	0.9720770182784584	0.9901323627605132	0.9967107875868377	0.9176950633611877
4.34	0.972313678856476	0.9901940018731727	0.9967313339577243	0.9182373537580303
4.3500000000000005	0.9725484932473623	0.9902556409858324	0.9967518803286108	0.9187765938768001
4.36	0.9727814738697126	0.9903157224324906	0.9967719074774969	0.9193127957603376
4.37	0.9730126330829543	0.9903758038791488	0.9967919346263829	0.9198459714549273
4.38	0.9732419831873225	0.9904358853258071	0.9968119617752691	0.9203761330096748
4.390000000000001	0.9734695364238365	0.9904959667724652	0.9968319889241551	0.9209032924758892
4.4	0.9736953049742832	0.9905560482191235	0.9968520160730412	0.9214274619064722
4.41	0.9739193009612049	0.9906145960056	0.9968715320018667	0.9219486533553128
4.42	0.9741415364478911	0.9906731437920764	0.9968910479306922	0.9224668788766874
4.430000000000001	0.9743620234383761	0.9907316915785528	0.9969105638595176	0.9229821505246675
4.44	0.9745807738774406	0.9907902393650292	0.9969300797883431	0.9234944803525303
4.45	0.9747977996506164	0.9908487871515056	0.9969495957171686	0.9240038804121797
4.46	0.9750131125841999	0.9909058256491318	0.9969686085497106	0.9245103627535676
4.470000000000001	0.975226724445264	0.9909628641467578	0.9969876213822526	0.9250139394241261
4.48	0.975438646941679	0.991019902644384	0.9970066342147946	0.9255146224682027
4.49	0.9756488917221365	0.9910769411420102	0.9970256470473368	0.9260124239265013
4.5	0.9758574703761754	0.9911339796396363	0.9970446598798788	0.9265073558355309
4.510000000000001	0.976064394434216	0.9911895335408722	0.9970631778469574	0.9269994302270584
4.5200000000000005	0.9762696753675939	0.9912450874421083	0.997081695814036	0.9274886591275678
4.53	0.9764733245886028	0.9913006413433442	0.9971002137811147	0.9279750545577248
4.54	0.9766753534505351	0.9913561952445801	0.9971187317481933	0.9284586285318477
4.55	0.9768757732477336	0.991411749145816	0.997137249715272	0.9289393930573838
4.5600000000000005	0.97707459521564	0.9914658434213354	0.997155281140445	0.9294173601343912
4.57	0.9772718305308523	0.9915199376968548	0.9971733125656183	0.9298925417550267
4.58	0.9774674903111846	0.9915740319723741	0.9971913439907913	0.9303649499030392
4.59	0.9776615856157286	0.9916281262478936	0.9972093754159645	0.9308345965532684
4.6000000000000005	0.9778541274449211	0.991682220523413	0.9972274068411376	0.9313014936711502
4.61	0.9780451267406148	0.9917348803806766	0.9972449601268922	0.9317656532122268
4.62	0.9782345943861513	0.9917875402379402	0.9972625134126467	0.9322270871216617
4.63	0.9784225412064383	0.9918402000952039	0.9972800666984013	0.9326858073337622
4.640000000000001	0.978608977968031	0.9918928599524675	0.9972976199841558	0.933141825771506
4.65	0.9787939153792159	0.9919455198097311	0.9973151732699104	0.9335951543460735
4.66	0.9789773640900973	0.9919967706530617	0.9973322568843539	0.9340458049563869
4.67	0.9791593346926888	0.9920480214963923	0.9973493404987974	0.934493789488652
4.680000000000001	0.9793398377210066	0.992099272339723	0.997366424113241	0.9349391198159083
4.69	0.9795188836511671	0.9921505231830535	0.9973835077276845	0.9353818077975835
4.7	0.9796964829014855	0.9922017740263841	0.997400591342128	0.9358218652790526
4.71	0.97987264583258	0.9922516414185526	0.9974172138061842	0.9362593040912038
4.720000000000001	0.9800473827474777	0.9923015088107211	0.9974338362702403	0.9366941360500086
4.73	0.980220703891723	0.9923513762028895	0.9974504587342965	0.9371263729560981
4.74	0.9803926194534898	0.992401243595058	0.9974670811983526	0.9375560265943438
4.75	0.9805631395636959	0.9924511109872265	0.9974837036624088	0.9379831087334441
4.760000000000001	0.9807322742961213	0.9924996206125537	0.9974998735375179	0.9384076311255173
4.7700000000000005	0.9809000336675263	0.9925481302378808	0.9975160434126269	0.9388296055056969
4.78	0.9810664276377772	0.992596639863208	0.997532213287736	0.939249043591735
4.79	0.9812314661099695	0.9926451494885351	0.997548383162845	0.9396659570836089
4.800000000000001	0.9813951589305571	0.9926936591138623	0.9975645530379541	0.9400803576631355
4.8100000000000005	0.981557515889482	0.9927408367428364	0.9975802789142788	0.9404922569935863
4.82	0.9817185467203088	0.9927880143718105	0.9975960047906035	0.9409016667193129
4.83	0.9818782611003591	0.9928351920007846	0.9976117306669282	0.9413085984653733
4.84	0.9820366686508494	0.9928823696297588	0.9976274565432529	0.9417130638371656
4.8500000000000005	0.9821937789370321	0.992929547258733	0.9976431824195776	0.9421150744200661
4.86	0.982349601468338	0.9929754187141396	0.9976584729047132	0.9425146417790723
4.87	0.9825041456985205	0.9930212901695464	0.9976737633898488	0.9429117774584503
4.88	0.9826574210258024	0.9930671616249531	0.9976890538749843	0.9433064929813891
4.890000000000001	0.9828094367930277	0.9931130330803599	0.9977043443601199	0.9436987998496577
4.9	0.9829602022878089	0.9931589045357666	0.9977196348452555	0.9440887095432677
4.91	0.983109726742684	0.9932034956603236	0.9977344985534412	0.9444762335201415
4.92	0.9832580193352699	0.9932480867848805	0.9977493622616269	0.9448613832157852
4.930000000000001	0.9834050891884207	0.9932926779094374	0.9977642259698125	0.9452441700429649
4.94	0.9835509453703875	0.9933372690339944	0.9977790896779982	0.9456246053913897
4.95	0.983695596894978	0.9933818601585513	0.9977939533861838	0.9460027006273984
4.96	0.983839052721722	0.9934251967840366	0.9978083989280122	0.946378467093651
4.970000000000001	0.9839813217560345	0.9934685334095218	0.9978228444698406	0.946751916108825
4.98	0.9841224128493841	0.993511870035007	0.997837290011669	0.9471230589673174
4.99	0.9842623347994601	0.9935552066604922	0.9978517355534974	0.9474919069389485
5.	0.9844010963503446	0.9935985432859774	0.9978661810953258	0.9478584712686732
5.010000000000001	0.9845387061926817	0.9936406512038376	0.9978802170679458	0.9482227631762967
5.0200000000000005	0.9846751729638538	0.9936827591216978	0.9978942530405659	0.9485847938561927
5.03	0.9848105052481552	0.993724867039558	0.997908289013186	0.948944574477027
5.04	0.9849447115769691	0.9937669749574181	0.997922324985806	0.9493021161814875
5.050000000000001	0.9850778004289464	0.9938090828752782	0.9979363609584261	0.9496574300860162
5.0600000000000005	0.9852097802301849	0.9938499878086993	0.997949995936233	0.9500105272805468
5.07	0.9853406593544101	0.9938908927421204	0.9979636309140401	0.9503614188282448
5.08	0.9854704461231578	0.9939317976755415	0.9979772658918471	0.9507101157652567
5.09	0.9855991488059584	0.9939727026089625	0.9979909008696541	0.9510566291004582
5.1000000000000005	0.9857267756205228	0.9940136075423837	0.9980045358474612	0.95140096981521
5.11	0.9858533347329269	0.9940533351198042	0.9980177783732681	0.9517431488631161
5.12	0.985978834257801	0.9940930626972247	0.9980310208990749	0.9520831771697877
5.13	0.9861032822585185	0.9941327902746453	0.9980442634248817	0.9524210656326111
5.140000000000001	0.9862266867473853	0.9941725178520658	0.9980575059506887	0.9527568251205186
5.15	0.9863490556858324	0.9942122454294864	0.9980707484764955	0.9530904664737649
5.16	0.986470396984607	0.994250821159531	0.998083607053177	0.9534220005037078
5.17	0.986590718503967	0.9942893968895756	0.9980964656298585	0.9537514379925909
5.180000000000001	0.986710028053875	0.9943279726196201	0.9981093242065401	0.9540787896933334
5.19	0.9868283333941944	0.9943665483496648	0.9981221827832216	0.9544040663293212
5.2	0.9869456422348855	0.9944051240797094	0.9981350413599032	0.9547272785942045
5.21	0.9870619622362031	0.9944425733275175	0.9981475244425059	0.9550484371516971
5.220000000000001	0.9871773010088958	0.9944800225753258	0.9981600075251086	0.9553675526353806
5.23	0.9872916661144041	0.994517471823134	0.9981724906077113	0.9556846356485139
5.24	0.987405065065061	0.9945549210709422	0.9981849736903141	0.9559996967638437
5.25	0.9875175053242943	0.9945923703187505	0.9981974567729168	0.9563127465234215
5.260000000000001	0.9876289943068268	0.9946287182836746	0.9982095727612249	0.9566237954384229
5.2700000000000005	0.9877395393788793	0.9946650662485989	0.998221688749533	0.9569328539889713
5.28	0.9878491478583749	0.994701414213523	0.998233804737841	0.957239932623966
5.29	0.9879578270151421	0.9947377621784472	0.998245920726149	0.9575450417609124
5.300000000000001	0.9880655840711202	0.9947741101433714	0.9982580367144571	0.9578481917857568
5.3100000000000005	0.9881724262005643	0.9948093818380144	0.9982697939460048	0.9581493930527258
5.32	0.9882783605302515	0.9948446535326573	0.9982815511775525	0.9584486558841677
5.33	0.9883833941396886	0.9948799252273002	0.9982933084091	0.9587459905703989
5.34	0.9884875340613166	0.9949151969219432	0.9983050656406477	0.9590414073695528
5.3500000000000005	0.988590787280722	0.9949504686165861	0.9983168228721954	0.9593349165074326
5.36	0.988693160736843	0.9949846888471486	0.9983282296157162	0.9596265281773689
5.37	0.9887946613221783	0.9950189090777114	0.9983396363592372	0.9599162525400784
5.38	0.9888952958829975	0.995053129308274	0.998351043102758	0.9602040997235282
5.390000000000001	0.9889950712195499	0.9950873495388367	0.998362449846279	0.9604900798228023
5.4	0.9890939940862752	0.9951215697693994	0.9983738565897998	0.9607742028999721
5.41	0.9891920711920139	0.9951547631173068	0.9983849210391023	0.9610564789839703
5.42	0.9892893092002178	0.9951879564652142	0.9983959854884048	0.9613369180704675
5.430000000000001	0.9893857147291625	0.9952211498131217	0.9984070499377072	0.9616155301217532
5.44	0.9894812943521575	0.9952543431610291	0.9984181143870098	0.9618923250666186
5.45	0.9895760545977592	0.9952875365089365	0.9984291788363122	0.9621673128002446
5.46	0.9896700019499824	0.9953197273137088	0.9984399091045696	0.9624405031840912
5.470000000000001	0.989763142848514	0.9953519181184811	0.9984506393728271	0.9627119060457916
5.48	0.9898554836889237	0.9953841089232534	0.9984613696410845	0.962981531179048
5.49	0.9899470308228785	0.9954162997280256	0.9984720999093419	0.9632493883435314
5.5	0.9900377905583548	0.9954484905327978	0.9984828301775993	0.9635154872647852
5.510000000000001	0.9901277691598535	0.9954797028761322	0.9984932342920441	0.9637798376341302
5.5200000000000005	0.9902169728486102	0.9955109152194666	0.9985036384064888	0.9640424491085744
5.53	0.9903054078028116	0.9955421275628009	0.9985140425209336	0.9643033313107243
5.54	0.990393080157808	0.9955733399061353	0.9985244466353784	0.9645624938287003
5.550000000000001	0.990479996006327	0.9956045522494696	0.9985348507498232	0.9648199462160544
5.5600000000000005	0.9905661613986875	0.9956348099404991	0.9985449366468331	0.9650756979916918
5.57	0.9906515823430128	0.9956650676315285	0.9985550225438429	0.9653297586397934
5.58	0.9907362648054467	0.9956953253225579	0.9985651084408527	0.9655821376097445
5.59	0.9908202147103645	0.9957255830135873	0.9985751943378625	0.9658328443160619
5.6000000000000005	0.990903437940588	0.9957558407046166	0.9985852802348723	0.966081888138329
5.61	0.9909859403376001	0.9957851672663084	0.9985950557554361	0.9663292784211289
5.62	0.9910677277017582	0.9958144938280002	0.9986048312760001	0.9665750244739827
5.63	0.991148805792507	0.995843820389692	0.998614606796564	0.966819135571292
5.640000000000001	0.991229180328593	0.9958731469513838	0.9986243823171279	0.9670616209522799
5.65	0.9913088569882783	0.9959024735130756	0.9986341578376918	0.9673024898209386
5.66	0.9913878414095533	0.9959308921697347	0.9986436307232449	0.9675417513459779
5.67	0.9914661391903505	0.9959593108263939	0.9986531036087979	0.9677794146607763
5.680000000000001	0.991543755888757	0.9959877294830529	0.998662576494351	0.9680154888633361
5.69	0.9916206970232286	0.9960161481397121	0.998672049379904	0.9682499830162379
5.7	0.991696968072801	0.9960445667963712	0.998681522265457	0.9684829061466016
5.71	0.9917725744773045	0.9960721004622106	0.9986907001540702	0.9687142672460484
5.720000000000001	0.991847521637574	0.9960996341280499	0.9986998780426833	0.9689440752706625
5.73	0.9919218149156631	0.9961271677938893	0.9987090559312964	0.9691723391409605
5.74	0.9919954596350551	0.9961547014597287	0.9987182338199097	0.969399067741859
5.75	0.992068461080875	0.9961822351255681	0.9987274117085227	0.9696242699226466
5.760000000000001	0.9921408245001005	0.9962089063943096	0.9987363021314365	0.9698479544969569
5.7700000000000005	0.9922125551017735	0.996235577663051	0.9987451925543503	0.9700701302427461
5.78	0.9922836580572104	0.9962622489317926	0.9987540829772642	0.970290805902271
5.79	0.9923541385002131	0.9962889202005341	0.998762973400178	0.9705099901820695
5.800000000000001	0.9924240015272796	0.9963155914692755	0.9987718638230918	0.9707276917529439
5.8100000000000005	0.9924932521978118	0.9963414226047438	0.9987804742015812	0.9709439192499475
5.82	0.9925618955343279	0.996367253740212	0.9987890845800707	0.97115868127237
5.83	0.9926299365226691	0.9963930848756801	0.9987976949585601	0.9713719863837296
5.84	0.9926973801122094	0.9964189160111483	0.9988063053370494	0.9715838431117639
5.8500000000000005	0.9927642312160636	0.9964447471466165	0.9988149157155388	0.9717942599484242
5.86	0.992830494711296	0.9964697600742884	0.9988232533580962	0.9720032453498719
5.87	0.9928961754391263	0.9964947730019603	0.9988315910006534	0.9722108077364775
5.88	0.9929612782051386	0.9965197859296323	0.9988399286432108	0.9724169554928197
5.890000000000001	0.9930258077794869	0.9965447988573043	0.9988482662857681	0.9726216969676897
5.9	0.9930897688971013	0.9965698117849763	0.9988566039283254	0.9728250404740947
5.91	0.9931531662578946	0.9965940280844497	0.99886467602815	0.9730269942892646
5.92	0.9932160045269667	0.9966182443839232	0.9988727481279744	0.9732275666546606
5.930000000000001	0.9932782883348096	0.9966424606833967	0.9988808202277989	0.9734267657759866
5.94	0.9933400222775124	0.9966666769828701	0.9988888923276235	0.9736245998232003
5.95	0.9934012109169637	0.9966908932823436	0.9988969644274479	0.9738210769305281
5.96	0.9934618587810569	0.9967143341806863	0.9989047780602287	0.9740162051964821
5.970000000000001	0.9935219703638911	0.996737775079029	0.9989125916930096	0.9742099926838771
5.98	0.9935815501259746	0.9967612159773717	0.9989204053257905	0.974402447419851
5.99	0.9936406024944258	0.9967846568757144	0.9989282189585714	0.9745935773958868
6.	0.9936991318631753	0.9968080977740571	0.9989360325913523	0.9747833905678361
6.010000000000001	0.9937571425931658	0.9968307841400005	0.9989435947133335	0.9749718948559437
6.0200000000000005	0.9938146390125521	0.9968534705059439	0.9989511568353147	0.9751590981448756
6.03	0.9938716254169011	0.9968761568718874	0.9989587189572958	0.9753450082837469
6.04	0.993928106069391	0.9968988432378307	0.9989662810792769	0.9755296330861537
6.050000000000001	0.9939840852010079	0.9969215296037741	0.998973843201258	0.9757129803302029
6.0600000000000005	0.9940395670107457	0.996943481942715	0.9989811606475716	0.9758950577585488
6.07	0.9940945556658026	0.9969654342816558	0.9989884780938852	0.9760758730784258
6.08	0.9941490553017763	0.9969873866205967	0.9989957955401989	0.9762554339616876
6.09	0.9942030700228616	0.9970093389595376	0.9990031129865125	0.9764337480448445
6.1000000000000005	0.9942566039020443	0.9970312912984785	0.9990104304328261	0.976610822929104
6.11	0.9943096609812974	0.9970525297482518	0.999017509916084	0.9767866661804129
6.12	0.9943622452717735	0.9970737681980251	0.9990245893993417	0.9769612853294994
6.13	0.9944143607539995	0.9970950066477984	0.9990316688825994	0.9771346878719191
6.140000000000001	0.9944660113780678	0.9971162450975717	0.9990387483658573	0.9773068812681008
6.15	0.9945172010638303	0.997137483547345	0.999045827849115	0.9774778729433933
6.16	0.994567933701088	0.997158027874733	0.9990526759582443	0.9776476702881157
6.17	0.9946182131497824	0.9971785722021208	0.9990595240673736	0.9778162806576077
6.180000000000001	0.9946680432401859	0.9971991165295087	0.999066372176503	0.9779837113722805
6.19	0.9947174277730906	0.9972196608568965	0.9990732202856322	0.978149969717671
6.2	0.9947663705199976	0.9972402051842844	0.9990800683947615	0.9783150629444968
6.21	0.9948148752233041	0.9972600747822252	0.9990866915940751	0.9784789982687105
6.220000000000001	0.9948629455964911	0.9972799443801662	0.9990933147933888	0.9786417828715589
6.23	0.9949105853243103	0.9972998139781071	0.9990999379927024	0.9788034238996399
6.24	0.99495779806297	0.997319683576048	0.999106561192016	0.9789639284649636
6.25	0.9950045874403187	0.9973395531739889	0.9991131843913297	0.9791233036450125
6.260000000000001	0.9950509570560331	0.9973587670594533	0.9991195890198177	0.9792815564828043
6.2700000000000005	0.9950969104817963	0.9973779809449176	0.9991259936483058	0.9794386939869552
6.28	0.9951424512614874	0.9973971948303819	0.9991323982767939	0.9795947231317448
6.29	0.9951875829113573	0.9974164087158461	0.999138802905282	0.9797496508571812
6.300000000000001	0.9952323089202162	0.9974356226013105	0.9991452075337701	0.9799034840690691
6.3100000000000005	0.9952766327496093	0.9974541994138075	0.9991513998046024	0.980056229639078
6.32	0.995320557834	0.9974727762263047	0.9991575920754349	0.98020789440481
6.33	0.9953640875809479	0.9974913530388019	0.9991637843462673	0.9803584851698719
6.34	0.9954072253712881	0.997509929851299	0.9991699766170996	0.9805080087039454
6.3500000000000005	0.995449974559309	0.9975285066637962	0.999176168887932	0.9806564717428605
6.36	0.9954923384729273	0.9975464646644812	0.9991821548881603	0.9808038809886692
6.37	0.9955343204138686	0.9975644226651661	0.9991881408883887	0.9809502431097186
6.38	0.9955759236578375	0.9975823806658509	0.999194126888617	0.9810955647407281
6.390000000000001	0.9956171514546979	0.9976003386665359	0.9992001128888452	0.9812398524828657
6.4	0.9956580070286423	0.9976182966672207	0.9992060988890735	0.9813831129038249
6.41	0.9956984935783686	0.9976356537385658	0.9992118845795219	0.9815253525379035
6.42	0.9957386142772492	0.9976530108099109	0.9992176702699702	0.9816665778860834
6.430000000000001	0.9957783722735066	0.9976703678812561	0.9992234559604186	0.9818067954161112
6.44	0.9958177706903807	0.9976877249526012	0.999229241650867	0.9819460115625777
6.45	0.9958568126263011	0.9977050820239464	0.9992350273413154	0.982084232727003
6.46	0.9958955011550557	0.9977218556699491	0.9992406185566497	0.9822214652779171
6.470000000000001	0.9959338393259599	0.9977386293159517	0.9992462097719839	0.9823577155509449
6.48	0.9959718301640234	0.9977554029619544	0.9992518009873181	0.9824929898488908
6.49	0.9960094766701177	0.997772176607957	0.9992573922026523	0.9826272944418234
6.5	0.9960467818211427	0.9977889502539597	0.9992629834179866	0.982760635567164
6.510000000000001	0.9960837485701918	0.9978051576008523	0.9992683858669508	0.9828930194297714
6.5200000000000005	0.9961203798467164	0.997821364947745	0.9992737883159151	0.9830244522020307
6.53	0.9961566785566894	0.9978375722946375	0.9992791907648793	0.9831549400239434
6.54	0.9961926475827697	0.9978537796415302	0.9992845932138434	0.9832844890032139
6.550000000000001	0.9962282897844633	0.9978699869884228	0.9992899956628076	0.9834131052153425
6.5600000000000005	0.9962636079982845	0.997885644785857	0.999295214928619	0.9835407947037148
6.57	0.9962986050379173	0.9979013025832911	0.9993004341944304	0.9836675634796939
6.58	0.9963332836943758	0.9979169603807253	0.9993056534602418	0.9837934175227109
6.590000000000001	0.9963676467361609	0.9979326181781595	0.9993108727260531	0.9839183627803615
6.6000000000000005	0.996401696909422	0.9979482759755937	0.9993160919918646	0.984042405168496
6.61	0.9964354369381114	0.9979634005982685	0.9993211335327561	0.9841655505713147
6.62	0.9964688695241435	0.9979785252209432	0.9993261750736477	0.9842878048414642
6.63	0.9965019973475482	0.9979936498436179	0.9993312166145393	0.9844091738001303
6.640000000000001	0.996534823066628	0.9980087744662928	0.9993362581554309	0.9845296632371358
6.65	0.996567349318112	0.9980238990889675	0.9993412996963225	0.9846492789110373
6.66	0.9965995787173081	0.9980385065386734	0.9993461688462245	0.984768026549221
6.67	0.996631513858257	0.9980531139883795	0.9993510379961266	0.9848859118480018
6.680000000000001	0.9966631573138838	0.9980677214380854	0.9993559071460285	0.9850029404727209
6.69	0.9966945116361482	0.9980823288877915	0.9993607762959306	0.9851191180578447
6.7	0.9967255793561967	0.9980969363374974	0.9993656454458325	0.9852344502070648
6.71	0.9967563629845095	0.9981110422455493	0.999370347415183	0.9853489424933968
6.720000000000001	0.9967868650110521	0.9981251481536012	0.9993750493845337	0.9854626004592817
6.73	0.9968170879054203	0.9981392540616532	0.9993797513538843	0.9855754296166854
6.74	0.9968470341169899	0.9981533599697051	0.999384453323235	0.9856874354472019
6.75	0.996876706075061	0.9981674658777571	0.9993891552925857	0.9857986234021536
6.760000000000001	0.9969061061890042	0.9981810859034098	0.9993936953011366	0.9859089989026931
6.7700000000000005	0.9969352368484061	0.9981947059290626	0.9993982353096875	0.9860185673399078
6.78	0.996964100423212	0.9982083259547153	0.9994027753182384	0.9861273340749207
6.79	0.9969926992638695	0.9982219459803681	0.9994073153267894	0.9862353044389951
6.800000000000001	0.9970210357014706	0.9982355660060208	0.9994118553353403	0.9863424837336383
6.8100000000000005	0.9970491120478938	0.9982487142399702	0.9994162380799901	0.9864488772307054
6.82	0.9970769305959444	0.9982618624739195	0.9994206208246399	0.986554490172504
6.83	0.9971044936194945	0.9982750107078687	0.9994250035692896	0.9866593277718994
6.840000000000001	0.997131803373622	0.9982881589418181	0.9994293863139394	0.9867633952124194
6.8500000000000005	0.9971588620947487	0.9983013071757674	0.9994337690585892	0.9868666976483607
6.86	0.997185672000779	0.9983139985692039	0.999437999523068	0.9869692402048937
6.87	0.9972122352912359	0.9983266899626405	0.9994422299875468	0.9870710279781696
6.88	0.997238554147396	0.998339381356077	0.9994464604520257	0.9871720660354262
6.890000000000001	0.9972646307324269	0.9983520727495135	0.9994506909165045	0.987272359415096
6.9	0.9972904671915201	0.9983647641429501	0.9994549213809834	0.9873719131269115
6.91	0.9973160656520246	0.9983770128764771	0.999459004292159	0.9874707321520142
6.92	0.9973414282235803	0.9983892616100042	0.9994630872033347	0.9875688214430609
6.930000000000001	0.9973665569982504	0.9984015103435313	0.9994671701145104	0.987666185924333
6.94	0.9973914540506515	0.9984137590770583	0.9994712530256861	0.987762830491843
6.95	0.997416121438086	0.9984260078105854	0.9994753359368618	0.9878587600134443
6.96	0.9974405612006694	0.9984378277114186	0.9994792759038063	0.9879539793289386
6.970000000000001	0.9974647753614618	0.9984496476122519	0.9994832158707506	0.9880484932501858
6.98	0.9974887659265937	0.9984614675130851	0.999487155837695	0.9881423065612116
6.99	0.9975125348853958	0.9984732874139183	0.9994910958046395	0.9882354240183177
7.	0.9975360842105242	0.9984851073147515	0.9994950357715838	0.9883278503501906
7.010000000000001	0.9975594158580869	0.9984965118609552	0.9994988372869851	0.9884195902580112
7.0200000000000005	0.9975825317677678	0.998507916407159	0.9995026388023863	0.9885106484155655
7.03	0.9976054338629531	0.9985193209533628	0.9995064403177876	0.9886010294693518
7.04	0.9976281240508532	0.9985307254995666	0.9995102418331888	0.9886907380386935
7.050000000000001	0.997650604222627	0.9985421300457703	0.9995140433485901	0.9887797787158474
7.0600000000000005	0.9976728762535019	0.998553132370716	0.9995177107902387	0.9888681560661143
7.07	0.9976949420028978	0.9985641346956616	0.9995213782318871	0.9889558746279505
7.08	0.9977168033145458	0.9985751370206074	0.9995250456735357	0.9890429389130754
7.090000000000001	0.9977384620166093	0.9985861393455531	0.9995287131151843	0.9891293534065854
7.1000000000000005	0.9977599199218017	0.9985971416704988	0.9995323805568329	0.9892151225670619
7.11	0.9977811788275056	0.998607754567524	0.9995359181891746	0.9893002508266834
7.12	0.9978022405158914	0.9986183674645492	0.9995394558215164	0.9893847425913357
7.13	0.9978231067540325	0.9986289803615744	0.9995429934538581	0.9894686022407232
7.140000000000001	0.9978437792940225	0.9986395932585996	0.9995465310861998	0.989551834128479
7.15	0.9978642598730902	0.9986502061556248	0.9995500687185416	0.9896344425822764
7.16	0.9978845502137142	0.9986604420828741	0.9995534806942914	0.9897164319039395
7.17	0.9979046520237376	0.9986706780101232	0.9995568926700411	0.9897978063695554
7.180000000000001	0.9979245669964802	0.9986809139373723	0.9995603046457908	0.989878570229583
7.19	0.9979442968108518	0.9986911498646216	0.9995637166215405	0.9899587277089664
7.2	0.9979638431314639	0.9987013857918707	0.9995671285972902	0.9900382830072442
7.21	0.9979832076087405	0.9987112568772994	0.9995704189590998	0.9901172402986613
7.220000000000001	0.9980023918790282	0.9987211279627282	0.9995737093209094	0.9901956037322804
7.23	0.9980213975647066	0.9987309990481569	0.999576999682719	0.9902733774320925
7.24	0.9980402262742967	0.9987408701335857	0.9995802900445285	0.9903505654971273
7.25	0.9980588796025691	0.9987507412190144	0.9995835804063381	0.9904271720015655
7.260000000000001	0.9980773591306522	0.9987602592655389	0.999586753088513	0.9905032009948492
7.2700000000000005	0.9980956664261376	0.9987697773120635	0.9995899257706878	0.9905786565017928
7.28	0.9981138030431876	0.9987792953585881	0.9995930984528627	0.9906535425226937
7.29	0.9981317705226405	0.9987888134051126	0.9995962711350376	0.9907278630334431
7.300000000000001	0.9981495703921137	0.9987983314516372	0.9995994438172124	0.9908016219856383
7.3100000000000005	0.9981672041661102	0.9988075079424127	0.9996025026474709	0.9908748233066906
7.32	0.9981846733461198	0.9988166844331883	0.9996055614777294	0.990947470899938
7.33	0.9982019794207228	0.9988258609239639	0.9996086203079879	0.9910195686447563
7.340000000000001	0.998219123865692	0.9988350374147393	0.9996116791382464	0.9910911203966672
7.3500000000000005	0.9982361081440934	0.9988442139055149	0.999614737968505	0.9911621299874507
7.36	0.9982529337063869	0.9988530600093264	0.9996176866697755	0.9912326012252549
7.37	0.998269601990527	0.9988619061131379	0.999620635371046	0.9913025378947061
7.38	0.9982861144220613	0.9988707522169494	0.9996235840723164	0.9913719437570186
7.390000000000001	0.9983024724142289	0.9988795983207609	0.9996265327735869	0.9914408225501052
7.4	0.9983186773680592	0.9988884444245724	0.9996294814748574	0.9915091779886873
7.41	0.9983347306724683	0.9988969710013229	0.9996323236671076	0.991577013764403
7.42	0.9983506337043555	0.9989054975780733	0.9996351658593579	0.9916443335459195
7.430000000000001	0.9983663878287005	0.9989140241548238	0.999638008051608	0.9917111409790401
7.44	0.9983819943986569	0.9989225507315743	0.9996408502438582	0.9917774396868145
7.45	0.9983974547556486	0.9989310773083248	0.9996436924361083	0.991843233269649
7.46	0.9984127702294618	0.9989392949146065	0.9996464316382021	0.9919085253054131
7.470000000000001	0.9984279421383403	0.9989475125208884	0.9996491708402961	0.9919733193495511
7.48	0.9984429717890768	0.9989557301271702	0.9996519100423901	0.9920376189351889
7.49	0.9984578604771053	0.9989639477334521	0.999654649244484	0.9921014275732438
7.5	0.9984726094865926	0.9989721653397339	0.9996573884465779	0.9921647487525324
7.510000000000001	0.9984872200905293	0.9989800842344692	0.9996600280781563	0.9922275859398783
7.5200000000000005	0.9985016935508197	0.9989880031292045	0.9996626677097348	0.992289942580222
7.53	0.9985160311183708	0.9989959220239399	0.9996653073413133	0.9923518220967262
7.54	0.9985302340331823	0.9990038409186752	0.9996679469728917	0.9924132278908857
7.550000000000001	0.9985443035244331	0.9990117598134106	0.9996705866044702	0.9924741633426337
7.5600000000000005	0.9985582408105713	0.9990193899635483	0.9996731299878494	0.9925346318104498
7.57	0.9985720470993992	0.999027020113686	0.9996756733712286	0.9925946366314666
7.58	0.9985857235881602	0.9990346502638237	0.9996782167546079	0.992654181121577
7.590000000000001	0.9985992714636254	0.9990422804139614	0.9996807601379871	0.9927132685755401
7.6000000000000005	0.9986126919021777	0.9990499105640991	0.9996833035213664	0.992771902267089
7.61	0.9986259860698975	0.9990572616503555	0.9996857538834518	0.9928300854490366
7.62	0.9986391551226453	0.9990646127366117	0.9996882042455373	0.9928878213533805
7.63	0.9986522002061463	0.999071963822868	0.9996906546076226	0.9929451131914107
7.640000000000001	0.9986651224560722	0.9990793149091244	0.9996931049697081	0.9930019641538145
7.65	0.9986779229981249	0.9990866659953807	0.9996955553317936	0.9930583774107801
7.66	0.9986906029481156	0.9990937474180126	0.9996979158060042	0.9931143561121053
7.67	0.9987031634120481	0.9991008288406447	0.999700276280215	0.9931699033872994
7.680000000000001	0.9987156054861996	0.9991079102632768	0.9997026367544256	0.9932250223456891
7.69	0.9987279302571969	0.9991149916859089	0.9997049972286364	0.9932797160765231
7.7	0.9987401388020996	0.999122073108541	0.999707357702847	0.9933339876490754
7.71	0.9987522321884776	0.9991288939931421	0.9997096313310474	0.9933878401127502
7.720000000000001	0.9987642114744881	0.9991357148777431	0.9997119049592477	0.993441276497185
7.73	0.998776077708955	0.999142535762344	0.999714178587448	0.9934942998123543
7.74	0.9987878319314436	0.999149356646945	0.9997164522156483	0.9935469130486722
7.75	0.9987994751723398	0.9991561775315461	0.9997187258438487	0.9935991191770961
7.760000000000001	0.9988110084529229	0.9991627467348516	0.9997209155782839	0.9936509211492293
7.7700000000000005	0.9988224327854446	0.9991693159381572	0.9997231053127191	0.9937023218974218
7.78	0.9988337491731996	0.9991758851414627	0.9997252950471542	0.993753324334875
7.79	0.9988449586106034	0.9991824543447684	0.9997274847815895	0.9938039313557413
7.800000000000001	0.9988560620832638	0.9991890235480739	0.9997296745160247	0.9938541458352266
7.8100000000000005	0.9988670605680553	0.9991953496637708	0.9997317832212569	0.9939039706296915
7.82	0.99887795503319	0.9992016757794676	0.9997338919264892	0.993953408576752
7.83	0.9988887464382922	0.9992080018951645	0.9997360006317215	0.9940024624953805
7.840000000000001	0.9988994357344675	0.9992143280108613	0.9997381093369537	0.994051135186006
7.8500000000000005	0.998910023864375	0.9992206541265581	0.999740218042186	0.9940994294306144
7.86	0.9989205117622971	0.9992267454910853	0.9997422484970284	0.9941473479928481
7.87	0.9989309003542108	0.9992328368556125	0.9997442789518708	0.9941948936181053
7.88	0.9989411905578554	0.9992389282201396	0.9997463094067132	0.9942420690336408
7.890000000000001	0.9989513832828024	0.9992450195846667	0.9997483398615555	0.9942888769486613
7.9	0.9989614794305237	0.9992511109491938	0.9997503703163979	0.994335320054429
7.91	0.9989714798944593	0.9992569756475287	0.9997523252158429	0.9943814010243558
7.92	0.9989813855600848	0.9992628403458635	0.9997542801152878	0.994427122514103
7.930000000000001	0.9989911973049775	0.9992687050441983	0.9997562350147328	0.9944724871616789
7.94	0.9990009159988847	0.9992745697425331	0.9997581899141776	0.9945174975875368
7.95	0.9990105425037875	0.999280434440868	0.9997601448136226	0.9945621563946706
7.96	0.9990200776739668	0.9992860803122889	0.999762026770763	0.9946064661687127
7.970000000000001	0.9990295223560686	0.99929172618371	0.9997639087279033	0.9946504294780303
7.98	0.9990388773891675	0.999297372055131	0.9997657906850437	0.994694048873821
7.99	0.9990481436048321	0.9993030179265521	0.999767672642184	0.9947373268902092
8.	0.9990573218271861	0.9993086637979731	0.9997695545993244	0.9947802660443421